countrycode,year,rgdpe,avh,hc,rgdpe_pct_change_1y,rgdpe_pct_change_2y,rgdpe_pct_change_3y,rgdpe_pct_change_5y,rgdpe_pct_change_10y,rgdpe_acceleration,rgdpe_zscore_3y,rgdpe_zscore_5y,rgdpe_zscore_10y,rgdpe_vs_global,rgdpe_percentile,rgdpe_lag1,rgdpe_lag2,avh_pct_change_1y,avh_pct_change_2y,avh_pct_change_3y,avh_pct_change_5y,avh_pct_change_10y,avh_acceleration,avh_zscore_3y,avh_zscore_5y,avh_zscore_10y,avh_vs_global,avh_percentile,avh_lag1,avh_lag2,hc_pct_change_1y,hc_pct_change_2y,hc_pct_change_3y,hc_pct_change_5y,hc_pct_change_10y,hc_acceleration,hc_zscore_3y,hc_zscore_5y,hc_zscore_10y,hc_vs_global,hc_percentile,hc_lag1,hc_lag2,recession,recession_last_year,recession_next_year
AUS,1960,179025.03125,1849.46,2.74675846099854,1.1820376481256112,8.551231272177851,15.749137508650168,18.34116242367154,32.08339688151081,-6.101066937768995,0.7092739088787549,1.1104606022532955,1.4523676830143177,-473430.30878906255,40.0,176933.609375,164922.15625,-0.9246164395303014,-1.8406275542157235,-2.7485500044696187,-4.539072984412096,-8.872048563207057,-5.669343924319392e-05,-0.9984585878581652,-1.2589663385275893,-1.4678222923754969,-235.9033333333332,11.11111111111111,1866.72,1884.14,0.3239506566748318,0.6489694277428848,0.9750212432717564,1.630320870069113,2.9789116847191544,-1.8613814045664867e-05,1.0005290786216476,1.2669519006483176,1.5504732245029145,0.544457304477695,100.0,2.73788905143738,2.72904777526855,0,0,0
AUS,1961,183802.375,1846.05,2.76815295219421,2.6685339567563915,3.88211468090387,11.44795773915308,18.76729636455532,45.253538434790855,1.4864963086307803,1.1025947150418876,1.0053825904672316,1.3828582496109392,-487140.1119140625,40.0,179025.03125,176933.609375,-0.18437814280926057,-1.107289791720245,-2.0216119821244827,-3.825515243711841,-8.191430106029562,0.7402382967210408,-0.724336855062352,-1.0022387735772968,-1.2889594367252488,-225.83444444444444,11.11111111111111,1849.46,1866.72,0.7788996192949593,1.1053735264013431,1.4329238674398725,2.091183305353894,3.5077529573386723,0.4549489626201275,1.106796881815125,1.508406244547818,1.8110892321745957,0.5462758421897846,100.0,2.74675846099854,2.73788905143738,0,0,0
AUS,1962,194545.03125,1842.64,2.78971362113953,5.844677605498849,8.669178768820917,9.953689373777298,25.78363716264338,57.08700824131094,3.1761436487424577,1.1013293907703365,1.3654052683231936,1.6296491188700786,-515179.476171875,40.0,183802.375,179025.03125,-0.18471872376153442,-0.36875628561849894,-1.2899631439101666,-3.107170839183271,-7.505421251305111,-0.0003405809522738501,-1.0000000000009222,-0.8714636226856931,-1.1573653210417678,-220.2622222222219,11.11111111111111,1846.05,1849.46,0.7788828622432131,1.5638491971869284,1.8928659536054715,2.5541183023439995,4.039311007279722,-1.6757051746196794e-05,1.0012870467361419,1.4422792021937187,1.8737659990921678,0.548394906520846,90.0,2.76815295219421,2.74675846099854,0,0,0
AUS,1963,211106.921875,1839.24,2.81144237518311,8.51313987233997,14.855383057482264,17.920337955533803,28.00397877104521,53.96629932440247,2.6684622668411206,1.0630239602828162,1.5656532614585927,1.8684934330160239,-534094.779296875,40.0,194545.03125,183802.375,-0.1845178656709967,-0.3688957503859558,-0.5525937300617456,-2.3830500918190833,-6.814474044200347,0.00020085809053771442,-0.9995101645362363,-0.8950243088062053,-1.0611895608797943,-226.1733333333334,11.11111111111111,1842.64,1846.05,0.7788883374596933,1.5638378274793752,2.3549181736589597,3.019170300397267,4.573587534647938,5.475216480199663e-06,1.0012917578424996,1.3406527631853982,1.8391782567027104,0.550492954254155,90.0,2.78971362113953,2.76815295219421,0,0,0
AUS,1964,220510.265625,1835.85,2.83334064483643,4.454303850618357,13.346644840100485,19.971390807654153,24.628817783082656,51.016278758449715,-4.058836021721612,0.8968109828265303,1.2838501555703012,1.725617106680772,-576078.8203125,40.0,211106.921875,194545.03125,-0.18431526065114667,-0.3684930317370827,-0.5525310798732419,-1.6537027513499725,-6.117679546709764,0.00020260501985003287,-0.9995087206612544,-1.2634232088523965,-0.9968732872772235,-229.4655555555555,11.11111111111111,1839.24,1842.64,0.7788980434604742,1.5638531269413614,2.354916573180965,3.4863207239510974,5.110621443451779,9.70600078087358e-06,1.0012926686121733,1.269814531008852,1.7711083530465566,0.5528281569480917,90.0,2.81144237518311,2.78971362113953,0,0,0
AUS,1965,224177.796875,1832.46,2.8554093837738,1.6632020462199248,6.19158996962661,15.231828556402661,25.221481772538446,48.18855713376795,-2.7911018043984326,0.8275778151704413,1.0068876898084105,1.4752657653873475,-623255.057421875,40.0,220510.265625,211106.921875,-0.1846556091183893,-0.36863052130227114,-0.5524681978031576,-0.9191872222162112,-5.41653762774853,-0.0003403484672426238,-1.0000000000011098,-1.263792939988419,-0.967997792965652,-229.18777777777814,11.11111111111111,1835.85,1839.24,0.7788946584163625,1.5638594971318476,2.35492855382895,3.955605282299257,5.650415210823256,-3.385044111681168e-06,1.0012898943330049,1.269815217337756,1.698743185755632,0.5556043624877902,90.0,2.83334064483643,2.81144237518311,0,0,0
AUS,1966,239058.3125,1829.08,2.87764978408813,6.637818656634087,8.411421038575506,13.240395140406847,30.062689614320814,54.4719400339521,4.974616610414162,1.1344002953929646,1.2856238713767314,1.5909794106494155,-662786.22265625,40.0,224177.796875,220510.265625,-0.18445150235203434,-0.36876651142522254,-0.5524020791196405,-0.9192600417106789,-4.709608852397529,0.00020410676635496117,-0.9995072682492823,-1.2637910139226274,-0.9863229779959665,-226.38777777777796,22.22222222222222,1832.46,1835.85,0.7788865736980899,1.5638479380321035,2.3549267624846104,3.9555918254851496,6.129493806721542,-8.084718272627356e-06,1.001288887037339,1.2698101515743192,1.6301715899199518,0.559159791469571,90.0,2.8554093837738,2.83334064483643,0,0,0
AUS,1967,248794.890625,1825.71,2.90006351470947,4.072888335560387,10.981057933996174,12.826897160470917,27.885502408584383,60.85903633323737,-2.5649303210736996,0.9236500096793364,1.3316798476368759,1.5578705403493576,-686938.750390625,40.0,239058.3125,224177.796875,-0.18424563168367714,-0.3683572902000609,-0.5523327069204886,-0.9187904311205641,-3.997412881954854,0.0002058706683571998,-0.9995058072239253,-1.2634144066262036,-1.0766254826184283,-221.0966666666668,22.22222222222222,1829.08,1832.46,0.7788901465799025,1.5638433910535543,2.3549187421088247,3.9555993394355893,6.610748328475502,3.5728818126301576e-06,1.00129135847997,1.2698103139742059,1.5718280675787804,0.5627253174781792,90.0,2.87764978408813,2.8554093837738,0,0,0
AUS,1968,268782.0625,1822.34,2.92265176773071,8.033594188686921,12.433681844884603,19.896825754724958,27.320345592055205,62.97510814287575,3.960705853126534,1.0934899164773226,1.4550423229252591,1.7228685447753875,-720583.694140625,40.0,248794.890625,239058.3125,-0.18458572281468966,-0.3684912633673765,-0.5522630780480986,-0.9188577890868022,-3.2800110395193705,-0.000340091131012521,-1.00000000000169,-1.2637863117993504,-1.267668411307614,-213.298888888889,22.22222222222222,1825.71,1829.08,0.7788882176776202,1.5638450478378862,2.35491220064703,3.9555992158778253,7.09419579300361,-1.9289022823443247e-06,1.0012901916875723,1.2698115218418002,1.5275766039394005,0.5663005590438819,90.0,2.90006351470947,2.87764978408813,0,0,0
AUS,1969,289335.46875,1818.98,2.94541621208191,7.646866780777084,16.29477921478115,21.03133571228568,31.211790947657846,63.527703850075824,-0.38672740790983706,1.0046230374442247,1.3829955849177533,1.7542310641182202,-748481.616015625,40.0,268782.0625,248794.890625,-0.18437832676667654,-0.36862371351419343,-0.55219017210838,-0.918920391099487,-2.5574269306591235,0.00020739604801311984,-0.9995043375086398,-1.2637843628051237,-1.482466517900069,-222.41625,25.0,1822.34,1825.71,0.7788969114468136,1.5638518653955602,2.354922700062123,3.955598048181397,7.579823606642466,8.69376919343523e-06,1.001292452666688,1.2698150704636186,1.501688472884804,0.569885575771333,90.0,2.92265176773071,2.90006351470947,0,0,0
AUS,1970,298448.15625,1815.62,2.96835780143738,3.149523125999387,11.037229744451427,19.957510180480618,33.13011386957856,66.70750127295398,-4.497343654777697,0.8506203099383516,1.1628672705288985,1.5702952624630486,-773550.365234375,40.0,289335.46875,268782.0625,-0.18471890839921734,-0.3687566535333753,-0.5526617042137083,-0.9189832247361585,-1.829723270576289,-0.000340581632540804,-1.0000000000019542,-1.2641588688209267,-1.4828328356144616,-189.10333333333324,22.22222222222222,1818.98,1822.34,0.7788912569084427,1.5638549282988468,2.3549238277545737,3.9555945394528225,8.067667528301016,-5.6545383708694885e-06,1.0012894087364053,1.2698129674256509,1.5016883842191284,0.57347984313965,90.0,2.94541621208191,2.92265176773071,0,0,0
AUS,1971,307636.4375,1798.2,2.99199271202087,3.0786858814779494,6.3251729312913785,14.455717259778078,28.686776997139553,67.37348334046283,-0.0708372445214378,1.0013740149213455,1.0539983312086287,1.4650320335891573,-810975.8101562499,40.0,298448.15625,289335.46875,-0.95945186768156,-1.142398487064178,-1.3246704786153973,-1.6882804470006674,-2.5920208011700585,-0.7747329592823426,-1.1415291436709485,-1.6753469741228246,-2.123547940898235,-186.07888888888874,22.22222222222222,1815.62,1818.98,0.7962284928065388,1.5813215038304573,2.372535279630661,3.9734831029472506,8.086249701239634,0.017337235898096104,1.0049247699650643,1.2754262575488116,1.5066025006628414,0.578424584865568,90.0,2.96835780143738,2.94541621208191,0,0,0
AUS,1972,322888.53125,1779.19,3.01581621170044,4.9578307023530055,8.189152617691864,11.596594999208865,29.781013765543452,65.9711014850193,1.879144820875056,1.0717622508514348,1.2580583823742093,1.4983358116085725,-862496.2699218751,40.0,307636.4375,298448.15625,-1.0571682793904968,-2.0064771262709113,-2.187489692025202,-2.5480497998039087,-3.4434289931836948,-0.09771641170893686,-1.014226497409492,-1.5328984551945206,-2.1962540530379484,-194.49333333333334,33.33333333333333,1798.2,1815.62,0.7962419020559386,1.598810299758302,2.3901545503061117,3.9913848922224826,8.104867426089157,1.3409249399742862e-05,1.0013219567390808,1.2753843431855763,1.5092936099046732,0.5833551406860349,90.0,2.99199271202087,2.96835780143738,0,0,0
AUS,1973,339850.59375,1766.72,3.03982925415039,5.253225450385202,10.471502176981229,13.87257271756055,26.440950184315227,60.98505474454852,0.2953947480321961,1.017216184610606,1.4065875947583977,1.521312784839841,-923411.8335937499,40.0,322888.53125,307636.4375,-0.7008807378638626,-1.7506395284173082,-2.6932948524470923,-3.052119802012787,-3.9429329505665356,0.3562875415266342,-0.9241258058130579,-1.2796616973013786,-1.948174278257531,-195.04888888888877,33.33333333333333,1779.19,1798.2,0.7962369310433148,1.5988188051838659,2.4077775488656084,4.009286625024866,8.123477151204472,-4.971012623755655e-06,1.0013181468583252,1.272623623388145,1.5102020743466986,0.5882702827453601,90.0,3.01581621170044,2.99199271202087,0,0,1
AUS,1974,328389.1875,1782.85,3.06403350830078,-3.37248380929156,1.7035774633138212,6.745868652181364,13.497729441440963,48.92240348504182,-8.62570925967676,-0.22959969432233734,0.5423295726577327,1.0415982447063534,-919221.109375,30.0,339850.59375,322888.53125,0.912991305922839,0.2057115878573823,-0.8536314091869723,-1.9862780239474964,-2.886946101261001,1.6138720437867016,0.78007142391342,-0.3004503937726996,-1.0299560870826683,-157.77777777777806,44.44444444444444,1766.72,1779.19,0.7962372925170991,1.5988141589421634,2.407786489267605,4.027182838619181,8.142080052561695,3.61473784238342e-07,1.0013192504025878,1.269921534954255,1.5097731146759399,0.5931694746017437,90.0,3.03982925415039,3.01581621170044,1,0,0
AUS,1975,329764.53125,1770.48,3.08843040466309,0.4188151749058511,-2.9677931083502807,2.1295274791522933,10.493070352147637,47.09955037780769,3.791298984197411,-0.46396920921532536,0.34357697716529545,0.9197929942283948,-932139.7906249999,30.0,328389.1875,339850.59375,-0.6938329079844041,0.21282376381090984,-0.48954861481910195,-2.4862030601116913,-3.3823384957925473,-1.606824213907243,-0.34007532291438397,-0.7320331974086719,-1.2529594522295597,-140.6922222222222,44.44444444444444,1782.85,1766.72,0.7962346461360958,1.5988118558416753,2.407779117339093,4.045085237620838,8.160686947849193,-2.6463810032240076e-06,1.0013186239102456,1.269919382971696,1.5084367798695808,0.598052012920383,90.0,3.06403350830078,3.03982925415039,0,1,0
AUS,1976,343436.875,1780.18,3.11302161216736,4.14609287972052,4.582272520772324,1.055252312620092,11.637255258489976,43.662385720220456,3.727277704814669,1.1507488792247356,1.242052414574139,1.1377186172463987,-987833.1609375,30.0,329764.53125,328389.1875,0.5478740228638479,-0.1497602153854749,0.7618637927911731,-1.0021132243354436,-2.6734751897128484,1.241706930848252,0.35999075095829974,0.6215447815975784,-0.6928160493481474,-129.53222222222212,44.44444444444444,1770.48,1782.85,0.7962364140419398,1.5988109703717779,2.407778592071841,4.045093414172918,8.179307620430777,1.7679058439412643e-06,1.0013195398571673,1.2699206642527348,1.5066083933549161,0.6026747822761562,90.0,3.08843040466309,3.06403350830078,0,0,0
AUS,1977,345856.90625,1781.86,3.13780879974365,0.7046509638779952,4.879959327038752,5.319212512135474,7.113406881031792,39.012865329014424,-3.4414419158425247,0.7111581748087108,1.054936685764198,1.1097898520829221,-1048375.11015625,30.0,343436.875,329764.53125,0.09437247918748781,0.6427635443495561,-0.0555290686260812,0.15006828950252515,-2.4018053250516314,-0.4535015436763601,0.7086686539707961,0.7432344503608402,-0.4738135253516145,-120.35333333333324,44.44444444444444,1780.18,1770.48,0.7962420652464663,1.5988184485558055,2.4077834411081245,4.045093582623394,8.197933728978946,5.651204526557763e-06,1.001320352364424,1.2699228258532196,1.5046829355163907,0.6073110103607142,90.0,3.11302161216736,3.08843040466309,0,0,0
AUS,1978,363166.5625,1782.66,3.16279315948486,5.00486066266026,5.744778425438435,10.12905515441178,6.860652645247889,35.115624577811985,4.300209698782265,1.1473768662644306,1.4881580967333168,1.582284245233379,-1118940.69296875,30.0,345856.90625,343436.875,0.044896905480795724,0.13931175499106718,0.6879490307713176,0.9022369136026054,-2.1774202399113096,-0.04947557370669209,0.8637802321382764,0.586267037938169,-0.2834132156145312,-112.6099999999999,44.44444444444444,1781.86,1780.18,0.7962358873890407,1.5988179177094608,2.407784702206439,4.045092505330117,8.216558483141089,-6.177857425626598e-06,1.0013178955196045,1.2699209899654162,1.5030340818349317,0.6119599699974034,90.0,3.13780879974365,3.11302161216736,0,0,0
AUS,1979,375676.375,1787.7,3.18797659873962,3.4446487622328936,8.621909295760965,9.387314626596233,14.39973948594151,29.84110680346721,-1.5602119004273662,0.9422852933796734,1.3418546147614272,1.7108275739753989,-1164762.23046875,30.0,363166.5625,345856.90625,0.282723570394805,0.32774741000978214,0.4224291925535528,0.2720363462994646,-1.7196450758117154,0.23782666491400928,1.1454484753583842,1.130547571980885,0.22690006545910918,-104.17111111111103,44.44444444444444,1782.66,1781.86,0.796240474317389,1.5988163141128497,2.407788827398294,4.045095789685904,8.23518203175302,4.586928348260244e-06,1.0013201296162042,1.2699212906500574,1.5020304037142878,0.6167689442634541,90.0,3.16279315948486,3.13780879974365,0,0,0
AUS,1980,387803.0,1785.37,3.21336030960083,3.227944530714777,6.783784644270496,12.128164276031427,17.59997308685697,29.939820996967548,-0.21670423151811669,0.9947753287452451,1.2918077429688855,1.7502186775855821,-1152931.4953125,30.0,375676.375,363166.5625,-0.13033506740505185,0.15202001503369367,0.1969851727969596,0.8410148660250361,-1.666097531421773,-0.41305863779985685,0.05021699484710261,0.6092388882011915,0.4419736379460779,-100.09555555555562,44.44444444444444,1787.7,1782.66,0.7962326596514524,1.5988130606747086,2.407779271425081,4.045093739172945,8.253806466484992,-7.814665936578535e-06,1.0013175516471557,1.269918887763997,1.50202827514287,0.6222289443016051,90.0,3.18797659873962,3.16279315948486,0,0,0
AUS,1981,406835.4375,1771.21,3.23260474205017,4.907759223110708,8.294123499248517,12.024475683936341,18.460033594237668,32.24553008289208,1.6798146923959312,1.0651919679120805,1.331576474466976,1.871221569971144,-1165740.140625,40.0,387803.0,375676.375,-0.793112912169458,-0.9224142753258335,-0.6422985875040643,-0.5038816299475335,-1.500945389834274,-0.6627778447644062,-1.1448193564531715,-1.6658218906165525,-1.0913342217556592,-99.1044444444442,44.44444444444444,1785.37,1787.7,0.5988880982889411,1.3998893005737312,2.2072762600979123,3.841384506147172,8.041865511991308,-0.19734456136251133,0.9511497029254112,1.2019738672964448,1.4460034034573563,0.6213575720787041,90.0,3.21336030960083,3.18797659873962,0,0,1
AUS,1982,397682.46875,1750.51,3.25196480751038,-2.24979633196285,2.5475483041647484,5.857726281031117,14.984683423536517,23.164011806318996,-7.157555555073558,0.025441605033084447,0.6606308733928448,1.2495946008800978,-1161353.40390625,40.0,406835.4375,387803.0,-1.1686925886823185,-1.9525364490273645,-2.0803266767354778,-1.7593974835284465,-1.6119694917350103,-0.3755796765128605,-1.0563572296888804,-1.6291462374237733,-2.244060438725067,-111.2644444444445,44.44444444444444,1771.21,1785.37,0.5988998657451505,1.2013747040507061,2.007173101460591,3.6380804265720768,7.830337767061413,1.1767456209454963e-05,1.0009969447894753,1.194719624027809,1.4122884838838938,0.620359671115879,90.0,3.23260474205017,3.21336030960083,1,0,0
AUS,1983,420198.40625,1734.47,3.27144050598145,5.661787800395723,3.2846127741760434,8.353572883654836,15.704045922454668,23.642098609692376,7.911584132358573,1.0561898029375034,1.317585421063841,1.534460146523413,-1193111.80703125,40.0,397682.46875,406835.4375,-0.916304391291678,-2.0742881984632033,-2.850949663095037,-2.7032636621677764,-1.8254165911972486,0.25238819739064056,-0.9551632852151912,-1.3672800572697983,-2.2135302686322347,-120.52333333333354,44.44444444444444,1750.51,1771.21,0.5988901978917882,1.2013768162280725,1.8074598172850065,3.4351707815849064,7.6192191227462125,-9.667853362316237e-06,1.000991016876784,1.2279052910060622,1.3968981817412696,0.6192310094833422,90.0,3.25196480751038,3.23260474205017,0,1,0
AUS,1984,435226.0,1753.62,3.29103326797485,3.5763090783974105,9.440579909898283,6.978389757406522,15.851309521393242,32.53359628352563,-2.085478721998313,0.9273852936566399,1.375546815370369,1.5575479999028734,-1278867.3375,40.0,420198.40625,397682.46875,1.1040836682098876,0.17766250978286102,-0.9931064074841567,-1.906360127538187,-1.6395097736769837,2.0203880595015655,0.722014355432563,-0.2753819267413272,-0.9070388247619876,-107.84222222222229,44.44444444444444,1734.47,1750.51,0.5989032035758068,1.2013801740486718,1.8074751040433101,3.2326670552090597,7.408527323839786,1.3005684018629893e-05,1.0009972917914838,1.2686879738680747,1.396911616853411,0.6179684281349149,90.0,3.27144050598145,3.25196480751038,0,0,0
AUS,1985,449240.59375,1745.54,3.31074285507202,3.2200727323275613,6.911541564182211,12.964646181678074,15.842475109785115,36.230719552256275,-0.3562363460698492,0.9881728818295901,1.3133952506833035,1.5671524526828748,-1343963.87890625,40.0,435226.0,420198.40625,-0.4607611683260848,0.6382353110748529,-0.2839172583989802,-2.23091011947103,-1.4086575391984102,-1.5648448365359724,0.10367014739616243,-0.41258989927268985,-1.121456824265875,-111.46444444444455,44.44444444444444,1753.62,1734.47,0.5988875071232025,1.201377467164999,1.807462596947329,3.0305516994229453,7.198234095651634,-1.5696452604352373e-05,1.0009893497052094,1.26868089910755,1.40954083949072,0.6165671706199642,90.0,3.29103326797485,3.27144050598145,0,0,0
AUS,1986,457544.375,1750.05,3.33057069778442,1.8484040323882622,5.127996718946015,8.887698809543032,12.464238074147605,33.22517420413868,-1.371668699939299,0.9048857069864934,1.0715171337784897,1.4497783308725818,-1416550.428125,40.0,449240.59375,435226.0,0.2583727671666036,-0.20357888254011192,0.8982571044757082,-1.1946635350974844,-1.692525474951978,0.7191339354926884,0.07738339831320405,0.4287927082576067,-0.7294931162586755,-100.83222222222207,44.44444444444444,1745.54,1753.62,0.5988940724292124,1.201368281333104,1.8074665180325633,3.0305578179693704,6.9883577025858346,6.565306009953531e-06,1.0009955004648365,1.268682969878273,1.4313987024155252,0.616186082363126,90.0,3.31074285507202,3.29103326797485,0,0,0
AUS,1987,493181.53125,1748.07,3.35051727294922,7.788786879961096,9.781159163112685,13.316192334557208,24.013898022755132,42.5969880426524,5.940382847572834,1.1362910520977456,1.531605020459887,1.841752166856794,-1468273.53515625,40.0,457544.375,449240.59375,-0.1131396245821592,0.1449408206056546,-0.3164881787388385,-0.13938794979748703,-1.896333045244858,-0.3715123917487628,0.08110004021031882,0.23665578279614405,-0.673670363397017,-98.70222222222242,44.44444444444444,1750.05,1745.54,0.5988936123790811,1.2013744231529788,1.8074568116102308,3.0305514134480793,6.778885737810025,-4.6005013132344175e-07,1.000993562075777,1.268683354390756,1.4578024577088655,0.6156911253929152,90.0,3.33057069778442,3.31074285507202,0,0,0
AUS,1988,527622.5,1745.23,3.37058329582214,6.983426297961159,15.316137369189597,17.4476455023161,25.565088337362063,45.28388747243215,-0.8053605819999365,0.9942619386566947,1.468877880174967,1.9233240119455095,-1545997.87109375,40.0,493181.53125,457544.375,-0.16246488984994478,-0.27542070226564963,-0.017759547188833658,0.6203624161847721,-2.0996712777534676,-0.04932526526778558,-1.0538973906509534,-0.9420335511789252,-0.6646328403144368,-99.97888888888906,44.44444444444444,1748.07,1750.05,0.5988932823873361,1.2013736283795984,1.8074626562568863,3.030554572501587,6.569830079281047,-3.299917450405587e-07,1.0009935974013244,1.2686851063030966,1.4824869364401365,0.615078914165494,90.0,3.35051727294922,3.33057069778442,0,0,0
AUS,1989,550755.3125,1755.12,3.39076972007751,4.384349132192056,11.673953220445132,20.371999437213063,26.544671618883054,46.603659200022896,-2.5990771657691036,0.9285781797406999,1.2579241868912991,1.7721178986707886,-1612040.3718750002,40.0,527622.5,493181.53125,0.5666874853171189,0.40330192726836245,0.28970600839974825,0.08553734560510229,-1.8224534317838659,0.7291523751670637,1.1088954812970053,1.562379792099349,0.08321999187782901,-82.00999999999999,44.44444444444444,1745.23,1748.07,0.598900026603455,1.2013800810183106,1.8074686819630204,3.030551318736241,6.361186008017294,6.744216118903523e-06,1.0009955596256233,1.26868669381476,1.4981424047066354,0.6143458843231162,90.0,3.37058329582214,3.35051727294922,0,0,1
AUS,1990,544639.0,1740.63,3.41107678413391,-1.1105317300048712,3.2251278139199924,10.43377853578129,21.235482184205434,40.442183273466156,-5.494880862196927,0.3031168853908301,0.7658482577022546,1.3354188889270697,-1678277.35,40.0,550755.3125,527622.5,-0.8255845754136293,-0.2635755745660995,-0.4256122466491541,-0.2812883119263865,-2.5059231419817585,-1.3922720607307482,-0.8594232609000412,-1.3309703701485902,-0.9008705452675484,-85.59333333333348,44.44444444444444,1755.12,1745.23,0.5988924560744069,1.2013792497566067,1.807467511766725,3.030556387312866,6.152950664833479,-7.570529048095409e-06,1.000991599065508,1.2686836512749138,1.4981408977764408,0.6137350678443898,90.0,3.39076972007751,3.37058329582214,1,0,0
AUS,1991,545160.0625,1727.68,3.42362284660339,0.09567116934336983,-1.0159230193535373,3.3238845007557583,19.149112586074303,34.00014164203677,1.206202899348241,-0.4988102168906082,0.548272970581516,1.0985137402141771,-1734356.271875,40.0,544639.0,550755.3125,-0.7439835002269302,-1.5634258626190722,-1.0055981160076333,-1.2782491928801987,-2.4576419509826586,0.08160107518669912,-0.9807777879905157,-1.533796031351743,-2.0147081533002984,-84.86333333333323,44.44444444444444,1740.63,1755.12,0.36780357826702303,0.9688987822248363,1.5736015438927886,2.7938800062365043,5.909107973159533,-0.23108887780738385,0.9128046753394004,1.1583859658486215,1.4104347757673947,0.603832364082332,90.0,3.41107678413391,3.39076972007751,0,1,0
AUS,1992,567251.1875,1724.85,3.43621516227722,4.052227321769375,4.151775304375915,2.995136792257447,15.018740880719061,42.63922402287188,3.956556152426005,1.154465289198797,1.4182977758117845,1.2474881039092438,-1813160.7000000002,40.0,545160.0625,544639.0,-0.16380348212632345,-0.9065683114734435,-1.7246683987419686,-1.3283220923647199,-1.465858521230956,0.5801800181006067,-0.7373089227841996,-1.1044156808792902,-1.6880994106682616,-82.94888888888909,44.44444444444444,1727.68,1740.63,0.36780674268261926,0.7369631273103305,1.340269199958266,2.5577510081769006,5.665816380955779,3.164415596224046e-06,1.0006127500393376,1.1382606831598625,1.3549621400183762,0.5943250536918607,90.0,3.42362284660339,3.41107678413391,0,0,0
AUS,1993,590189.375,1740.43,3.4488537311554,4.043744289208728,8.25983332188791,8.363406770356141,11.85826514221815,40.45492943846691,-0.008483032560646642,1.0062111101033506,1.577147670962548,1.3771293418357675,-1897090.19375,40.0,567251.1875,545160.0625,0.9032669507493596,0.7379838859048027,-0.011490092667598706,-0.2750353821559304,0.34362081788672505,1.067070432875683,1.1377953231284528,0.22226867141116452,-0.265866755365472,-59.65111111111105,44.44444444444444,1724.85,1727.68,0.36780493308237183,0.7369644871087822,1.1074786471299447,2.3221629155486756,5.423091902468347,-1.8096002474266015e-06,1.000610505518795,1.1900623788949245,1.326070691730886,0.5846326112747229,90.0,3.43621516227722,3.42362284660339,0,0,0
AUS,1994,621214.6875,1745.08,3.46153879165649,5.256840230307436,9.513157696122065,13.950879793216696,12.793226574641526,42.73381817722286,1.2130959410987074,1.0460460870370194,1.461372243733024,1.5764154310961382,-2000028.859375,40.0,590189.375,567251.1875,0.26717535321729713,1.1728556106328059,1.0071309501759496,-0.5720406581886106,-0.4869926209783215,-0.6360915975320625,0.7827082353732712,1.050345567194849,0.2965864205388774,-53.748888888888814,44.44444444444444,1740.43,1724.85,0.36780511700160723,0.736962855448442,1.107480197204458,2.08710934157339,5.180911579984171,1.8391923539695654e-07,1.0006114041965362,1.2672316788407259,1.3206659978459436,0.574752080440518,90.0,3.4488537311554,3.43621516227722,0,0,0
AUS,1995,653724.25,1746.31,3.4742705821991,5.233225027378308,10.765167536267484,15.244227672947797,20.028909057192013,45.517626655928176,-0.02361520292912811,1.0076954085452725,1.352441324925086,1.7131690465233176,-2124001.4828125,40.0,621214.6875,590189.375,0.0704838746647729,0.33784754342316425,1.24416615937617,0.32631863175975884,0.04411242366260115,-0.19669147855252422,0.764186192696461,0.9462169814789361,0.41676247152354673,-55.532222222222344,44.44444444444444,1745.08,1740.43,0.3678072472652172,0.7369651781429676,1.107480705505659,1.852605557257636,4.939306200617688,2.1302636099562733e-06,1.0006122848374348,1.2672326873374493,1.336512658165563,0.5646807551383994,90.0,3.46153879165649,3.4488537311554,0,0,0
AUS,1996,688638.375,1748.8,3.48704934120178,5.340803098554159,10.85352437034901,16.68091703616319,26.318566301800583,50.50745078004728,0.10757807117585116,1.011673390266422,1.326876362572719,1.8295442454485777,-2273600.0203125,40.0,653724.25,621214.6875,0.1425863678270245,0.21317074288857984,0.48091563579115704,1.2224486015928848,-0.0714265306705486,0.07210249316225159,1.0922152268504135,0.8047348156404347,0.6993331180828309,-62.45888888888885,44.44444444444444,1746.31,1745.08,0.3678112772261821,0.736971361025307,1.1074870964036032,1.8526133701121994,4.698253170889122,4.029960964935242e-06,1.0006131475885123,1.2672360179578124,1.3705023409223371,0.5549774765968292,90.0,3.4742705821991,3.46153879165649,0,0,0
AUS,1997,723622.3125,1746.24,3.49987483024597,5.080160904480535,10.69228539403273,16.485061776650276,27.566469395888227,46.72534688513845,-0.26064219407362366,1.0003327589844633,1.28879374559401,1.804605112390479,-2364800.1359375,40.0,688638.375,653724.25,-0.14638609332112695,-0.0040084521075844926,0.06647259724483767,1.240107835463955,-0.10468688324838382,-0.28897246114815145,-0.6011856532840042,0.2820134149037936,0.4519498802374658,-63.12888888888892,44.44444444444444,1748.8,1746.31,0.36780348624976256,0.7369675861764291,1.1074854536335943,1.8526100655048117,4.4577462263097445,-7.790976419563833e-06,1.0006078076345095,1.2672298582277606,1.416442828374641,0.545078837871551,90.0,3.48704934120178,3.4742705821991,0,0,0
AUS,1998,755806.125,1735.3,3.5127477645874,4.447598138428055,9.75370418472541,15.615433418601189,28.0616285238954,43.247515979701404,-0.6325627660524802,0.9858183156565249,1.253361516730647,1.690809655967848,-2450088.4875,40.0,723622.3125,688638.375,-0.6264889133223428,-0.7719579139981669,-0.6304722529218765,-0.2947547445171672,-0.5689794468350939,-0.48010282000121585,-1.1361534660755548,-1.7277434330036934,-0.6078422817712549,-74.0766666666666,44.44444444444444,1746.24,1748.8,0.3678112779972098,0.7369675869502768,1.1074895140707586,1.8526165042840104,4.2178001932625,7.791747447249975e-06,1.0006148428125603,1.2672331230521987,1.462909588777814,0.5349821448326093,90.0,3.49987483024597,3.48704934120178,0,0,0
AUS,1999,793866.3125,1723.86,3.52566766738892,5.0357077352343405,9.70727391715136,15.280579956061846,27.792585795872693,44.141380842331856,0.5881095968062855,1.0266887000774778,1.2872359287526007,1.6246606361547509,-2538574.9046875,40.0,755806.125,723622.3125,-0.659252002535593,-1.2816107751511874,-1.426120768526995,-1.2159900978751748,-1.781074798304394,-0.03276308921325022,-1.00736332682868,-1.550851456403804,-1.4881684616885338,-82.57999999999993,44.44444444444444,1735.3,1746.24,0.367800470382984,0.7369645599907715,1.1074786275846238,1.8526117889247073,3.9783871642078417,-1.0807614225782913e-05,1.0006064431682513,1.2672269672566225,1.4935775150037323,0.5246837615966817,90.0,3.5127477645874,3.49987483024597,0,0,0
AUS,2000,807610.0,1738.5,3.53863549232483,1.7312345017789221,6.854122146734398,11.606564094166183,23.53985644558849,48.283541942460964,-3.3044732334554183,0.8141667123452015,1.0926791221703267,1.411400192165563,-2678453.1125,40.0,793866.3125,755806.125,0.849256900212314,0.18440615455541653,-0.44323804288070034,-0.44722872800361246,-0.12236948690992344,1.508508902747907,0.7726167432674204,-0.004048056362893016,0.08455218309445725,-69.87555555555537,44.44444444444444,1723.86,1735.3,0.36781189151369187,0.7369651757637818,1.1074870947923587,1.8526165018784901,3.7395437354045935,1.1421130707844895e-05,1.0006164793852457,1.2672348271383862,1.493580811741494,0.5141810297966001,90.0,3.52566766738892,3.5127477645874,0,0,0
AUS,2001,837641.25,1716.04,3.52751183509827,3.7185336981959027,5.514144738318261,10.827528686672139,21.637317990011805,53.650516172945075,1.9872991964169806,1.098954472889147,1.208065943826927,1.409075244680638,-2735078.8796875,40.0,807610.0,793866.3125,-1.2919183203911389,-0.453633125659858,-1.1098945427303608,-1.873284537968889,-0.6737358770142698,-2.141175220603453,-0.8852815761722128,-1.3279651437279718,-1.812850769247591,-85.88555555555558,44.44444444444444,1738.5,1723.86,-0.31434877230748226,0.052306907040833295,0.4202997624739524,1.160364822441684,3.034475266396508,-0.6821606638211741,-0.4409058475628262,0.4442173761122852,1.0239114878557434,0.48643944263458394,80.0,3.53863549232483,3.52566766738892,0,0,0
AUS,2002,863668.25,1697.8,3.51642346382141,3.107177446191911,6.941252584787216,8.792656446169577,19.353457609144687,52.25499197390398,-0.6113562520039917,0.9753608721582265,1.2569653942515,1.3879266292929895,-2810732.959375,40.0,837641.25,807610.0,-1.062912286426887,-2.3410986482599982,-1.5117236898588016,-2.7739600513102425,-1.5682523117952263,0.2290060339642519,-0.9637129474869599,-1.4956612755683945,-2.1876873148574245,-91.66555555555556,44.44444444444444,1716.04,1738.5,-0.31433973279785254,-0.6277003820144067,-0.2621972471488321,0.47283501205317435,2.3342048665845105,9.03950962971578e-06,-0.9994700474650118,-0.7649214953154098,0.566631497125123,0.4585349798202496,70.0,3.52751183509827,3.53863549232483,0,0,0
AUS,2003,905383.0625,1694.46,3.50536966323853,4.829957857082268,8.087210664470025,12.10647001646834,19.79038440578924,53.405517085088164,1.7227804108903566,1.067692943591183,1.4250519342012242,1.506186816043715,-2893183.1265625,40.0,863668.25,837641.25,-0.19672517375426413,-1.257546444138824,-2.533218291630712,-2.353483547513391,-2.6413012876128295,0.8661871126726228,-0.7151228864110993,-1.0724793688083065,-1.706625972521882,-90.00444444444452,44.44444444444444,1697.8,1716.04,-0.3143478223429752,-0.627699435036011,-0.9400750418756765,-0.21003789179656618,1.638687415838791,-8.089545122658137e-06,-0.9994791587763185,-1.3874535048390404,0.01874380289569467,0.4304639577865639,70.0,3.51642346382141,3.52751183509827,0,0,0
AUS,2004,937108.3125,1686.14,3.49435067176819,3.504069306575963,8.503272234448822,11.87466143769782,18.043592194876013,50.85095883216702,-1.3258885505063045,0.9517285294916622,1.289970480378701,1.5184428307464584,-3054164.8125,40.0,905383.0625,863668.25,-0.49101188579252497,-0.6867711155613021,-1.7423836274212623,-2.188112723771063,-3.3774955875948254,-0.29428671203826084,-1.1091438249457337,-0.9775583501824298,-1.5789709978794666,-98.58444444444444,44.44444444444444,1694.46,1697.8,-0.3143460612984206,-0.6277057436430811,-0.9400723478836026,-0.888257163611883,0.9478986683837842,1.7610445546267783e-06,-0.9994739142305393,-1.2629203594568335,-0.6958133422192652,0.40222349166870286,70.0,3.50536966323853,3.51642346382141,0,0,0
AUS,2005,965805.6875,1685.79,3.4833664894104,3.062332775967125,6.673708345410989,11.826003503081184,19.588128861703048,47.73900272171332,-0.44173653060883833,0.9828848504346303,1.2223151963604268,1.506930339376105,-3233129.0296874996,40.0,937108.3125,905383.0625,-0.020757469723753363,-0.5116674338727423,-0.7073860289786738,-3.0319240724762775,-3.465593165016523,0.4702544160687716,-0.6126412675030607,-0.8314159891680171,-1.272789255908052,-161.14699999999993,40.0,1686.14,1694.46,-0.3143411577588351,-0.627699100008805,-0.940073763900029,-1.5618732993072149,0.2618076800898761,4.903539585487948e-06,-0.9994722483763531,-1.2629168149722796,-1.4053101410436004,0.3738104104995732,70.0,3.49435067176819,3.50536966323853,0,0,0
AUS,2006,1000344.875,1676.85,3.472416639328,3.5762046079274024,6.748052669738747,10.488578418706606,19.42402251560558,45.264178023770455,0.5138718319602775,1.0293304010236632,1.2457738509604028,1.5374517253085487,-3388015.9421875,40.0,965805.6875,937108.3125,-0.5303151638104464,-0.5509625535246254,-1.0392691476930782,-2.2837462996200597,-4.114249771271727,-0.509557694086693,-1.1540626225644002,-1.3818850737230954,-1.3282868498727702,-166.5110000000002,40.0,1685.79,1686.14,-0.3143467710241876,-0.6276998075036122,-0.9400727191803626,-1.5618713230691528,-0.41962990603215955,-5.613265352533148e-06,-0.9994778414044437,-1.2629187564399236,-1.7015764430474438,0.3458335876464811,70.0,3.4833664894104,3.49435067176819,0,0,0
AUS,2007,1032978.0625,1674.13,3.46150135993958,3.26219370094738,6.955061030327592,10.230380919814962,19.603570294496752,42.75099657046575,-0.3140109069800223,0.9904088548613624,1.2836295825490602,1.5327207482205487,-3562516.878125,40.0,1000344.875,965805.6875,-0.16220890359899265,-0.6916638489966043,-0.7122777468063113,-1.394157144539987,-4.129443833608204,0.36810626021145376,-0.7857613788264333,-1.14940235803104,-1.2072892116525402,-155.413,40.0,1676.85,1685.79,-0.3143424456845123,-0.627701091380739,-0.9400691262616667,-1.5618740020049815,-1.0964240770774403,4.325339675315121e-06,-0.9994725542434618,-1.2629179776599062,-1.6695402782918156,0.3176949977874801,70.0,3.472416639328,3.4833664894104,0,0,0
AUS,2008,1048610.75,1677.89,3.45062017440796,1.5133610351962368,4.824923504506384,8.573677249130917,15.819567808625745,38.74070549507653,-1.7488326657511433,0.8648889852668105,1.1183245590318078,1.3992914733608364,-3630189.9156250004,40.0,1032978.0625,1000344.875,0.22459426687293504,0.06202105137609326,-0.46862301947454554,-0.9778926619690043,-3.308361666570614,0.3868031704719277,0.8240856434618207,-0.4145691735733322,-0.8757790361125223,-142.93900000000008,40.0,1674.13,1676.85,-0.31434872906738187,-0.6277030432689679,-0.9400766500450186,-1.5618748973820984,-1.7686322600717008,-6.283382869565202e-06,-0.9994781950846349,-1.2629227457711956,-1.5618143631122825,0.2893912076950067,60.0,3.46150135993958,3.472416639328,0,0,0
AUS,2009,1070599.0,1672.41,3.43977355957031,2.0968934373407855,3.641988040767319,7.0229904461698744,14.244958210206882,34.85885257286314,0.5835324021445487,1.0513233838941152,1.137971368178325,1.342155935630981,-3649238.58125,40.0,1048610.75,1032978.0625,-0.3266006710809455,-0.10273993059081166,-0.2647821808748452,-0.8142858837344447,-2.9845811144756484,-0.5511949379538805,-0.856356767859611,-0.9696567368171269,-0.931090037995467,-135.6569999999997,40.0,1677.89,1674.13,-0.31433812733420163,-0.6276987384933319,-0.9400680606117318,-1.5618670627084885,-2.4362508302497643,1.0601733180237716e-05,-0.9994692179110294,-1.262913699232874,-1.4800604928144354,0.2609197854995706,60.0,3.45062017440796,3.46150135993958,0,0,0
AUS,2010,1144600.125,1654.81,3.4289608001709,6.912123493483557,9.153956794740093,10.805850245246607,18.51246475497692,41.72683906836221,4.815230056142772,1.1267681608813103,1.5757684230120994,1.6904417142600419,-3845265.90625,40.0,1070599.0,1048610.75,-1.0523735208471718,-1.375537132946747,-1.1540322436131123,-1.837714068774876,-4.813920046016684,-0.7257728497662264,-1.1244971808567554,-1.7408147012413702,-1.7275593532827271,-169.19900000000007,40.0,1672.41,1677.89,-0.31434509313340575,-0.6276951139884801,-0.9400706914426293,-1.5618709488334215,-3.099349802821172,-6.965799204117218e-06,-0.9994785647455832,-1.2629185102692326,-1.4800624210331104,0.23227686882019105,50.0,3.43977355957031,3.45062017440796,0,0,0
AUS,2011,1197386.625,1660.5,3.44216704368591,4.6117852730446,11.842681059855288,14.187902899145378,19.697381865429154,42.947428269560504,-2.3003382204389577,0.9398499333116346,1.412800638254153,1.7303006805926926,-4005195.409375,40.0,1144600.125,1070599.0,0.3438461213069788,-0.7121459450732837,-1.0364207427185357,-0.9750424903837485,-3.2365212932099485,1.3962196421541506,-0.23084961954805636,-0.7591214798220313,-1.2860267636848344,-154.39199999999983,40.0,1654.81,1672.41,0.3851383636217509,0.06958260694052143,-0.24497424505727228,-0.8711395775347963,-2.4194048213585284,0.6994834567551567,0.7390214544722655,-0.19974219837754265,-0.9165274090919558,0.2218144655227623,50.0,3.4289608001709,3.43977355957031,0,0,0
AUS,2012,1211778.375,1661.94,3.45542430877686,1.2019300783487452,5.869145785738938,13.18695188394534,17.30920713526769,40.30600001794671,-3.4098551946958544,0.7687186357739133,1.0530436437459136,1.5152330883771314,-4183802.29375,40.0,1197386.625,1144600.125,0.08672086720866723,0.4308651748539116,-0.6260426570039668,-0.7281393918035062,-2.1121451289904503,-0.25712525409831155,0.7576956461475046,-0.3799111897562034,-0.9977685145235146,-154.14800000000014,40.0,1660.5,1654.81,0.3851429905259218,0.7717646875589956,0.4549935899997193,-0.1755611375182653,-1.7346930957587325,4.626904170912383e-06,1.0006420458748548,1.1746818761867968,-0.3188304053949653,0.213917446136477,50.0,3.44216704368591,3.4289608001709,0,0,0
AUS,2013,1274768.25,1653.12,3.4687328338623,5.1981349312327785,6.462542956833173,11.37236683422518,21.5673451755096,40.79877377869548,3.9962048528840333,1.1369134873424982,1.2382748809192201,1.6441888756663028,-4262404.05,40.0,1211778.375,1197386.625,-0.5307050796057755,-0.4444444444444473,-0.10212652812106038,-1.476258872750913,-2.439715307531609,-0.6174259468144427,-1.1412537853711915,-0.9790430680041255,-1.428004752745726,-164.5060000000003,40.0,1661.94,1660.5,0.38514879494353504,0.7717751590562871,1.1598859248964644,0.5249102636295744,-1.04516307539394,5.8044176132199254e-06,1.0006425620822323,1.4137181310890883,0.44054437386050355,0.20578329563140452,50.0,3.45542430877686,3.44216704368591,0,0,0
AUS,2014,1282368.375,1655.97,3.48209238052368,0.5961966027942633,5.825322637895725,7.097269021190211,19.78045701518496,36.84313306099287,-4.601938328438515,0.6726383410097132,1.050539955739742,1.3898264511299778,-4408400.50625,40.0,1274768.25,1211778.375,0.17240127758422208,-0.35921874435900225,-0.27280939476060917,-0.983012538791328,-1.7892938901870603,0.7031063571899976,-0.23105805942681779,-0.3432292985389221,-0.9937477250275742,-162.15999999999985,40.0,1653.12,1661.94,0.3851419899209896,0.7717741545975265,1.1598895791825825,1.2302792675299434,-0.35080312183742857,-6.805022545464112e-06,1.0006371256467679,1.2673416752763826,1.2825544998536365,0.19812006950378303,50.0,3.4687328338623,3.45542430877686,0,0,1
AUS,2015,1258723.375,1649.81,3.49550342559814,-1.843853954991681,-1.2586503468375532,3.874058241054179,9.970578152785015,30.328842674163692,-2.4400505577859444,-1.0959919260045408,0.35897757505191463,0.9925821075980588,-4624773.18125,40.0,1282368.375,1274768.25,-0.3719874152309566,-0.20022744870304976,-0.7298699110677931,-0.30214949148240633,-2.1343109165435803,-0.5443886928151787,-1.0239405656681775,-1.2802190003486125,-1.3114156641716386,-165.72100000000023,40.0,1655.97,1653.12,0.38514328768162187,0.7717686261248469,1.159889878631648,1.9406061866884983,0.3484254735939274,1.29776063229059e-06,1.0006406140024853,1.267339129008065,1.7461024925776578,0.1906983613967843,50.0,3.48209238052368,3.4687328338623,1,0,0
AUS,2016,1335790.25,1643.82,3.50896620750427,6.122622057447691,4.16587589350057,4.78690930684853,11.558808333941428,33.532972816000076,7.966476012439372,1.1017131982665602,1.4123915118253618,1.402367076470155,-4689322.74375,40.0,1258723.375,1282368.375,-0.3630721113340285,-0.733708944002609,-0.5625725900116119,-1.0045167118337917,-1.9697647374541494,0.008915303896928073,-0.9953036023182245,-1.3464790662442758,-1.481977487997907,-154.62400000000002,40.0,1649.81,1655.97,0.3851457220021448,0.7717723725798598,1.1598867819742509,1.9406136590869982,1.0525686279208468,2.434320522937128e-06,1.0006411070338017,1.2673410650374652,1.7791055260142887,0.18445367813110147,50.0,3.49550342559814,3.48209238052368,0,1,0
AUS,2017,1349880.125,1641.6,3.52248072624207,1.0547969638197374,7.242000252835545,5.264614389761446,11.396617801501874,30.678489118446308,-5.067825093627953,0.7149373519721748,1.2374409136303686,1.2785261819679015,-4869507.584375,40.0,1335790.25,1258723.375,-0.13505128298718638,-0.4976330607767032,-0.8677693436475398,-1.2238708978663526,-1.9430988035576857,0.22802082834684212,-0.8186528215153926,-1.1953606124947584,-1.3534629713088822,-155.71299999999974,40.0,1643.82,1649.81,0.3851424590210595,0.7717715407277392,1.1598872546947137,1.9406131193464349,1.7616450193610245,-3.262981085327965e-06,1.0006386503782252,1.2673407074227996,1.6736198022842448,0.17802257537842303,50.0,3.50896620750427,3.49550342559814,0,0,0
AUS,2018,1402646.125,1633.87,3.53604745864868,3.9089396919596897,5.004968032967749,11.43402536717013,10.031460620391197,33.76232553404588,2.8541427281399523,1.1313955559574969,1.3480667761977037,1.4994577189618592,-5067974.140625,40.0,1349880.125,1335790.25,-0.47088206627680096,-0.6052974169921344,-0.9661718622144377,-1.1644647696476995,-2.623533127916622,-0.3358307832896146,-1.1283238852552295,-1.3312371504838127,-1.6994272679066502,-165.6980000000001,40.0,1641.6,1643.82,0.38514710117614204,0.7717729252135319,1.1598910976207133,1.9406113993341911,2.475708131376031,4.6421550825570534e-06,1.0006420592273815,1.2673425454247544,1.5649774813703086,0.17139680385589484,50.0,3.52248072624207,3.50896620750427,0,0,0
AUS,2019,1426764.875,1632.29,3.54966616630554,1.719517814944238,5.695672421282594,6.810547164871128,11.260142000928553,33.26790656445597,-2.1894218770154517,0.856212650788581,1.1017556147567777,1.5235111332718876,-5314533.165625,30.0,1402646.125,1349880.125,-0.09670292006095371,-0.5671296296296258,-0.7014149967758065,-1.429977596212495,-2.3989332759311477,0.37417914621584725,-0.7286145886071521,-1.1023881604162855,-1.5724827505190269,-165.0300000000002,40.0,1633.87,1641.6,0.38513927813810245,0.771769732079508,1.1598846040246746,1.9406086455322047,3.1947628188920163,-7.823038039589392e-06,1.0006366831333244,1.2673376706920656,1.4939201171772514,0.16457147598266442,50.0,3.53604745864868,3.52248072624207,0,0,0
AUS,2020,1508889.875,1601.09,3.56333756446838,5.756029002325969,7.574522761398561,11.779545980055083,19.874620982549086,31.826813752968963,4.0365111873817305,1.1273111170796217,1.5064058013795891,1.8525697211004613,-5209454.725,30.0,1426764.875,1402646.125,-1.9114250531461985,-2.0062795693659874,-2.4677144249512617,-2.953067322903846,-3.2462941364869713,-1.8147221330852448,-1.1536456879053063,-1.7141973796354741,-2.341985705808715,-102.5300000000002,40.0,1632.29,1633.87,0.385146025635108,0.7717686523961209,1.159888198164749,1.9406114259101992,3.918877237989493,6.7474970055769745e-06,1.000642963270784,1.2673416568159834,1.4939213407731289,0.15754261016845428,50.0,3.54966616630554,3.53604745864868,0,0,0
AUS,2021,1616776.25,1597.75,3.5980269908905,7.150049635000699,13.31763756799802,15.26615453345368,21.03518872068426,35.02541420153244,1.3940206326747306,1.0420053091681865,1.4941276807722321,2.0031221983078327,-5566877.446875,30.0,1508889.875,1426764.875,-0.20860788587774293,-2.1160455556304303,-2.210702197849268,-2.8026182915404374,-3.7789822342667923,1.7028171672684556,-0.6627878964228205,-1.1591306274317477,-1.7940653250718441,-160.61799999999994,40.0,1601.09,1632.29,0.9735094078098028,1.3624048662382648,1.7527913006435192,2.538091794550912,4.5279600096831185,0.5883633821746947,1.110445424284643,1.5221040275692155,1.787427950348893,0.17202110290527095,50.0,3.56333756446838,3.54966616630554,0,0,0
AUS,2022,1671658.625,1587.71,3.62050604820251,3.3945559875709463,10.78731806057085,17.16426821903645,23.83756113158566,37.950854668453715,-3.755493647429753,0.8761039532383346,1.2498958395596549,1.791618715811679,-5721132.940625,30.0,1616776.25,1508889.875,-0.6283836645282426,-0.8356806925282068,-2.7311323355531103,-3.282772904483422,-4.466466900128763,-0.41977577865049964,-1.1210074463394988,-1.0788771223102724,-1.681874566704826,-194.0250000000001,40.0,1597.75,1601.09,0.6247606638005498,1.6043521754487422,1.995677299724763,2.7828490651535143,4.777466518549933,-0.34874874400925293,0.9218224736889945,1.3445862733294625,1.7433622422157393,0.1627203226089442,50.0,3.5980269908905,3.56333756446838,0,0,1
AUS,2023,1663526.25,1611.13,3.60863065719605,-0.48648539111865174,2.891556577479415,10.248353942994015,18.599140606473362,30.496366692534103,-3.881041378689598,0.43460163008366653,0.8087142693137417,1.3656848853591177,-5984900.796875,30.0,1671658.625,1616776.25,1.4750804617971847,0.8374276326083674,0.627072806650486,-1.3917875963203818,-2.5400454897405944,2.1034641263254272,1.0440047777431833,0.30367475158522717,-0.59622672711366,-170.51299999999992,40.0,1587.71,1597.75,-0.32800362292879637,0.2947078032598638,1.2710862192599315,2.052664716641228,4.03311036145666,-0.9527642867293462,-0.03769573451985189,0.6808730675759052,1.2416731173554574,0.12879433631897408,50.0,3.62050604820251,3.5980269908905,1,0,0
BRA,1960,193100.171875,2470.04,1.3960999250412,10.115360671055873,15.305057010100654,22.149041980294506,37.34856512865026,89.10190751238119,5.40239754999976,1.1012848980845165,1.4045406710227204,1.70693460452978,-459355.16816406255,50.0,175361.703125,167468.953125,0.44161061817353797,0.8850786441591874,1.3308171972431948,2.227869266330318,4.505510778278432,9.238359297558674e-05,1.0007682244619547,1.2676033677800729,1.4950001619414943,384.67666666666673,100.0,2459.18,2448.37,0.8365118470258892,1.680020885873601,2.5305794768732515,4.253113372173956,7.35564511737854,3.261520387098926e-07,1.0013855482080243,1.2701740725439288,1.5965647604001192,-0.806201231479645,30.0,1.38451826572418,1.37303268909454,0,0,0
BRA,1961,218244.171875,2471.31,1.40659320354462,13.021220932043764,24.453725064150888,30.31918322920488,49.92489601151344,104.37878012255007,2.9058602609878914,1.05234678641312,1.504802418569723,1.8909098943594134,-452698.3150390625,50.0,193100.171875,175361.703125,0.05141617139803323,0.4932538488439331,0.936949889109906,1.8307456487341778,4.099427546030099,-0.39019444677550474,0.6699714430756464,0.9726135929693267,1.2868955713404622,399.42555555555555,100.0,2470.04,2459.18,0.7516137144058854,1.5944128991966622,2.4442618676626005,4.165339148547242,7.530025973557164,-0.08489813262000379,0.983167116795776,1.2435790064581806,1.543095831926083,-0.8152839064598052,30.0,1.3960999250412,1.38451826572418,0,0,0
BRA,1962,232053.875,2472.58,1.41716527938843,6.327638903873933,20.172795677373088,32.328707388630406,46.78991864084801,98.95836361514836,-6.693582028169831,0.8905321601346411,1.2636008646120906,1.7272241517465352,-477670.632421875,50.0,218244.171875,193100.171875,0.051389748756736076,0.10283234279606646,0.544897079514306,1.4350180505415144,3.6947258941152805,-2.6422641297152438e-05,0.9999999999922197,0.7983995893363978,1.1316525814945733,409.6777777777779,100.0,2471.31,2470.04,0.7516086255193288,1.5088715334332647,2.3580052695927334,4.07763420366396,7.70466959803251,-5.0888865565923425e-06,1.0012445361023232,1.2425152454275712,1.502726476379524,-0.824153435230254,30.0,1.40659320354462,1.3960999250412,0,0,0
BRA,1963,247872.640625,2473.85,1.42781686782837,6.816850451215273,13.57583503625921,28.364795441744086,48.01110056500211,106.19069272296807,0.4892115473413394,1.0218200845920657,1.181666192550781,1.654404708269192,-497329.060546875,50.0,232053.875,218244.171875,0.051363353258548905,0.10277949751347215,0.15424851419409968,1.0406923790113431,3.2918442929257052,-2.6395498187170574e-05,0.9999999999921302,0.7578261210044984,1.0128291077207725,408.4366666666665,100.0,2472.58,2471.31,0.7516122921482182,1.508870100485793,2.271824689499491,3.9900127046471168,7.87961728095643,3.6666288893982824e-06,1.0012464619072212,1.2556366092418614,1.4756420236421608,-0.8331325531005849,30.0,1.41716527938843,1.40659320354462,0,0,0
BRA,1964,260893.796875,2475.13,1.4385484457016,5.253163970484076,12.428114753524365,19.542159881560405,48.77467099474488,98.97275916461771,-1.5636864807311968,0.9661510358834191,1.156083754510427,1.5430434562641122,-535695.2890625,50.0,247872.640625,232053.875,0.05174121308890722,0.10313114236950582,0.15457388996120702,0.6485901804666794,2.8907669220440635,0.00037785983035831805,1.001304623077703,1.2668983519321435,0.9241773752816035,409.8144444444447,100.0,2473.85,2472.58,0.7516074445564014,1.5088689106466102,2.2718183250461266,3.902453388663618,8.054833394311522,-4.847591816847796e-06,1.0012445870614646,1.2696402255505463,1.4632860870725088,-0.841964042186738,30.0,1.42781686782837,1.41716527938843,0,0,0
BRA,1965,279635.4375,2476.4,1.44936072826386,7.18362829990149,12.814160044009505,20.50453262200427,44.813665769814584,98.89949204503966,1.930464329417414,1.0543488850193237,1.3282805984918666,1.5418077558334742,-567797.416796875,50.0,260893.796875,247872.640625,0.05131043621950937,0.10307819795056794,0.15449449562805473,0.25748570873347365,2.491091420033853,-0.0004307768693978531,0.9986902506937354,1.26490989324774,0.8657424163969202,414.7522222222219,100.0,2475.13,2473.85,0.751610597096497,1.5088672028547467,2.2718203263718095,3.8149707100004537,8.230339111585971,3.152540095641143e-06,1.0012463463946428,1.269641520913893,1.469080160202296,-0.8504442930221499,30.0,1.4385484457016,1.42781686782837,0,0,0
BRA,1966,291242.75,2477.67,1.46191036701202,4.150873223999008,11.632684827512719,17.496932806155673,33.44812257658369,100.07195900226012,-3.0327550759024824,0.913268170212123,1.2151148777896477,1.4432051859920845,-610601.78515625,50.0,279635.4375,260893.796875,0.05128412211274913,0.10262087243901874,0.15441518281222866,0.25735338747465697,2.092810522151889,-2.6314106760239042e-05,0.9999999999926691,1.2639162483989244,0.848581823072705,422.2022222222222,100.0,2476.4,2475.13,0.8658740714737378,1.6239926698489393,2.3878061642109705,3.93270515796611,8.261854814055036,0.11426347437724083,1.023845715582765,1.3065104426329168,1.5103404827814124,-0.856579625606539,30.0,1.44936072826386,1.4385484457016,0,0,0
BRA,1967,314906.46875,2478.95,1.47456860542297,8.125084229564505,12.613219399275888,20.702934497472427,35.70403370768964,99.19984067186658,3.974211005565498,1.092861820671969,1.3762831122708616,1.538476015477534,-620827.172265625,50.0,291242.75,279635.4375,0.051661439981898205,0.10297205621061511,0.1543353278413484,0.25762563799756055,1.696340662947149,0.00037731786914907417,1.0013046230777929,1.265902370026081,0.9049873890186844,432.143333333333,100.0,2477.67,2476.4,0.8658696659236575,1.7392410783273915,2.5039239956776482,4.050573837041238,8.293375624929066,-4.405550080299747e-06,1.001432956779124,1.3046050894098353,1.5376731885252273,-0.8627695918083207,30.0,1.46191036701202,1.44936072826386,0,0,0
BRA,1968,347090.90625,2480.22,1.48733639717102,10.220316409425934,19.175809955784317,24.122646740722907,40.027921344939685,107.25686748094074,2.095232179861428,1.0468031628214016,1.4487674086588764,1.6902500005675645,-642274.850390625,50.0,314906.46875,291242.75,0.05123136811957529,0.10291927496397513,0.15425617832336425,0.2574933807627744,1.300865473764179,-0.0004300718623229116,0.9986902506932903,1.264909893248746,1.1108974646540246,444.5811111111109,100.0,2478.95,2477.67,0.8658662405461648,1.7392331795941907,2.6201668202125106,4.168568860877508,8.324907992675602,-3.4253774927606173e-06,1.0014331373777947,1.2866823910535756,1.5513665315186735,-0.8690148115158078,30.0,1.47456860542297,1.46191036701202,0,0,0
BRA,1969,354136.21875,2481.5,1.50021481513977,2.0298176567395965,12.45758785321871,21.59486158882924,35.7396086039081,101.94615611001869,-8.190498752686338,0.7375346364266204,1.1142117730379584,1.4915137206977096,-683680.866015625,50.0,347090.90625,314906.46875,0.05160832506794222,0.10286613283849722,0.15458071494589554,0.25736021946320964,0.9076196130417546,0.0003769569483669244,1.001304623076855,1.2659019831129819,1.4876681902807705,440.10375,100.0,2480.22,2478.95,0.8658712308288408,1.7392347580493572,2.620163930162156,4.286707870174955,8.356448035380337,4.990282675976232e-06,1.001434744602059,1.2703563650893994,1.552630293940889,-0.875315821170807,30.0,1.48733639717102,1.47456860542297,0,0,0
BRA,1970,405327.875,2482.77,1.51320481300354,14.455357441464756,16.778592495896017,28.71373414745073,44.948679832469374,109.90549675035082,12.42553978472516,1.147587228966178,1.450727967767909,1.840240172640492,-666670.646484375,50.0,354136.21875,347090.90625,0.05117872254685185,0.10281346009628489,0.1540975009580725,0.25722823453400157,0.5153762692102104,-0.00042960252109036645,0.9986902506928007,1.2639178107256253,1.4863949217053223,478.04666666666685,100.0,2481.5,2480.22,0.8658758554227264,1.7392444561783682,2.6201702273111582,4.404982382554046,8.388001880229613,4.62459388561598e-06,1.0014346827230463,1.270358845660966,1.5432958223623132,-0.8816731452941902,30.0,1.50021481513977,1.48733639717102,0,0,0
BRA,1971,452846.21875,2463.72,1.50219655036926,11.723433467288679,27.8734551208623,30.46905309118855,55.487550763066196,107.49521733362437,-2.731923974176077,0.9873677468088297,1.4355002114785989,1.8834860260262258,-665766.0289062499,50.0,405327.875,354136.21875,-0.7672881499293238,-0.7165021156558593,-0.6652635653288774,-0.5630289748029482,-0.30712456146740896,-0.8184668724761757,-1.1526465185997483,-1.758747186570999,-2.281827087249181,479.441111111111,100.0,2482.77,2481.5,-0.7274800172244911,0.1320967643760662,0.9991117830844942,2.755721846311321,6.796801419466503,-1.5933558726472175,-0.4299449426766414,0.4498427968418307,1.0430731082001061,-0.911371576786042,30.0,1.51320481300354,1.50021481513977,0,0,0
BRA,1972,504928.46875,2444.82,1.49126839637756,11.501089739418301,24.572845810320842,42.58029594720747,60.34236157621007,117.59105240108573,-0.2223437278703777,1.0149189237689893,1.3759736144976484,1.8642254724247125,-680456.3324218751,50.0,452846.21875,405327.875,-0.7671326287077895,-1.5285346608827965,-1.4781382228490791,-1.3767925936384207,-1.1227139263441321,0.00015552122153428272,-0.9986798765835244,-1.5755672798198224,-2.513987066771087,471.13666666666677,100.0,2463.72,2482.77,-0.727478304288065,-1.4496660622192237,-0.5963425152135104,1.1325204465342242,5.228967860481926,1.7129364260348723e-06,-0.9987804945839206,-0.7490458765877541,0.5708395868878464,-0.9411926746368451,20.0,1.50219655036926,1.51320481300354,0,0,0
BRA,1973,574665.9375,2426.06,1.48041987419128,13.811356076365033,26.900902272356664,41.77804511964543,65.56640555891833,131.839196149686,2.3102663369467322,1.0446589906994965,1.3563504340953956,1.8835149004373153,-688596.4898437499,50.0,504928.46875,452846.21875,-0.7673366546412486,-1.5285827934992557,-2.284142308792192,-2.1836772544370997,-1.9318066980617221,-0.00020402593345902886,-0.9987585422225547,-1.3831095316636484,-2.264762658687529,464.29111111111115,100.0,2444.82,2463.72,-0.7274694624141542,-1.4496555841928327,-2.1665896467237378,-0.46502748086415524,3.684156389251525,8.841873910814257e-06,-0.9987788582686948,-1.3837746077141042,0.021510564040232875,-0.9711390972137501,20.0,1.49126839637756,1.50219655036926,0,0,0
BRA,1974,611270.6875,2407.27,1.4696501493454,6.369744161145796,21.060848284760137,34.98416508529143,72.60891576061084,134.29866666890257,-7.441611915219237,0.8819882787337018,1.1981293913525168,1.673349546740251,-636339.609375,50.0,574665.9375,504928.46875,-0.7745068135165623,-1.5359003934850124,-2.291250629129926,-2.9913358855530925,-2.741674174689823,-0.0071701588753136924,-1.0002662051734,-1.262424163078383,-2.039095146405369,466.642222222222,100.0,2426.06,2444.82,-0.7274777266661148,-1.449655010772899,-2.1665873893705667,-2.0373526168332434,2.1620198983727024,-8.26425196054359e-06,-0.9987828064670756,-1.2602877976581979,-0.6779439615344242,-1.0012138843536362,20.0,1.48041987419128,1.49126839637756,0,0,0
BRA,1975,639257.0,2388.63,1.45895874500275,4.578382878861675,11.239758316108661,26.603477435634293,57.71355473639706,128.6037155072665,-1.7913612822841207,0.9527003022022882,1.0765902487866224,1.4912576720099089,-622647.3218749999,60.0,611270.6875,574665.9375,-0.7743211189438659,-1.5428307626357052,-2.2983287113161777,-3.7917326212254854,-3.544257793571315,0.00018569457269634881,-0.9986615000592148,-1.2623472650834482,-1.8573964528879718,477.4577777777779,100.0,2407.27,2426.06,-0.7274795533761647,-1.4496650283254087,-2.1665886203511953,-3.5848463826332777,0.6622241483241309,-1.8267100498903233e-06,-0.9987813123270373,-1.260290288033881,-1.3854957932841008,-1.031419646739957,20.0,1.4696501493454,1.48041987419128,0,0,0
BRA,1976,702163.5,2370.14,1.46344685554504,9.840564905820347,14.869486523513364,22.186378934283013,55.05561732152589,141.09218169379324,5.262182026958672,1.101296532259834,1.3030789540927632,1.550481593614124,-629106.5359375,60.0,639257.0,611270.6875,-0.7740838890912483,-1.5424111130035278,-2.304971847357451,-3.798321237802993,-4.339964563481025,0.00023722985261764862,-0.9986506636119997,-1.2610443033768577,-1.7140379135963073,460.4277777777777,100.0,2388.63,2407.27,0.30762422567895964,-0.42209323104025476,-1.146500323464783,-2.579535601695726,0.10510141850628152,1.0351037790551243,-0.10649508920235079,-0.7092080425878456,-1.158456508133302,-1.046899974346164,20.0,1.45895874500275,1.4696501493454,0,0,0
BRA,1977,725837.375,2351.79,1.46794879436493,3.3715616092263367,13.543907223542329,18.742382031855563,43.75053496129495,130.49300253537584,-6.4690032965940105,0.8213131228666853,1.19797750077623,1.3918269863498758,-668394.64140625,60.0,702163.5,639257.0,-0.7742158691047774,-1.5423066778864958,-2.3046853905046016,-3.805188112008251,-5.129591157546532,-0.00013198001352909827,-0.9987308570640436,-1.2599239549454135,-1.6028942676521216,449.5766666666668,100.0,2370.14,2388.63,0.3076257127364812,0.6161962696322298,-0.11576598561416906,-1.5637427889758415,-0.44893204925796626,1.4870575215653048e-06,1.0005123307824348,-0.01689871835428723,-0.845067943840856,-1.0625489950180058,20.0,1.46344685554504,1.45895874500275,0,0,0
BRA,1978,749506.4375,2333.58,1.4724645614624,3.260931899518127,6.742437836771642,17.24649671415408,30.42471957892927,115.939520167132,-0.11062970970820984,0.9999661143080246,1.0938594438883706,1.2835757871178273,-732600.8179687499,60.0,725837.375,702163.5,-0.7743038281479264,-1.5425249141400865,-2.3046683663857648,-3.811941996488133,-5.912378740595592,-8.795904314906622e-05,-0.9987211186233217,-1.260022723990006,-1.521441062411613,438.30999999999995,100.0,2351.79,2370.14,0.3076242928094386,0.6161963369692325,0.9257161318584561,-0.5373686794920896,-0.999897248323045,-1.419927042611846e-06,1.0005107607122286,1.1194513894439224,-0.5110980997461015,-1.0783686280250568,20.0,1.46794879436493,1.46344685554504,0,0,0
BRA,1979,794820.25,2315.51,1.47699427604675,6.045820320255757,9.503902303184653,13.195893833843542,30.027542012637397,124.43913045818617,2.78488842073763,1.0868994448103186,1.2567293540542175,1.3625779417246053,-745618.35546875,60.0,749506.4375,725837.375,-0.7743467119190162,-1.5426547438334048,-2.3049271351059275,-3.8117867958309515,-6.689099335079584,-4.2883771089741174e-05,-0.9987112295770818,-1.2600543788488057,-1.4729275575034826,423.63888888888914,100.0,2333.58,2351.79,0.3076280885056626,0.6161987200468566,0.9257200184877634,0.49971938591109044,-1.547814276907844,3.7956962239960035e-06,1.0005135797405158,1.2668553353841445,-0.15206217324649043,-1.094213378429416,20.0,1.4724645614624,1.46794879436493,0,0,1
BRA,1980,734726.8125,2297.58,1.48153781890869,-7.56063241972006,-1.971914350635584,1.2247147647914902,14.934496219830207,81.26727960666412,-13.606452739975817,-0.7970407721219753,-0.19405368307001722,0.7626149662481869,-806007.6828125,50.0,794820.25,749506.4375,-0.774343449175352,-1.542694058056715,-2.305052747056502,-3.811808442496334,-7.459007479549051,3.262743664134149e-06,-0.9987011864044045,-1.2600167959644106,-1.4721070775342329,412.1144444444444,100.0,2315.51,2333.58,0.30762088490288164,0.6161953016566191,0.9257151609051162,1.547615652826262,-2.0927103735544295,-7.203602780947449e-06,1.0005076359379204,1.2668493766978224,0.3867753645576118,-1.1095935463905349,20.0,1.47699427604675,1.4724645614624,1,0,0
BRA,1981,810294.25,2275.46,1.50794196128845,10.285106819890277,1.9468552795427696,8.110378971895083,15.39965406917334,78.9336460038621,17.84573923961034,0.7602203077819225,1.261676418696627,1.2661925403140182,-762281.328125,60.0,734726.8125,794820.25,-0.9627521130929018,-1.7296405543487214,-2.490593851507117,-3.994700734977674,-7.641290406377344,-0.18840866391754973,-1.032990412844457,-1.317105124746149,-1.521802599595238,405.1455555555558,100.0,2297.58,2315.51,1.7822118371037865,2.0953151778308143,2.409389044366206,3.040431948370159,0.3824673221209052,1.4745909522009049,1.143981031133105,1.6931047706108495,2.1485749926736224,-1.103305208683016,20.0,1.48153781890869,1.47699427604675,0,1,0
BRA,1982,830932.0625,2277.27,1.53481662273407,2.546952850769957,13.094016492014159,4.543393616355407,14.479095610087601,64.56431235835322,-7.7381539691203205,0.7689754887829321,1.1515070331231725,1.3175301993733477,-728103.8101562499,60.0,810294.25,734726.8125,0.079544355866501,-0.8839735721933528,-1.651472029919987,-3.1686502621407486,-6.853265271062902,1.0422964689594028,-0.5020949227378417,-0.9057005415780547,-1.2549718115336177,415.4955555555555,100.0,2275.46,2297.58,1.782207945367964,3.5961825034358963,3.9148659967785715,4.5551880709891135,2.920213857028897,-3.891735822492137e-06,1.0029307173976876,1.5236618880909962,2.3115172002127204,-1.096788513660431,20.0,1.50794196128845,1.48153781890869,0,0,1
BRA,1983,814326.8125,2260.01,1.56217014789581,-1.9983884061520407,0.49766643413797773,10.833958778386087,8.648408039857557,41.70438151295508,-4.545341256921997,-0.38312978820718746,0.4662613092410568,0.9776895354403295,-798983.4007812501,60.0,830932.0625,810294.25,-0.7579250593912734,-0.6789835901312213,-1.6351987743625784,-3.1526667180897916,-6.844430887941755,-0.8374694152577744,-1.1494333699801418,-1.1652531454415012,-1.3288371727957058,405.01666666666665,100.0,2277.27,2275.46,1.7822015188377005,3.5961720012768428,5.442475241469991,6.092206819858381,5.522100529026508,-6.426530263503594e-06,1.0029304761550737,1.3716052316250043,2.1093725104693086,-1.090039348602298,20.0,1.53481662273407,1.50794196128845,1,0,0
BRA,1984,862467.75,2264.53,1.59001123905182,5.9117465814746195,3.795218517037302,6.4388337940198825,8.51104384922252,41.0942431293992,7.910134987626661,1.0861058908236427,1.1022523709839436,1.4116897026883806,-851625.5874999999,60.0,814326.8125,830932.0625,0.19999911504815504,-0.559441787754622,-0.4803424362546438,-2.2016747930261538,-5.9295384398094,0.9579241744394285,-0.30613550596893424,-0.7163730558356116,-1.0647567477085893,403.067777777778,100.0,2260.01,2277.27,1.7822060672143092,3.5961700896507187,5.442469264085381,7.651821326455344,8.189778346909993,4.548376608681792e-06,1.0029314828840976,1.276052091422361,1.9290648951932885,-1.083053600788115,20.0,1.56217014789581,1.53481662273407,0,1,0
BRA,1985,904721.8125,2262.24,1.61834859848022,4.899204926792922,11.100580088046662,8.88035897639947,23.137171137333446,41.52708730604435,-1.0125416546816979,0.9776012560632923,1.5266752890985893,1.7298758287020544,-888482.66015625,60.0,862467.75,814326.8125,-0.10112473670035316,0.09867212976932827,-0.6600007904201122,-1.538140130049881,-5.291317617211555,-0.3011238517485082,-0.008849297639889753,-0.7153417793344296,-0.9652379536216678,405.23555555555527,100.0,2264.53,2260.01,1.7822112657077005,3.59618001023001,5.442472703830181,9.234376458395467,10.92490476673278,5.1984933913118425e-06,1.002931550516937,1.276053543712912,1.801882598454992,-1.075827085971836,20.0,1.59001123905182,1.56217014789581,0,0,0
BRA,1986,1016563.375,2242.6,1.63802647590637,12.361983645663454,17.86682748427404,24.834815628768215,25.456076604270606,44.77587841008539,7.462778718870532,1.1133112517309653,1.6181485574939314,2.187936906201832,-857531.4281250001,60.0,904721.8125,862467.75,-0.8681660654926038,-0.968412871545099,-0.7703505736700422,-1.444103609819558,-5.381116727281931,-0.7670413287922506,-1.1494799616506335,-1.5072195254141512,-1.2813604957687188,391.7177777777779,88.88888888888889,2262.24,2264.53,1.2159232840581735,3.019804871516718,4.855830084369228,8.626626087569743,11.929344731572812,-0.566287981649527,0.934829798815294,1.1864397682388579,1.6132488476503073,-1.0763581395149238,20.0,1.61834859848022,1.59001123905182,0,0,0
BRA,1987,1051805.25,2236.48,1.65794384479523,3.4667661521840643,16.257310862613906,21.952994764152045,26.581377403522687,44.90921606234455,-8.89521749347939,0.7914026327434225,1.2046623049484013,1.8408483660584938,-909649.81640625,60.0,1016563.375,904721.8125,-0.2728975296530711,-1.1386943913996639,-1.2386676263948848,-1.7911797898360726,-4.903073828870774,0.5952685358395327,-0.789597093338173,-1.3110619246452953,-1.2958355408291642,389.70777777777766,88.88888888888889,2242.6,2262.24,1.215936932755568,2.446645077098575,4.272460727002203,8.022275771409436,12.942893591359649,1.3648697394508247e-05,1.0020100538182577,1.173761090284944,1.4915461322696066,-1.076882302761075,20.0,1.63802647590637,1.61834859848022,0,0,0
BRA,1988,1068869.5,2226.39,1.67810320854187,1.6223773364888672,5.145387517035038,18.143443126060355,31.258050649044545,42.60978245433682,-1.844388815695197,0.8668816024437194,0.9561867763088029,1.5334384886090102,-1004750.87109375,60.0,1051805.25,1016563.375,-0.4511553870367835,-0.7228217247837398,-1.5847124973477622,-1.4876040371502919,-4.59337155786389,-0.17825785738371236,-1.0709833630774204,-1.2135001435790023,-1.4441498010400942,381.1811111111108,88.88888888888889,2236.48,2242.6,1.215925606281898,2.4466474275590677,3.692320067367749,7.421282553774167,13.965609255494549,-1.1326473670081327e-05,1.0020066737033306,1.216193378478808,1.4144561452295072,-1.0774011731147761,20.0,1.65794384479523,1.63802647590637,0,0,0
BRA,1989,1075982.625,2177.73,1.69850778579712,0.665481146201663,2.298655097985103,5.84511024706158,24.756273495443736,35.37433463729693,-0.9568961902872042,0.8394287884338205,0.7452558851526241,1.264654689207257,-1086813.0593750002,60.0,1068869.5,1051805.25,-2.185600905501728,-2.6268958363142025,-2.8926246321234195,-3.8330249544055617,-5.9503090032001715,-1.7344455184649443,-1.1397128932892446,-1.6279138305865593,-2.2186081722417494,340.60000000000014,88.88888888888889,2226.39,2236.48,1.2159310077823005,2.44664143054254,3.6923279800641584,6.823633951795238,14.997587556213299,5.401500402513193e-06,1.0020089340795642,1.272540826591095,1.3774458676978625,-1.077916049957274,20.0,1.67810320854187,1.65794384479523,0,0,1
BRA,1990,1038996.3125,2175.06,1.71669137477875,-3.4374451446183896,-2.794839547765182,-1.2178050546904906,14.841523454481752,41.412603272866136,-4.102926290820053,-1.1355816076608858,-0.4802547207086276,0.8113370726577874,-1183920.0375,60.0,1075982.625,1068869.5,-0.12260473061399546,-2.305525986013224,-2.746279868364576,-3.8537025249310353,-5.332567309952207,2.0629961748877323,-0.6229347475342139,-1.1185072086765797,-1.74059303672092,348.83666666666636,88.88888888888889,2177.73,2226.39,1.070562592275448,2.2995109025749416,3.543396850740499,6.076736272449779,15.872261434627122,-0.14536841550685242,0.9802735207912954,1.240972663299895,1.3681815057647624,-1.08065034151077,20.0,1.69850778579712,1.67810320854187,1,0,0
BRA,1991,1125934.625,2180.89,1.74462711811066,8.36752849399549,4.642454147435693,5.3388299507096,10.758920957584174,38.95379672261035,11.80497363861388,1.045842479242817,1.6109160354415122,1.2853144728334094,-1153581.709375,60.0,1038996.3125,1075982.625,0.2680385828436993,0.14510522424726613,-2.0436671023495445,-2.751716757335243,-4.156082726130106,0.39064331345769476,1.0268078127517009,-0.6220000377433199,-1.264994086701829,368.3466666666666,88.88888888888889,2175.06,2177.73,1.627301432414452,2.7152853050889103,3.964232308845528,6.507870524211445,15.69590626816806,0.5567388401390039,1.062595559396122,1.3525490605588004,1.4747663215242173,-1.075163364410398,20.0,1.71669137477875,1.69850778579712,0,1,0
BRA,1992,1160358.125,2185.33,1.77301752567291,3.0573267075786115,11.680677884985279,7.841715845550934,10.32062494458932,39.64536661503539,-5.3102017864168785,0.8302452780442691,1.3679325800216307,1.2978600581479736,-1220053.7625000002,60.0,1125934.625,1038996.3125,0.20358660913664117,0.4721708826423088,0.3489872481896139,-2.287076119616549,-4.037290264219884,-0.06445197370705813,0.9519827264199902,-0.17684756642227872,-0.952299742000767,377.53111111111093,88.88888888888889,2180.89,2175.06,1.6273051855914655,3.281087778600811,4.386776469253695,6.940746590358282,15.519828193840969,3.7531770136212117e-06,1.002679775395255,1.3558277695475136,1.5587580665935377,-1.0688725829124492,20.0,1.74462711811066,1.71669137477875,0,0,0
BRA,1993,1245057.75,2157.14,1.80186975002289,7.299438266095648,10.579932649286805,19.83274002235691,16.483607213041452,52.89411215352804,4.242111558517037,1.10825647173802,1.4538503669686142,1.6859471958470913,-1242221.81875,60.0,1160358.125,1125934.625,-1.2899653599227623,-1.0890049475214214,-0.8238853181061656,-3.1104164140155155,-4.551749771018732,-1.4935519690594035,-1.142248142101648,-1.6731852825750047,-1.3499760716004543,357.05888888888876,88.88888888888889,2185.33,2180.89,1.6272949326335606,3.281081173048639,4.961775686390801,7.375383161835614,15.344013739473073,-1.0252957904910431e-05,1.0026783587197539,1.316460759204375,1.6096649187951904,-1.062351369857787,20.0,1.77301752567291,1.74462711811066,0,0,0
BRA,1994,1392041.375,2152.89,1.8311915397644,11.80536605631346,19.966529729776305,23.634298483359984,29.373964100953764,61.40213648568309,4.505927790217812,1.0767187860935976,1.491541640003935,2.112407074407246,-1229202.171875,60.0,1245057.75,1160358.125,-0.19702012850347783,-1.4844439970164713,-1.2838795170778905,-1.1406372690829558,-4.929941312325314,1.0929452314192845,-0.6936684297218001,-1.200933287165609,-1.20935340174162,354.06111111111113,88.88888888888889,2157.14,2185.33,1.6272979631928308,3.2810738331202627,4.961772103341189,7.8117836772241045,15.168465152259202,3.0305592702006834e-06,1.002679691418888,1.2750936822848256,1.623471122959666,-1.0555951714515721,20.0,1.80186975002289,1.77301752567291,0,0,0
BRA,1995,1640300.0,2148.95,1.86099052429199,17.834141244544544,31.74489295777645,41.361530087963146,57.87351507082465,81.3043498384759,6.028775188231084,1.0737258300877932,1.560340857441993,2.324251679162149,-1137425.7328125,60.0,1392041.375,1245057.75,-0.18300981471417455,-0.37966937704553283,-1.6647371335221761,-1.20042665489688,-5.0078683075182155,0.014010313789303286,-0.9871473010157186,-0.9565242315117743,-1.1349226759766617,347.1077777777775,88.88888888888889,2152.89,2157.14,1.6273002512573687,3.281079238293949,4.961767007107931,8.405654716581633,14.993180458130805,2.288064537836476e-06,1.0026796209232824,1.2750945382649972,1.604062399800975,-1.0485993027687104,20.0,1.8311915397644,1.80186975002289,0,0,0
BRA,1996,1998192.0,2179.05,1.89644837379456,21.818691702737315,43.54400924325974,60.48990498633498,77.4696288427936,96.56344593370778,3.9845504581927713,1.0545553253227964,1.5083951310608052,2.2797742234883587,-964046.3953125002,60.0,1640300.0,1392041.375,1.4006840550036204,1.2151108509956599,1.0156967095320768,-0.08436922540796532,-2.833764380629611,1.583693869717795,1.1462983355690775,0.8765575433403693,-0.10131561786188313,367.7911111111114,88.88888888888889,2148.95,2152.89,1.9053213350487042,3.5636268851785946,5.248915676089716,8.702218033175747,15.776417639720819,0.2780210837913355,1.0276184965675885,1.316427717773322,1.6191685243186615,-1.0356234908103907,20.0,1.86099052429199,1.8311915397644,0,0,1
BRA,1997,1931557.875,2159.82,1.932581782341,-3.3347208376372284,17.756378406389082,38.757217255844864,66.46221829144343,83.64215951574685,-25.153412540374543,0.39338906985593874,0.8841011407116772,1.5510484497301325,-1156864.5734374998,60.0,1998192.0,1640300.0,-0.8824946651063592,0.505828427836863,0.3218928974541235,-1.167329419355423,-3.427707826584625,-2.2831787201099796,-0.18282497520040594,0.021460124804323234,-0.6473538374640394,350.45111111111123,88.88888888888889,2179.05,2148.95,1.9053199151496836,3.8469437170426612,5.5368452930732115,8.999587108284857,16.564972234007747,-1.4198990205827045e-06,1.0031305576825529,1.3140876218804824,1.6126602033843778,-1.0222142100334188,20.0,1.89644837379456,1.86099052429199,1,0,1
BRA,1998,1861434.125,2158.13,1.96940386295319,-3.6304244831390275,-6.844080799042329,13.481322014265684,49.50584621476393,74.14980266533942,-0.2957036455017992,-1.0083961808849187,0.38999578010975494,1.0985876060088808,-1344460.4874999998,60.0,1931557.875,1998192.0,-0.07824726134585402,-0.9600513985452364,0.4271853695991146,0.04589410052200371,-3.0659498111292205,0.8042474037605052,-0.6485347418476173,-0.14113123290314555,-0.701782223230981,348.75333333333356,88.88888888888889,2159.82,2179.05,1.905331042062608,3.846953609006243,5.82557177191676,9.297792636130996,17.358923630474177,1.1126912924375176e-05,1.0031316424005035,1.294417998940233,1.5958363358367476,-1.0083617568016008,20.0,1.932581782341,1.89644837379456,1,1,1
BRA,1999,1791875.0,2129.56,2.0069272518158,-3.73685665615483,-7.231617380349009,-10.32518396630554,28.72282621628255,66.53382297878649,-0.10643217301580243,-0.9986498831273347,-0.3831443347165166,0.7450708902453029,-1540566.2171875,60.0,1861434.125,1931557.875,-1.3238312798580343,-1.401042679482556,-2.2711732176866173,-1.0836596389039777,-2.211936282275584,-1.2455840185121803,-1.1532738442693482,-1.4194513828318314,-1.909919671633035,323.1200000000001,88.88888888888889,2158.13,2159.82,1.905317114913263,3.8469507554160343,5.825567389434649,9.596795760317335,18.15826036228245,-1.3927149344894474e-05,1.0031294898120826,1.276812228744286,1.5769014491336621,-0.9940566539764384,20.0,1.96940386295319,1.932581782341,1,1,0
BRA,2000,1795624.375,2135.61,2.04516577720642,0.20924311126613304,-3.5354326600195995,-7.037505930284382,9.469266292751332,72.82297861860793,3.946099767420963,-0.5287687309683182,-0.8989666393910217,0.6040198345516762,-1690438.7374999998,60.0,1791875.0,1861434.125,0.2840962452337559,-1.043495989583576,-1.120926743895323,-0.620768282184303,-1.8137430691567036,1.6079275250917902,-0.36465222406044095,-0.8407598408171522,-1.2399786560793475,327.23444444444476,88.88888888888889,2129.56,2158.13,1.9053269298138886,3.846946564815923,5.8255746739495295,9.896624969893342,19.13415581003921,9.814900625571e-06,1.0031315241974608,1.2768129159316004,1.5665339400902094,-0.9792886853218099,20.0,2.0069272518158,1.96940386295319,0,1,1
BRA,2001,1786172.625,2141.22,2.08590292930603,-0.5263767930305585,-0.3182350889431418,-4.0431997559945865,-10.610560696869975,58.63910615591914,-0.7356199042966916,-1.0613503708667953,-0.750310530391323,0.429241394519318,-1786547.5046875002,60.0,1795624.375,1791875.0,0.2626884122100881,0.5475309453595978,-0.783548720420002,-1.7360776485165763,-1.8189821586599986,-0.021407833023667777,0.9871871199694748,-0.2695213649044974,-0.7696572541997238,339.29444444444425,88.88888888888889,2135.61,2129.56,1.991875306815194,3.935153973258143,5.915448250322064,9.98996640928298,19.561533100835526,0.08654837700130535,1.0103774320481689,1.2882457975125938,1.5641211600978722,-0.9551694631576564,20.0,2.04516577720642,2.0069272518158,1,0,0
BRA,2002,1837772.875,2119.19,2.12745189666748,2.8888725130920667,2.347289365572358,2.5614440181374265,-4.8554071930151155,58.37979977086816,3.4152493061226252,1.1374874914029718,0.6982265975495566,0.4610704534984952,-1836628.334375,60.0,1786172.625,1795624.375,-1.0288527101371958,-0.7688669747753618,-0.48695505174777276,-1.881175283125447,-3.026545189971308,-1.291541122347284,-1.1195058481237565,-1.2123334626751965,-1.6773072814576315,329.72444444444454,88.88888888888889,2141.22,2135.61,1.9918936196744896,4.023444963638023,6.0054316738503255,10.083408428409557,19.990460661693255,1.831285929565496e-05,1.0032723121359588,1.288063859246495,1.5566148982107535,-0.9304365873336802,20.0,2.08590292930603,2.04516577720642,0,1,1
BRA,2003,1827567.75,2111.86,2.16982817649841,-0.5552984886666112,2.317532159020752,1.778956414534072,-1.8193700515724665,46.78578162338254,-3.444171001758678,0.3804668649180869,0.8508096308683006,0.24647319011170157,-1970998.4390625,60.0,1837772.875,1786172.625,-0.34588687187084854,-1.3711809155528054,-1.1120944367183139,-2.143985765454348,-2.099075627914726,0.6829658382663473,-0.8003386826826456,-1.3069714641758217,-1.5634677105454298,327.3955555555556,88.88888888888889,2119.19,2141.22,1.9918795765633934,4.023449318435057,6.095466718706377,10.176902631067076,20.42092257061565,-1.4043111096206928e-05,1.003269661536468,1.2825776444209027,1.547705063402224,-0.905077528953556,20.0,2.12745189666748,2.08590292930603,1,0,0
BRA,2004,1920773.0,2091.87,2.21304869651794,5.099961410459342,4.516342913157856,7.53568681526513,7.193470526682955,37.98246478126413,5.655259899125953,1.1489342503510935,1.6372296133932276,0.8275416077698826,-2070500.125,60.0,1827567.75,1837772.875,-0.9465589575066602,-1.2891718062089885,-2.3047608372796735,-1.7698491707207165,-2.8343296684921193,-0.6006720856358116,-1.1152415097868071,-1.425472264261422,-1.7776820569438125,307.14555555555535,88.88888888888889,2111.86,2119.19,1.9918867534146178,4.023442315407544,6.095478625853934,10.270499068446458,20.852933647927905,7.17685122442191e-06,1.0032713965882218,1.277346671762181,1.5404973169941727,-0.879078483581547,20.0,2.16982817649841,2.12745189666748,0,1,0
BRA,2005,1975163.25,2077.93,2.25713014602661,2.831685472463441,8.07606174928399,7.475917011779809,9.998687782348693,20.4147564469914,-2.2682759379959005,0.9020014614086167,1.3786146674963498,1.3074779125362843,-2223771.4671874996,60.0,1920773.0,1827567.75,-0.6663894027831629,-1.606640591705899,-1.9469703046918974,-2.7008676677858,-3.304869820144718,0.28016955472349725,-0.9356191511629279,-1.2426392199165899,-1.6737041132124173,230.99299999999994,80.0,2091.87,2111.86,1.9918879136292311,4.023450818538299,6.095472690229231,10.364165642832202,21.286493217655188,1.1602146132716484e-06,1.0032709098066073,1.2773465794349457,1.537795346364979,-0.8524259328842168,20.0,2.21304869651794,2.16982817649841,0,0,0
BRA,2006,2150759.75,2070.85,2.29880857467651,8.890227174893006,11.973655918736892,17.684269160472986,20.41163994437547,7.635289801980982,6.058541702429565,1.1247579196292294,1.5853550545319763,2.329368278290149,-2237601.0671875,60.0,1975163.25,1920773.0,-0.3407237009908859,-1.004842557137875,-1.9418900874111023,-3.286444176684311,-4.9654666024185,0.32566570179227705,-0.8758036048162184,-1.122510307109458,-1.5532445611584809,227.4889999999998,80.0,2077.93,2091.87,1.8465230604123528,3.875191643704312,5.9442678261393045,10.206881747911112,21.21651221524563,-0.1453648532168783,0.9905302780872507,1.2582803614469198,1.517261034806406,-0.8277744770050086,20.0,2.25713014602661,2.21304869651794,0,0,0
BRA,2007,2373551.0,2066.73,2.34125638008118,10.358723237218847,20.169864440319053,23.572697033954547,29.1536637790456,22.882727497875255,1.4684960623258405,1.037065288343068,1.4999885440742287,2.308798872430865,-2221943.940625,60.0,2150759.75,1975163.25,-0.19895212110968563,-0.5389979450703297,-1.2017955226663157,-2.475474119828802,-4.310081395671872,0.14177157988120026,-0.9014709784212862,-0.9331620203829096,-1.36415526677666,237.1869999999999,80.0,2070.85,2077.93,1.8465132709296173,3.7271326247032555,5.793260842608872,10.04979166619988,21.146561634516647,-9.789482735556021e-06,1.0030345188711702,1.2577511320300594,1.5042028055933903,-0.8025499820709201,20.0,2.29880857467651,2.25713014602661,0,0,0
BRA,2008,2619445.75,2066.66,2.38448834419251,10.359783716465332,21.791648276847276,32.61920248870569,43.329611173101526,40.721915152382834,0.0010604792464850021,1.0160200080831512,1.418392865549079,2.1341027642729573,-2059354.9156250004,60.0,2373551.0,2150759.75,-0.0033869929792595954,-0.20233237559456052,-0.5423666822270246,-2.140293390660375,-4.238391570480015,0.19556512813042604,-0.5918773549655507,-0.7697689010805077,-1.159808022710958,245.83099999999968,80.0,2066.73,2070.85,1.8465284058224896,3.727138068817104,5.642483593163572,9.892956964016886,21.076656192645338,1.5134892872303851e-05,1.0030367318092506,1.2669542748875018,1.4976063558765005,-0.776740622520443,20.0,2.34125638008118,2.29880857467651,0,0,0
BRA,2009,2823070.5,2054.3,2.42851853370667,7.773581491428105,18.938691437428567,31.259221305401507,46.975748826123656,57.548405999302396,-2.5862022250372263,0.9672310369954027,1.2683686748196252,1.910196728741685,-1896767.0812499998,60.0,2619445.75,2373551.0,-0.5980664453756113,-0.6014331818863572,-0.7991887389236174,-1.7960007075009332,-3.534063374593799,-0.5946794523963517,-1.1546867283111355,-1.5122247447550776,-1.2590155950005075,246.2330000000004,80.0,2066.66,2066.73,1.846525675891697,3.7271507028403317,5.642486306125449,9.736335107661898,21.006804382641597,-2.7299307925332528e-06,1.0030351588262942,1.2764508607220955,1.4966997794145942,-0.7503352403640693,20.0,2.38448834419251,2.34125638008118,0,0,0
BRA,2010,3213294.5,2051.33,2.47336173057556,13.822679950784078,22.670778732485687,35.37920609247494,62.68500844170728,78.9513745044812,6.049098459355973,1.0869975298519383,1.4074780739040726,1.958280730494033,-1776571.53125,70.0,2823070.5,2619445.75,-0.14457479433385156,-0.7417765863760861,-0.7451384554344354,-1.2801201195420386,-3.946413436910301,0.4534916510417597,-0.7502904762115631,-1.23828877630331,-1.1291876539311234,227.3209999999999,80.0,2054.3,2066.66,1.846524794704596,3.7271470250422434,5.642498259408901,9.579934277586899,20.936980177422647,-8.811871010649952e-07,1.0030353197197583,1.2764503710188253,1.5008812160207434,-0.723322200775149,30.0,2.42851853370667,2.38448834419251,0,0,0
BRA,2011,3590073.5,2047.9,2.5608959197998,11.725629256826608,27.16910541199733,37.054699453119035,66.92117750483288,100.99252724803125,-2.0970506939574705,0.9941060017831622,1.3791768925689212,1.879360320039308,-1612508.5343749998,70.0,3213294.5,2823070.5,-0.16720859149916834,-0.3115416443557506,-0.907744863693094,-1.10824057754062,-4.358263046300692,-0.02263379716531677,-1.0230778395477766,-1.0781796489558737,-1.1336456304999505,233.00800000000027,80.0,2051.33,2054.3,3.539077529265011,5.450952268051301,7.398131177153178,11.401007809454988,22.771576942547277,1.6925527345604152,1.0887861973887645,1.4552142249561413,1.6974841007344865,-0.6594566583633479,30.0,2.47336173057556,2.42851853370667,0,0,1
BRA,2012,3584929.5,2032.5,2.62187433242798,-0.14328397454815844,11.565544334638478,26.9868924633657,51.03654819298173,95.0692356366398,-11.868913231374766,0.5654054715362283,0.9520505758117429,1.4516050224071348,-1810651.1687500002,70.0,3590073.5,3213294.5,-0.751989843254075,-0.9179410431281121,-1.0611887260867592,-1.6562395668519803,-4.090713904841003,-0.5847812517549067,-1.1376924165556588,-1.4642467671169046,-1.5138161028461197,216.4119999999998,80.0,2047.9,2051.33,2.3811359203128823,6.00448369587494,7.961882770817863,11.985784843310077,23.24012291582158,-1.1579416089521288,0.9354245300802235,1.3218719840333506,1.6679337962042795,-0.619632530212403,30.0,2.5608959197998,2.47336173057556,1,0,0
BRA,2013,3621657.0,2034.74,2.68430471420288,1.0244971344624876,0.8797452197009337,12.708530139394325,38.260431619933335,98.16813904710236,1.167781109010646,1.1450025198245886,0.7350559298408863,1.2251335080085668,-1915515.2999999998,70.0,3584929.5,3590073.5,0.11020910209103008,-0.642609502417113,-0.8087435956184441,-1.5445211113584212,-3.6517572187550362,0.8621989453451051,-0.43748483228904844,-0.9498582476296903,-1.3140940191644759,217.1139999999998,80.0,2032.5,2047.9,2.381135548822688,4.818969542999918,8.528594140503355,12.573614408331292,23.710473634585828,-3.7149019416204965e-07,1.0038986804316805,1.2460751367654217,1.6332160006845937,-0.5786448240280153,30.0,2.62187433242798,2.5608959197998,0,1,1
BRA,2014,3618788.5,2025.18,2.74822163581848,-0.07920407702882715,0.9444816139341006,0.7998443485906392,28.18626031478846,88.40271598986449,-1.1037012114913147,0.5057118540346022,0.530310898438078,1.014783779083218,-2071980.3812499996,70.0,3621657.0,3584929.5,-0.46983889833590586,-0.360147601476013,-1.1094291713462545,-1.417514481818627,-3.188056619197166,-0.5800480004269359,-1.1253573412173559,-1.199944890089549,-1.546556031878342,207.05000000000018,80.0,2034.74,2032.5,2.3811350953343746,4.818968698377568,7.314850813356166,13.16453210772266,24.182610176748188,-4.534883135676182e-07,1.0038986741634324,1.2228245511912927,1.59752635786406,-0.5357506752014167,30.0,2.68430471420288,2.62187433242798,1,0,1
BRA,2015,3399294.25,2005.42,2.81366038322449,-6.065406972526855,-6.139806999945052,-5.178212012258543,5.788443916360597,72.10193891568204,-5.986202895498028,-1.1546275479905412,-1.7604759957303373,0.5322671859970484,-2484202.3062500004,70.0,3618788.5,3621657.0,-0.9757157388479043,-1.440970345105519,-1.3323493234932315,-2.2380601853431603,-3.4895304461651677,-0.5058768405119984,-1.0941110006057615,-1.5214423192051647,-1.9130869923302698,189.8889999999999,80.0,2025.18,2034.74,2.3811306392877762,4.818963671940013,7.314845277840121,13.758547665801446,24.656541767322572,-4.4560465983778386e-06,1.0038983966297241,1.279738173054201,1.5636309525099006,-0.4911446809768658,30.0,2.74822163581848,2.68430471420288,1,1,1
BRA,2016,3247383.0,1998.86,2.8806574344635,-4.468905567677761,-10.263255230307045,-10.334330390757597,-9.545500948657459,50.98771492259886,1.5965014048490938,-0.9342034966844599,-1.4901401027970762,0.08417325478912692,-2777729.9937500004,60.0,3399294.25,3618788.5,-0.3271135223544275,-1.2996375630808243,-1.763370258607988,-2.3946481761804916,-3.476350290943331,0.6486022164934768,-0.7999667557624665,-1.2594744790068342,-1.6783611365004514,200.41599999999994,80.0,2005.42,2025.18,2.3811349670506576,4.818963540601695,7.314844668032716,12.486314347702887,25.310887831052575,4.327762881395358e-06,1.003898996922745,1.2797386798291144,1.5362947297419798,-0.44385509490966824,30.0,2.81366038322449,2.74822163581848,1,1,0
BRA,2017,3268639.5,1976.01,2.94924998283386,0.6545732363567813,-3.84358459112506,-9.67586251586684,-8.822767644384644,37.71094448781594,5.1234788040345425,-0.44330664405161685,-0.89225551547214,-0.08656891252643818,-2950748.2093749996,60.0,3247383.0,3399294.25,-1.1431515964099526,-1.4665257153115063,-2.427932331940863,-2.779335793357929,-4.389542901104648,-0.8160380740555251,-1.1283398714535955,-1.3901596494368573,-1.8778046206570702,178.69700000000034,80.0,1998.86,2005.42,2.3811421500430807,4.818975325443597,7.314852062705257,12.486321192317206,25.968689628583054,7.182992423082624e-06,1.0038992013406782,1.2797397024433372,1.5171597410312234,-0.39520816802978675,30.0,2.8806574344635,2.81366038322449,0,1,0
BRA,2018,3421522.0,1967.04,3.01947546005249,4.677251804611671,5.362441079478453,0.6538930838364543,-5.526061689442152,30.62007487652685,4.022678568254889,1.1474513936564164,0.2043701160428784,0.16926667999677292,-3049098.265625,70.0,3268639.5,3247383.0,-0.45394507112818117,-1.5919073872107115,-1.9138135652382093,-3.3272064244080357,-4.820338130122992,0.6892065252817714,-0.8287221216227076,-1.1775723440859582,-1.6787068326681012,167.47199999999998,80.0,1976.01,1998.86,2.381130037378232,4.818970278388668,7.314851431789826,12.486315136884185,26.6299106643364,-1.2112664848906718e-05,1.0038978784695896,1.2797384024345293,1.5081256246554555,-0.34517519474029523,30.0,2.94924998283386,2.8806574344635,0,0,0
BRA,2019,3539813.25,1972.91,3.09137320518494,3.457269893339854,8.296226916428084,9.005105033807226,-2.182367109876693,25.388765530297587,-1.2199819112718169,0.9548934518864499,1.371690695426093,0.5499020243154392,-3201484.7906250004,70.0,3421522.0,3268639.5,0.2984179274442944,-0.15688179715689365,-1.2982399967981673,-2.58100514522166,-3.961933505330284,0.7523629985724756,0.2026753733653598,-0.6557171837317958,-1.2104332936120432,175.58999999999992,80.0,1967.04,1976.01,2.381133613558184,4.818961538638966,7.314850013072949,12.48631350885432,27.29461036752101,3.5761799521694115e-06,1.0038989439776806,1.2797382020674546,1.5119247339247337,-0.2937214851379357,30.0,3.01947546005249,2.94924998283386,0,0,1
BRA,2020,3467857.0,1836.49,3.16498303413391,-2.0327696665918715,1.354221893063956,6.094814065607412,2.016970140198948,7.92216524193472,-5.490039559931725,-0.14328047667714683,0.6203583055733195,-0.05840989338086266,-3250487.5999999996,70.0,3539813.25,3421522.0,-6.914659056926064,-6.636875711729296,-7.06069301268718,-8.423671849288429,-10.473205188828704,-7.213076984370359,-1.153864088714075,-1.7574645945041316,-2.5190798208127676,132.8699999999999,80.0,1972.91,1967.04,2.381136927288785,4.818968592607487,7.314844538636134,12.486320417491182,27.962804429637835,3.313730601028908e-06,1.0038989315791678,1.2797388191887182,1.5330137864448774,-0.2408119201660157,30.0,3.09137320518494,3.01947546005249,1,0,0
BRA,2021,3702860.25,1990.65,3.22658061981201,6.776613049500013,4.606090448415601,8.222605320088539,14.025978765054825,3.141627880320552,8.809382716091886,1.101948293208449,1.3982754330581624,1.4049366474716212,-3480793.4468750004,70.0,3467857.0,3539813.25,8.394273859373058,0.8991793847666685,1.2002806246949715,-0.41073411844750884,-2.7955466575516397,15.308932916299122,0.6793052711477137,0.6641548908013982,0.11634484999316566,232.28200000000015,80.0,1836.49,1972.91,1.9462216705043556,4.3737008006764055,6.858978074155964,12.0084804673394,25.994211434576787,-0.43491525678442944,0.9691115958454022,1.230230656757038,1.490024509095358,-0.19942526817321893,30.0,3.16498303413391,3.09137320518494,0,1,0
BRA,2022,3816818.75,1999.69,3.29099345207214,3.077580365070487,10.062749127198733,7.825426948723924,16.77086904199745,6.468446590093335,-3.6990326844295263,0.8671578977098147,1.3690901129945106,1.662520277399551,-3575972.815625,70.0,3702860.25,3467857.0,0.45412302514253877,8.886517214904522,1.3573857905327724,1.1983745021533432,-1.6142681426814187,-7.940150834230519,0.6259263910652952,0.6952607899927045,0.3444060242668021,217.95499999999993,80.0,1990.65,1836.49,1.9963186992638438,3.981393156905577,6.457332506874014,11.58747041544126,25.520640381895188,0.05009702875948818,1.0073633279290806,1.2329453256549046,1.4703038734662686,-0.166792273521426,30.0,3.22658061981201,3.16498303413391,0,0,0
BRA,2023,3970609.75,1993.72,3.35838437080383,4.029297959197042,7.230883207109962,14.497505231617103,16.048055514475724,9.635168377347725,0.9517175941265554,1.0457389926058602,1.328639999844603,1.8173229384318703,-3677817.296875,70.0,3816818.75,3702860.25,-0.2985462746725731,0.1542209830959651,8.5614405741387,1.3563526923702662,-2.015982385955939,-0.7526692998151119,-0.21028791760880905,0.507377952739063,0.32854723661880486,212.077,80.0,1999.69,1990.65,2.047737855244214,4.084935928224209,6.110659506989857,11.224098862040389,25.111890354114365,0.05141915598037006,1.0074459000894596,1.2636291841738982,1.4684463758750372,-0.12145195007324583,30.0,3.29099345207214,3.22658061981201,0,0,0
CAN,1960,297850.84375,2120.78,2.62957048416138,3.229341085187354,7.924304187331566,9.963359110825909,21.52994278691194,57.61240178811651,-1.3187486854039365,0.9472590120720248,1.372878972308082,1.3807498608315434,-354604.49628906255,60.0,288533.125,275981.25,-0.6474280895717999,-0.7975376900876019,-1.5152711281177123,-2.9631120912909314,-5.360346289437279,-0.49634030429420717,-1.1361928463811466,-1.1590811574571924,-1.4670097323192095,35.41666666666697,66.66666666666666,2134.6,2137.83,0.4521395409203599,0.9063274948983624,1.3625545321878763,2.281227847542766,5.9468748739211374,-4.092907346375796e-06,1.0007495190436295,1.2677642823746667,1.35722446620113,0.42726932764053505,80.0,2.61773467063904,2.60595202445984,0,0,0
CAN,1961,308605.40625,2096.12,2.64926934242249,3.6107208442312855,6.956664421112824,11.821149534615127,16.052900261029833,57.43769349657026,0.3813797590439316,1.0229878680324216,1.3068442552763064,1.4224164866214313,-362337.0806640625,60.0,297850.84375,288533.125,-1.1627797319854194,-1.8026796589524996,-1.9510438154577314,-3.537522031854723,-5.819449686382338,-0.5153516424136195,-1.0797142191788895,-1.5067241407232193,-1.6405661810906225,24.235555555555493,66.66666666666666,2120.78,2134.6,0.7491283606871013,1.2046550071383555,1.6622454118904395,2.5836266545102626,5.947625540722745,0.2969888197667414,1.0720633297690283,1.4053066344219298,1.5284535606440492,0.42739223241806457,80.0,2.62957048416138,2.61773467063904,0,0,0
CAN,1962,327892.1875,2094.65,2.66911578178406,6.2496576078695965,10.08603614204131,13.64108973623046,21.054303253746486,52.94682708818617,2.638936763638311,1.0802452931644526,1.421717471933918,1.5932579688880941,-381832.319921875,60.0,308605.40625,297850.84375,-0.0701295727343787,-1.2320938522619063,-1.871545020144283,-2.728695417964988,-5.357352635526502,1.0926501592510407,-0.6266935461566999,-1.0763854326344846,-1.3525345456465598,31.747777777778083,66.66666666666666,2096.12,2120.78,0.749128789729725,1.5038690866387538,1.96280821434347,2.8869146552247926,5.948387665825372,4.290426236508438e-07,1.0012416594386269,1.381417064099293,1.6431186580553123,0.4277970671653759,80.0,2.64926934242249,2.62957048416138,0,0,0
CAN,1963,344100.59375,2079.75,2.68911075592041,4.943212088577131,11.501803526813625,15.527822388450097,24.68259845551102,52.873307811454076,-1.306445519292465,0.9698760930610631,1.3610464579113088,1.6189179922518513,-401101.107421875,60.0,327892.1875,308605.40625,-0.7113360227245624,-0.7809667385454966,-1.93466554758156,-2.7167735507500512,-5.969825345082491,-0.6412064499901837,-1.150891752082317,-1.1521818953890426,-1.4077251600154927,14.336666666666588,66.66666666666666,2094.65,2096.12,0.7491235214601932,1.5038642111598,2.2642584451589176,3.1911075369013053,5.949138730699288,-5.268269531732983e-06,1.0012403973541706,1.3183993098085025,1.6867859349633372,0.42816133499145526,80.0,2.66911578178406,2.64926934242249,0,0,0
CAN,1964,368056.5,2068.34,2.70925569534302,6.9618904137680016,12.249243510871999,19.26443689772528,27.561263546429892,64.44666105563688,2.01867832519087,1.0577589794355626,1.3831465017773446,1.7981813672454865,-428532.5859375,60.0,344100.59375,327892.1875,-0.5486236326481486,-1.2560570978445096,-1.3253058031028608,-3.1040944439239104,-6.144526375496307,0.1627123900764138,-0.9529929120989609,-1.1936150022275733,-1.4184027513460478,3.0244444444447254,66.66666666666666,2079.75,2094.65,0.749130149372168,1.503865580987651,2.264260260743378,3.4961917924874353,5.949895284960927,6.627911974810274e-06,1.0012430254172728,1.2696264657404457,1.6690915262265962,0.42874320745468175,80.0,2.68911075592041,2.66911578178406,0,0,0
CAN,1965,392802.03125,2050.19,2.72955131530762,6.723296898709852,14.153255874758287,19.79609341866373,31.878770697623725,60.272194576904866,-0.23859351505814974,1.0053604817442692,1.345027770096604,1.8232005682576922,-454630.82304687495,60.0,368056.5,344100.59375,-0.8775153021263526,-1.4213246784469225,-2.122550306733828,-3.3284923471552985,-6.192977479249972,-0.32889166947820403,-1.0667996822397086,-1.438253666321859,-1.5385999942848008,-11.45777777777812,66.66666666666666,2068.34,2079.75,0.7491216129760891,1.5038636582065168,2.264252976061032,3.802173463250047,6.170137550648347,-8.536396078895336e-06,1.001239675221882,1.2696243808708836,1.6297358949910046,0.4297462940216099,80.0,2.70925569534302,2.68911075592041,0,0,0
CAN,1966,418590.15625,2023.71,2.74999904632568,6.565170989043856,13.729863825255094,21.64761231249692,35.63928167574024,57.413320277924164,-0.15812590966599593,1.006805798929095,1.3234449141297289,1.7632394758879333,-483254.37890625,60.0,392802.03125,368056.5,-1.2915876089533151,-2.157769032170731,-2.694554633970425,-3.4544777970726748,-6.86979691577042,-0.4140723068269625,-1.0561011144807728,-1.442309291820876,-1.7401669999426608,-31.757777777777846,66.66666666666666,2050.19,2068.34,0.7491242572867929,1.5038577219822713,2.2642537229534687,3.802169235502606,6.484029747830911,2.6443107037366076e-06,1.001242139326993,1.2696250436100098,1.5875849449224386,0.4315090537071211,80.0,2.72955131530762,2.70925569534302,0,0,0
CAN,1967,431054.96875,2014.06,2.77060008049011,2.9778083201162264,9.738477517101686,17.116521172700395,31.46240904260642,59.14090330711743,-3.5873626689276294,0.8665550115826663,1.124554503668106,1.5525094499538663,-504678.672265625,60.0,418590.15625,392802.03125,-0.4768469790632057,-1.7622756915212756,-2.624326754788875,-3.847420810159219,-6.471131832767563,0.8147406298901094,-0.8157415608823753,-1.178421087187584,-1.5649486828916443,-32.7466666666669,66.66666666666666,2023.71,2050.19,0.7491287748610409,1.5038649375186397,2.264252327771654,3.8021692201833712,6.798849255842088,4.5175742480196845e-06,1.001242558883495,1.2696269016681925,1.54916543976653,0.4332618832588193,80.0,2.74999904632568,2.72955131530762,0,0,0
CAN,1968,450912.21875,1989.6,2.79135537147522,4.606663056821558,7.721648972723538,14.793759420000452,31.040813918967558,63.385091831419714,1.6288547367053319,1.0669753839866658,1.1893075035110254,1.507917844995539,-538453.537890625,60.0,431054.96875,418590.15625,-1.214462329821353,-1.6855181819529497,-2.955335846921514,-4.334655607645155,-6.933666381330605,-0.7376153507581473,-1.1103722974356085,-1.284138450373808,-1.6380158845873716,-46.038888888889005,66.66666666666666,2014.06,2023.71,0.7491261958470163,1.5038668906011798,2.2642569795627843,3.8021719756133443,7.11461090899439,-2.579014024561843e-06,1.0012409933967252,1.269627000652071,1.51895849062063,0.43500416278839227,80.0,2.77060008049011,2.74999904632568,0,0,0
CAN,1969,473837.84375,1970.31,2.81226634979248,5.084276727641912,9.925155282182319,13.19851570207582,28.74051776018085,64.22303115110266,0.4776136708203538,1.023029913450247,1.308132485686701,1.5029402327309276,-563979.241015625,60.0,450912.21875,431054.96875,-0.9695416164053006,-2.172229228523481,-2.638717998132145,-4.739549590492864,-7.6965239389112705,0.24492071341605248,-0.9583815624237364,-1.2721806833938116,-1.6150118636158186,-71.08625000000006,50.0,1989.6,2014.06,0.7491335044956582,1.503871655666722,2.264266365837342,3.8021754324085055,7.43129857029976,7.308648641846105e-06,1.0012431807005286,1.2696282853986456,1.5011036637864057,0.436735713481903,80.0,2.79135537147522,2.77060008049011,0,0,0
CAN,1970,485187.8125,1952.6,2.83333349227905,2.395327620980048,7.601389433406203,12.558222889061632,23.51968011876211,62.8962357102606,-2.6889491066618643,0.8710224460840382,1.1885640930276051,1.3770169585282714,-586810.708984375,60.0,473837.84375,450912.21875,-0.8988433292223097,-1.859670285484516,-3.0515476202297886,-4.760046629824554,-7.930101189185123,0.07069828718299087,-0.9854663082089976,-1.2659097328422217,-1.5675489374414242,-52.12333333333322,66.66666666666666,1970.31,1989.6,0.7491161883768527,1.5038615732272165,2.2642535900685656,3.802169843424763,7.748908399489207,-1.7316118805510428e-05,1.0012377347329213,1.2696220981918143,1.5010999496243118,0.43845553398131987,80.0,2.81226634979248,2.79135537147522,0,0,0
CAN,1971,508815.5,1938.79,2.85760188102722,4.869802351022567,7.381777692803793,12.841364425767177,21.55457848275666,64.87575709798506,2.4744747300425196,1.0947504432441115,1.2892156636569037,1.447277181149222,-609796.7476562499,60.0,485187.8125,473837.84375,-0.7072621120557177,-1.599748262963696,-2.5537796542018487,-4.196253415756212,-7.505772570272695,0.19158121716659204,-0.9563193454489229,-1.1499143103593734,-1.4514728036062559,-45.48888888888882,66.66666666666666,1952.6,1970.31,0.856531319532361,1.6120639226823386,2.3732739381366885,3.9128317097167686,7.86377342872322,0.10741513115550827,1.0226879168736025,1.304485399585095,1.5324051866270623,0.4440337538719179,80.0,2.83333349227905,2.81226634979248,0,0,0
CAN,1972,539847.8125,1923.77,2.88207769393921,6.098932225924725,11.265740521872658,13.93091953728105,25.238740215774392,64.64186494226855,1.2291298749021573,1.0419735893915294,1.4136443315694287,1.57697261260655,-645536.9886718751,60.0,508815.5,485187.8125,-0.7747099995357942,-1.4764928812864841,-2.36206485273891,-4.482984618134511,-8.157926145179395,-0.06744788748007657,-1.0136924979192528,-1.2081000519640939,-1.4096909057660687,-49.91333333333341,66.66666666666666,1938.79,1952.6,0.8565158454890032,1.7203834914947258,2.482387351108528,4.023590926532417,7.978743882470485,-1.5474043357777134e-05,1.0014154313090669,1.302775990412387,1.5487839365006677,0.44961662292480487,80.0,2.85760188102722,2.83333349227905,0,0,0
CAN,1973,586410.625,1924.48,2.90676331520081,8.625173877128557,15.250149612187514,20.86260410755887,30.049841325130423,70.41837057277674,2.526241651203832,1.0596645412160584,1.4869229322661228,1.7936989227908342,-676851.8023437499,60.0,539847.8125,508815.5,0.03690669882574493,-0.7380892205963496,-1.4401311072416156,-3.2730197024527508,-7.465801178026199,0.8116166983615392,-0.5349519912484377,-0.8856878178868332,-1.1743079332859696,-37.28888888888878,66.66666666666666,1923.77,1938.79,0.8565217139535175,1.720373803642583,2.591640663616168,4.134476924899655,8.093848823489736,5.868464514335869e-06,1.0014195409760156,1.28581696329248,1.5534801202892081,0.45520434379578,80.0,2.88207769393921,2.85760188102722,0,0,0
CAN,1974,619732.625,1911.55,2.93166065216064,5.682366345255074,14.797654199997346,21.799085326606594,30.79002303728511,68.37975283686065,-2.9428075318734823,0.9404540802614806,1.300589867820878,1.7521793051460524,-627877.671875,60.0,586410.625,539847.8125,-0.6718698037911586,-0.635211069930397,-1.4050000257892825,-2.9822718252457747,-7.580475163657818,-0.7087765026169035,-1.153322620189728,-1.1834565853799204,-1.2214427914249126,-29.07777777777801,66.66666666666666,1924.48,1923.77,0.8565312775770328,1.7203893679098137,2.591640620939062,4.245483447077136,8.209079608097358,9.56362351534068e-06,1.0014202665530703,1.2703003778814117,1.549866735858764,0.4607966184616039,80.0,2.90676331520081,2.88207769393921,0,0,0
CAN,1975,626348.0625,1896.68,2.9567711353302,1.0674663932692008,6.810490089602306,16.023080578843697,29.09393978233945,59.45642147185306,-4.6148999519858735,0.724943463998706,0.9839987161609492,1.4749992669519971,-635556.2593749999,50.0,619732.625,586410.625,-0.7779027490779633,-1.4445460591952064,-1.408172494632931,-2.8638738092799265,-7.4875987103634305,-0.10603294528680474,-1.0224318823422394,-1.4164038470246607,-1.3276210574475196,-14.492222222222154,66.66666666666666,1911.55,1924.48,0.8565276186059734,1.720395323137458,2.591652596599503,4.356622451523018,8.324438479991446,-3.658971059472549e-06,1.0014177204276684,1.2703006738185763,1.5410706760477129,0.4663927435874933,80.0,2.93166065216064,2.90676331520081,0,0,0
CAN,1976,665228.1875,1885.63,2.98209643363953,6.207431191662693,7.341159826788202,13.440677767392085,30.74055084799894,58.92112548931925,5.139964798393493,1.144198190010318,1.2263771281055735,1.5518622404363869,-666041.8484375,50.0,626348.0625,619732.625,-0.5825969588965974,-1.3559676702152634,-2.0187271366810755,-2.741916349888329,-6.823112007155174,0.19530579018136596,-0.9474509230807725,-1.3380724478864288,-1.3427298460690893,-24.08222222222207,66.66666666666666,1896.68,1911.55,0.8565187209358172,1.720382658945141,2.5916495520900584,4.356609415709034,8.439907920112155,-8.897670156216009e-06,1.0014166993998728,1.2702957923180378,1.5298178155747701,0.471749603748326,80.0,2.9567711353302,2.93166065216064,0,0,0
CAN,1977,680218.5,1865.34,3.00763869285584,2.253409098062309,8.600719108953903,9.759995288290657,26.00189984098529,57.803192008791804,-3.9540220936003845,0.8255476228025272,1.1900932479798718,1.40433128636376,-714013.51640625,50.0,665228.1875,626348.0625,-1.076032943896743,-1.6523609675854756,-2.4174099552718986,-3.0372653695608154,-7.384089848365994,-0.49343598500014574,-1.0827032601739455,-1.3708085528717922,-1.5768241599614676,-36.87333333333322,66.66666666666666,1885.63,1896.68,0.8565202294661178,1.7203752065159117,2.591638313909339,4.356613951826316,8.555497202028462,1.508530300675659e-06,1.0014187009670767,1.2702953907861332,1.5184343733065258,0.47714090347290394,80.0,2.98209643363953,2.9567711353302,0,0,0
CAN,1978,700081.4375,1862.94,3.03339982032776,2.9200819295564617,5.23929241949026,11.771949083022836,19.384166598277442,55.25891922838917,0.6666728314941528,1.0432085809833145,1.2077046483210123,1.3467780294530862,-782025.8179687499,50.0,680218.5,665228.1875,-0.12866287111196195,-1.203311360128978,-1.7788978636354091,-3.197746923844358,-6.366103739445106,0.9473700727847811,-0.670937091125478,-1.03828419786941,-1.4026217229501547,-32.32999999999993,66.66666666666666,1865.34,1885.63,0.8565233428174723,1.7203798679849003,2.591633964561213,4.356615637217831,8.671215830344824,3.1133513545000824e-06,1.0014190143827046,1.2702981402520206,1.5089405399227436,0.4825666308403034,80.0,3.00763869285584,2.98209643363953,0,0,0
CAN,1979,736555.3125,1869.29,3.05938172340393,5.20994744986365,8.282164113442958,10.722204251154043,18.850498228974153,55.44459401360342,2.2898655203071883,1.0827076775652416,1.3422334784283612,1.4486262593137067,-803883.29296875,50.0,700081.4375,680218.5,0.34085907221916845,0.21175764203844594,-0.8665538838478426,-2.2107713635531323,-5.127111977303067,0.4695219433311304,1.07078384573636,-0.4587584491521998,-1.0572426318514483,-22.581111111111113,66.66666666666666,1862.94,1865.34,0.8565274812128987,1.720387181844596,2.591642875548339,4.356611709106217,8.787054385146886,4.138395426345198e-06,1.001419218104355,1.270300433884389,1.503216071810593,0.48817406892776427,80.0,3.03339982032776,3.00763869285584,0,0,0
CAN,1980,749561.0625,1860.23,3.08558583259583,1.765753335734721,7.067695606484348,10.194160038281819,19.671650217645563,54.48884806849925,-3.444194114128929,0.8120059827962111,1.1998860242905858,1.3502045930286426,-791173.4328125,60.0,736555.3125,700081.4375,-0.484675999978601,-0.14546898987621848,-0.2739446964092229,-1.921779108758459,-4.730615589470444,-0.8255350721977694,-0.8436781765286457,-0.842258524312798,-1.146846586763438,-25.235555555555493,66.66666666666666,1869.29,1862.94,0.8565164978087347,1.7203802782064903,2.591639079692021,4.3566002023773365,8.903023276440214,-1.0983404163944499e-05,1.0014162950574665,1.2702965043168508,1.5032142468902052,0.49445446729660514,80.0,3.05938172340393,3.03339982032776,0,0,0
CAN,1981,768746.75,1844.85,3.10549879074097,2.559589666518991,4.370539042171395,9.80818927940794,15.561361416303487,51.08556048312207,0.79383633078427,1.0575156967309476,1.1507393041098601,1.3637701650740701,-803828.828125,50.0,749561.0625,736555.3125,-0.8267794842573339,-1.3074482825029876,-0.971045766369294,-2.1626724224794946,-4.845290103621336,-0.34210348427873294,-1.0742904971041405,-1.6723628056183506,-1.3965078896924183,-25.464444444444325,66.66666666666666,1860.23,1869.29,0.6453542123113554,1.5073982754178372,2.3768370371110237,4.138107530977209,8.674998129012934,-0.21116228549737937,0.9515808144488294,1.202711825851289,1.4473902642332193,0.494251620769504,80.0,3.08558583259583,3.05938172340393,0,0,1
CAN,1982,738713.9375,1819.9,3.12554049491882,-3.9067238333040155,-1.4471302663216945,0.2930703184630179,8.599506996648865,36.8374420337213,-6.4663134998230065,-0.8960114995094136,-0.0007081305811355143,0.8298060400419982,-820321.9351562499,50.0,768746.75,749561.0625,-1.3524134753502892,-2.168011482451093,-2.642179651097465,-2.4360170263866054,-5.3992940944083685,-0.5256339910929553,-1.0691109004031316,-1.593957433460234,-1.7336161627509385,-41.87444444444441,66.66666666666666,1844.85,1860.23,0.6453618413120754,1.2948809234510028,2.1624882899960784,3.920078643190661,8.447475288108786,7.629000720044132e-06,1.0010723686434986,1.1955448754026163,1.4138309712434092,0.49393535852431913,80.0,3.10549879074097,3.08558583259583,1,0,0
CAN,1983,765756.375,1811.85,3.14571118354797,3.660745537239851,-0.3889935144441248,2.1606395142757195,9.381042544782513,30.583646058595892,7.567469370543867,0.48461062353722556,0.9308484110929625,1.0964289271503258,-847553.8382812501,50.0,738713.9375,768746.75,-0.44233199626354525,-1.78876331409058,-2.6007536702450818,-2.742439370028027,-5.852490023279023,0.910081479086744,-0.7952593113784362,-1.1797783516445428,-1.624750066731574,-43.14333333333366,55.55555555555556,1819.9,1844.85,0.6453504173739244,1.294877104022496,1.9485878602689244,3.7024912597270143,8.220410210132734,-1.1423938151011725e-05,1.0010674766139465,1.2285277762073523,1.398540490433793,0.4935016870498621,80.0,3.12554049491882,3.10549879074097,0,1,0
CAN,1984,816046.6875,1821.9,3.16601204872131,6.5674036993815355,10.468565174459021,6.15286341047947,10.79231575021733,31.677219268551493,2.9066581621416843,1.084000823709875,1.6295528785824016,1.6166003625933447,-898046.6499999999,50.0,765756.375,738713.9375,0.5546816789469444,0.10989614814000959,-1.24400357752662,-2.535187156620955,-4.6899113285030385,0.9970136752104897,0.7550334288764124,-0.4898302385954868,-1.1179057465860505,-39.56222222222209,55.55555555555556,1811.85,1819.9,0.6453505738070575,1.2948657638025995,1.9485841746504695,3.485355374312049,7.993810483759511,1.5643313311386464e-07,1.0010704387979117,1.2689726308963583,1.3985798446697872,0.4929472088813749,80.0,3.14571118354797,3.12554049491882,0,0,0
CAN,1985,860831.875,1833.43,3.18644404411316,5.488066820931747,12.415894023735685,16.53115384735786,14.844796250338854,37.43666286187322,-1.079336878449788,0.9801515685582995,1.4634594155973963,1.887321467966045,-932372.59765625,50.0,816046.6875,765756.375,0.6328558098688264,1.1910478240472422,0.7434474421671444,-1.4406820661961084,-3.334774447982791,0.07817413092188197,1.0220597786628292,0.5467101713545882,-0.568530013388929,-23.574444444444453,55.55555555555556,1821.9,1811.85,0.6453543156951014,1.294869687281608,1.948576551586867,3.2686892210831875,7.767693144681309,3.741888043862218e-06,1.001071362030182,1.2689748485139773,1.4111607974754743,0.49226835966110416,80.0,3.16601204872131,3.14571118354797,0,0,0
CAN,1986,876912.0625,1833.76,3.20700788497925,1.8679823513737759,7.458565291952124,14.515803084238122,14.070344037226823,31.821242541680483,-3.6200844695579715,0.8131891024724217,1.0982706917674465,1.6713583018901481,-997182.7406250001,50.0,860831.875,816046.6875,0.01799905095911658,0.6509687688676546,1.2092612523111779,-0.6011328834322538,-2.750804770819304,-0.6148567589097098,0.6016074694897935,1.0212292745600788,-0.40690344149325064,-17.122222222222035,66.66666666666666,1833.43,1821.9,0.6453538986219032,1.2948730335532677,1.948580077912454,3.2686888992173646,7.542058291697318,-4.170731982000575e-07,1.0010702975994483,1.2689768573994353,1.432882660035104,0.492623269557956,80.0,3.18644404411316,3.16601204872131,0,0,0
CAN,1987,927151.5625,1849.68,3.22770428657532,5.729137749202762,7.704139382617536,13.615014520845037,25.5088763639308,36.302020968262404,3.861155397828986,1.1230834433901196,1.2689043629117638,1.8200420216818554,-1034303.50390625,50.0,876912.0625,860831.875,0.8681615914841734,0.8863169032905516,1.5247818211757025,1.6363536458047223,-0.8395252340055892,0.8501625405250568,1.1545183236047625,1.3758187028740336,0.450476065299839,2.90777777777771,66.66666666666666,1833.76,1833.43,0.645349258198169,1.294867943417577,1.9485787452680814,3.2686759881238814,7.316889300640073,-4.6404237341590715e-06,1.0010692097229534,1.268974276055778,1.4590834199166702,0.4928781390190151,80.0,3.20700788497925,3.18644404411316,0,0,0
CAN,1988,981590.5625,1856.24,3.24853444099426,5.871639783813665,11.93717186436809,14.028138479421436,28.185751310264973,40.21091117703004,0.14250203461090294,1.0131009707969731,1.3985766389843168,1.85347355632555,-1092029.80859375,50.0,927151.5625,876912.0625,0.3546559404870031,1.2258965186283888,1.2441162193266075,2.449982062532774,-0.3596465801367743,-0.5135056509971703,0.8373552038204528,1.248792380690717,0.8481192817837367,11.031111111110931,66.66666666666666,1849.68,1833.76,0.6453551059673268,1.2948691585545902,1.9485795457732769,3.2686807989256605,7.092194679541275,5.847769157796279e-06,1.0010719019576666,1.2689759349718703,1.48355250889624,0.493030059337614,80.0,3.22770428657532,3.20700788497925,0,0,0
CAN,1989,1016160.0625,1852.91,3.26949906349182,3.5217840636074804,9.600210321599922,15.879357344340338,24.522294871762472,37.96113411373976,-2.3498557202061843,0.9179965915378929,1.2585022764975697,1.6690228211788354,-1146635.6218750002,50.0,981590.5625,927151.5625,-0.17939490583114281,0.17462479996539493,1.0443024168920845,1.7020692683462402,-0.876268529762636,-0.5340508463181459,-0.010162208056803877,0.7102963957771355,0.8592917775055595,15.7800000000002,66.66666666666666,1856.24,1849.68,0.6453563253940198,1.2948762713589579,1.948582003968924,3.2686867004282583,6.867967422323118,1.2194266929554942e-06,1.0010707201732987,1.2689773956811563,1.4990574029957269,0.49307522773742596,80.0,3.24853444099426,3.22770428657532,0,0,1
CAN,1990,1013919.1875,1845.24,3.29059886932373,-0.22052382126560577,3.2934938695480698,9.358515749683583,17.783648229800963,35.26839082573077,-3.742307884873086,0.5184601962644508,0.8444362671635155,1.3110489297302559,-1208997.1625,50.0,1016160.0625,981590.5625,-0.4139434726997071,-0.5925957850277941,-0.24004152069547757,0.6441478540222478,-0.8058143347865587,-0.2345485668685643,-1.1032539163910045,-0.26668704394687104,0.542326100117196,19.016666666666424,66.66666666666666,1852.91,1856.24,0.6453528636088723,1.2948740145293236,1.9485856560652604,3.2686852104932607,6.6442175927229785,-3.4617851474294525e-06,1.0010695171419655,1.2689757942034652,1.4990572962546351,0.49325715303421,80.0,3.26949906349182,3.24853444099426,1,0,1
CAN,1991,989368.1875,1822.9,3.31135082244873,-2.421396133210074,-2.636580199194749,0.7923492031332469,12.824105153645316,28.69884490568577,-2.2008723119444684,-1.1514152085874936,0.10363493136519414,0.8831123549838479,-1290148.146875,50.0,1013919.1875,1016160.0625,-1.2106826212308408,-1.6196145522448413,-1.7961039520751565,-0.5922258092662003,-1.18979862861478,-0.7967391485311337,-1.119224362202519,-1.7022119319978208,-0.7637850049792193,10.356666666666797,55.55555555555556,1845.24,1852.91,0.6306436593793929,1.2800663999032347,1.9336837147782893,3.253591547379542,6.628630232331978,-0.014709204229479411,0.9972180040373452,1.2631498224760522,1.4940250605768342,0.491560339927672,80.0,3.29059886932373,3.26949906349182,1,1,0
CAN,1992,998445.3125,1820.35,3.33223342895508,0.9174668353685966,-1.5261448043165649,-1.7433031127416454,7.68954644349209,35.15993970264031,3.338862968578671,-0.17176708648763397,-0.09626600388249026,0.8218853886654923,-1381966.5750000002,50.0,989368.1875,1013919.1875,-0.13988699325252485,-1.3488760269666833,-1.7572359153979478,-1.5856796851347332,0.024726633331484393,1.070795627978316,-0.6679513110180978,-1.1383647963735555,-0.9334433805824508,12.551111111110913,66.66666666666666,1822.9,1845.24,0.6306370912070092,1.2652578234157774,1.9187760646201202,3.238498111940369,6.613030110225093,-6.568172383758508e-06,1.0010443901010493,1.2630977076607122,1.491221667160726,0.4903433203697207,80.0,3.31135082244873,3.29059886932373,0,1,0
CAN,1993,1028337.625,1822.87,3.35324788093567,2.993885806840324,3.938820551575506,1.4220499698354816,4.762378967962011,34.29044257058911,2.0764189714717274,1.125732771392172,1.2414951989606822,1.0265503011845363,-1458941.94375,50.0,998445.3125,989368.1875,0.13843491636222893,-0.0016457293323890454,-1.212308426004216,-1.7977201223979722,0.6082181196015224,0.2783219096147538,0.5670716663986115,-0.6616534211792329,-0.931807282078129,22.788888888888778,55.55555555555556,1820.35,1822.9,0.6306416530722947,1.265255804456178,1.903878719341301,3.22340556467553,6.5974492023652465,4.561865285523936e-06,1.0010473114365417,1.265978686453418,1.4902203201487136,0.48902676105499276,80.0,3.33223342895508,3.31135082244873,0,0,0
CAN,1994,1084427.125,1829.63,3.37439489364624,5.454385664435835,8.611569549534037,9.608044679524319,6.718140676779449,32.88787781520159,2.4604998575955106,1.0849032831846965,1.641726119310456,1.5314464667297962,-1536816.421875,50.0,1028337.625,998445.3125,0.3708437793150443,0.5097920729530081,0.36919194689779555,-1.2564020918447216,0.42428234260936115,0.23240886295281538,1.1141855286747735,0.14135191135626174,-0.5296071257720928,30.801111111111368,55.55555555555556,1822.87,1820.35,0.6306426921432795,1.2652614407142826,1.903877739867177,3.208315039013687,6.581871506430037,1.039070984809598e-06,1.0010463908978946,1.2688841908575001,1.490601196828966,0.4876081824302676,80.0,3.35324788093567,3.33223342895508,0,0,0
CAN,1995,1133353.375,1823.21,3.39567494392395,4.511713961415342,10.212185905382976,13.511812896612696,11.779458261805509,31.657923912262188,-0.9426717030204923,0.976505985215394,1.4190969523751995,1.7797552096068348,-1644372.3578125,50.0,1084427.125,1028337.625,-0.35089061722862747,0.018651906060229706,0.15711264317301854,-1.193882638572763,-0.5574251539464337,-0.7217343965436718,-0.5321382242134974,-0.16815949849590048,-0.8903392421554551,21.367777777777746,55.55555555555556,1829.63,1822.87,0.6306330749189737,1.2652528084634795,1.9038736727626127,3.193220406770969,6.566281940438801,-9.617224305813465e-06,1.0010435852253972,1.2688807113741103,1.4919477786864221,0.48608511686324984,80.0,3.37439489364624,3.35324788093567,0,0,0
CAN,1996,1167337.625,1839.56,3.41708946228027,2.9985572681600736,7.6455575564840395,13.51696141624692,17.98819082203409,33.11912048193544,-1.5131566932552687,0.9348802009791967,1.2079627596231102,1.818756696847042,-1794900.7703125002,50.0,1133353.375,1084427.125,0.896769982613077,0.5427326836573432,0.915589153368046,0.9139283559163935,0.3162900270482494,1.2476605998417045,1.0634224352882948,1.6046881761934992,0.23517199559411112,28.30111111111114,55.55555555555556,1823.21,1829.63,0.6306409980330274,1.265251103669618,1.9038730094354417,3.193217677652971,6.550703485482057,7.923114053731695e-06,1.0010481903214201,1.2688827924879755,1.4938551305948613,0.48501759767531905,80.0,3.39567494392395,3.37439489364624,0,0,0
CAN,1997,1220548.0,1844.64,3.43863916397095,4.55826779334727,7.6935073317269564,12.552330337550345,22.244852544189797,31.644927255353682,1.5597105251871968,1.0649045123762544,1.2650876742438604,1.8768654645212524,-1867874.4484374998,50.0,1167337.625,1133353.375,0.27615299310705943,1.1753994328683959,0.8203844493148926,1.33435877715824,-0.27247956403269047,-0.6206169895060176,0.7891276602077706,1.2933179327441342,0.6540643174327541,35.27111111111117,55.55555555555556,1839.56,1823.21,0.6306449371184852,1.2652630406770227,1.9038752828152372,3.1932257233622696,6.535136390063712,3.93908545781585e-06,1.0010471538115635,1.268886083154063,1.4959059299075934,0.483843171596531,80.0,3.41708946228027,3.39567494392395,0,0,0
CAN,1998,1248118.125,1835.67,3.46032452583313,2.258831688716878,6.9200630794368445,10.126122402026638,21.372406752111207,27.152620724183052,-2.2994361046303924,0.8795511427667256,1.175401356770818,1.6416767460665178,-1957776.4874999998,50.0,1220548.0,1167337.625,-0.4862737444704668,-0.21146361086346044,0.6834100295632473,0.7021894046201904,-1.1081541180019805,-0.7624267375775262,-0.9529872031341899,0.13459023155756078,0.17086166170844175,26.29333333333352,55.55555555555556,1844.64,1839.56,0.6306379014521912,1.2652599245677632,1.9038801704168051,3.1932218762062314,6.519557932531828,-7.035666294008536e-06,1.0010442690531713,1.2688835766428375,1.4976791981356667,0.48255890607833907,80.0,3.43863916397095,3.41708946228027,0,0,0
CAN,1999,1321358.125,1835.77,3.48214673995972,5.868034325677307,8.259415033247365,13.194169081974039,21.848494429720212,30.034447698046595,3.609202636960429,1.1135497355727557,1.4135033174854537,1.7232429552769282,-2011083.0921875,50.0,1248118.125,1220548.0,0.005447602237862448,-0.4808526324919793,-0.20602752832198368,0.33558697660180936,-0.9250314370368828,0.49172134670832923,-0.5676147129021103,0.0,0.40039886760898696,29.330000000000155,55.55555555555556,1835.67,1844.64,0.63064068019274,1.2652556407962035,1.903879848554979,3.1932198130209866,6.5039834035245825,2.778740548770031e-06,1.0010468430160542,1.2688823478759503,1.4987669628508915,0.4811628341674816,80.0,3.46032452583313,3.43863916397095,0,0,0
CAN,2000,1401419.5,1825.59,3.50410676002502,6.05902166000607,12.28260145649276,14.818876439107687,23.652475116156957,38.21806681215409,0.1909873343287627,1.0144974488854277,1.4198812489263712,1.7376738836601489,-2084643.6124999998,50.0,1321358.125,1248118.125,-0.5545356989165362,-0.5491183055778115,-1.0327218319021725,0.13053899441095584,-1.064902126552647,-0.5599833011543986,-1.1546583436637157,-1.5240342247178114,-0.5288549789297388,17.214444444444553,55.55555555555556,1835.77,1835.67,0.6306460268688863,1.2652638174550646,1.9038809520935063,3.1932330947958443,6.488420472385603,5.346676146267271e-06,1.0010475241085357,1.2688851194739783,1.498769086573615,0.47965229749679006,70.0,3.48214673995972,3.46032452583313,0,0,0
CAN,2001,1402013.875,1807.79,3.51891613006592,0.04241235404531807,6.104003787769496,12.330223150953756,20.10354545027193,41.70800038989528,-6.016609305960752,0.5837438814231216,0.9887429847434153,1.394765676447563,-2170706.2546875,50.0,1401419.5,1321358.125,-0.9750272514639113,-1.5241560761969142,-1.5187915039195587,-1.7270434234273435,-0.8288990070766444,-0.42049155254737514,-1.0775406737702056,-1.570279383342223,-1.9164384244441868,5.864444444444416,55.55555555555556,1825.59,1835.77,0.4226289623891155,1.0559402820176755,1.6932401511873696,2.97992396481479,6.268297101292841,-0.20801706447977075,0.9293361748009284,1.1762178209706697,1.4240715184752641,0.477843737602234,70.0,3.50410676002502,3.48214673995972,0,0,0
CAN,2002,1414733.375,1789.77,3.53378772735596,0.9072306791543028,0.9500278110872618,7.066611861943173,15.909687697657127,41.69362681043185,0.8648183251089847,1.1537987352258678,0.7999163435613469,1.2357539459207465,-2259667.834375,50.0,1402013.875,1401419.5,-0.996797194364385,-1.962105401541414,-2.5057605255560333,-2.974564142596936,-1.6798967231576256,-0.021769942900473627,-1.00204097359857,-1.4654022096968522,-2.1884112125163404,0.3044444444444707,55.55555555555556,1807.79,1825.59,0.4226186911070684,0.8470337624852498,1.4830215741234776,2.7670412290405233,6.04862482470454,-1.0271282047114028e-05,1.0006981126110752,1.1622856261259997,1.3777370636900754,0.47589924335479994,80.0,3.51891613006592,3.50410676002502,0,0,0
CAN,2003,1457964.125,1775.24,3.54872250556946,3.05575246643206,3.990705869440836,4.0348107757884,16.812991959394875,41.77873974026769,2.1485217872777573,1.1272263478314437,1.183236372811362,1.3048683868003523,-2340602.0640625,50.0,1414733.375,1402013.875,-0.8118361577185929,-1.8005409920400006,-2.7580124781577453,-3.29198603234786,-2.612912604848394,0.1849610366457921,-0.962417874212745,-1.2689304078348176,-1.9929979059248208,-9.224444444444543,55.55555555555556,1789.77,1807.79,0.4226280514215919,0.8470328476678279,1.2732416161921112,2.55461529912564,5.8294117099164655,9.360314523476632e-06,1.0007058211822242,1.2067864247737035,1.354820142459328,0.47381680011749383,80.0,3.53378772735596,3.51891613006592,0,0,0
CAN,2004,1517660.25,1785.94,3.56372046470642,4.094485178090368,7.275354976339621,8.248589907856662,14.856087936039298,39.95041391093939,1.0387327116583078,1.048859814631042,1.584716935581614,1.4515430661649165,-2473612.875,50.0,1457964.125,1414733.375,0.6027354047903444,-0.21399397687971167,-1.2086580852864515,-2.7143923258360236,-2.3879144963735888,1.4145715625089372,0.30408361744749346,-0.5494309732650605,-1.2160473426953247,1.215555555555511,55.55555555555556,1775.24,1789.77,0.4226298087106617,0.8470440122575251,1.2732424696823008,2.3426274318251172,5.6106524881444075,1.7572890698147603e-06,1.000702844691655,1.2675802298998216,1.352214194906669,0.47159328460693306,80.0,3.54872250556946,3.53378772735596,0,0,0
CAN,2005,1580662.375,1779.94,3.57878160476685,4.151266727846359,8.415724906811416,11.728641094651483,12.79009425800055,39.467743235864106,0.05678154975599092,1.0088593207493488,1.4225423911499293,1.5636447972598928,-2618272.3421874996,50.0,1517660.25,1457964.125,-0.3359575349675792,0.2647529348144495,-0.5492325829575817,-2.50056146232176,-2.3732866756983606,-0.9386929397579236,-0.08079834970243323,-0.6229561368673194,-1.1742530477368274,-66.99699999999984,50.0,1785.94,1775.24,0.42262405846893447,0.8470400024294555,1.2732478825080662,2.1310664844383043,5.392349499487326,-5.750241727220384e-06,1.0006998931997546,1.2675770387013818,1.3672824155171257,0.4692255258560234,80.0,3.56372046470642,3.54872250556946,0,0,0
CAN,2006,1606686.25,1774.12,3.59390640258789,1.6463904886709235,5.866003277083909,10.200671089900792,14.59845573924865,37.63680837409829,-2.5048762391754353,0.837791487316547,1.1298622948747203,1.4620267119555197,-2781674.5671875,50.0,1580662.375,1517660.25,-0.3269773138420473,-0.6618363438861463,-0.06309006106217652,-1.8624950906908522,-3.5573724151427566,0.008980221125531873,-0.994885405455787,-1.0175973990360034,-1.1272418836852267,-69.24100000000021,50.0,1779.94,1785.94,0.4226242193961838,0.8470343894932064,1.273244018023889,2.13106166075534,5.17448964270395,1.609272493041658e-07,1.000702209875186,1.2675738405621053,1.3965301190442274,0.46732335090637145,80.0,3.57878160476685,3.56372046470642,0,0,0
CAN,2007,1634348.125,1769.7,3.60909533500671,1.7216724796144778,3.3964084202358524,7.688669120773239,15.52340206860534,33.9028145554292,0.07528199094355426,1.0100136027083795,1.0502144052785596,1.3963601137887762,-2961146.815625,50.0,1606686.25,1580662.375,-0.2491376006132584,-0.5753002910210414,-0.9093250613122494,-1.1213731373304947,-4.062581316679681,0.07783971322878891,-0.9514675449491832,-1.177444029388908,-1.0824688804878255,-59.843000000000075,50.0,1774.12,1779.94,0.422630161093851,0.8470405179092921,1.2732443733918908,2.131073325875632,4.957082232464205,5.941697667211088e-06,1.0007044850071296,1.2675785943750426,1.4341418212834292,0.4652889728546099,80.0,3.59390640258789,3.57878160476685,0,0,0
CAN,2008,1653895.5,1766.07,3.62434840202332,1.1960349634812406,2.938299247908538,4.6330656159257355,13.438696579725518,32.5111355145171,-0.5256375161332372,0.9380975613760607,1.0406050826399418,1.3397060594620505,-3024905.1656250004,50.0,1634348.125,1606686.25,-0.20511951178165955,-0.4537460825648765,-0.7792397496544923,-0.5165498749464925,-3.791531157561012,0.044018088831598856,-0.9657388868707919,-1.1431663442129971,-1.0328282273763703,-54.75900000000024,50.0,1769.7,1774.12,0.42262854263399596,0.8470448594183999,1.273248895539636,2.131073825444818,4.740129862550924,-1.618459855023957e-06,1.0007015197517837,1.267579278614417,1.4708622339447233,0.4631194353103667,80.0,3.60909533500671,3.59390640258789,0,0,1
CAN,2009,1556361.375,1737.64,3.6396656036377,-5.897236252229964,-4.771734296204489,-3.1322154527680834,2.550051963211142,17.78497786131976,-7.093271215711205,-1.133799765561198,-1.2704096292639289,0.34489429818060585,-3163476.20625,50.0,1653895.5,1634348.125,-1.6097889664622445,-1.8116064869751924,-2.0562306946542375,-2.70445815648902,-5.34544087766985,-1.404669454680585,-1.1485131829334183,-1.6975294306684208,-1.8255975061588032,-70.42699999999968,50.0,1766.07,1769.7,0.42261945915103016,0.8470341122461145,1.2732440949730917,2.1310632998128964,4.523613605088972,-9.083482965799305e-06,1.0006985793535996,1.267572015194879,1.494660023591936,0.460811829566961,80.0,3.62434840202332,3.60909533500671,1,0,0
CAN,2010,1643022.0,1755.94,3.65504789352417,5.568155724758972,-0.6574478254520955,0.5307238321700991,3.945157801329957,17.239841460747485,11.465391976988936,0.4726385708685942,0.6183814372904428,1.0189732024968647,-3346844.03125,50.0,1556361.375,1653895.5,1.0531525517368356,-0.573589948303288,-0.7775329151833654,-1.3483600570805776,-3.8152049474416416,2.66294151819908,0.188997987252419,-0.3272101810806543,-0.9545279816095826,-68.06899999999996,50.0,1737.64,1766.07,0.4226292072297966,0.8470347796506461,1.273243133029478,2.1310685361670245,4.3075495079399895,9.748078766413926e-06,1.0007059750390404,1.26757658424384,1.4946622400278593,0.45836396217346076,80.0,3.6396656036377,3.62434840202332,0,1,0
CAN,2011,1724547.75,1753.7,3.66232514381409,4.961939036726237,10.806383254017726,4.2718690509769175,7.335688595081957,23.005041587052766,-0.6062166880327347,0.9896693072939687,1.371012048814574,1.5378183683009377,-3478034.284375,50.0,1643022.0,1556361.375,-0.127567001150386,0.92424207545867,-0.7004252379577247,-1.15099316844407,-2.992051067878454,-1.1807195528872216,0.4615015088273119,-0.23194475428811143,-0.9449468870300731,-61.19199999999978,50.0,1755.94,1737.64,0.19910136616303475,0.622572033918245,1.0478226036318539,1.903742990550139,4.07537458829641,-0.22352784106676182,0.8625698435302227,1.1096695487060646,1.373688004334577,0.44197256565094234,80.0,3.65504789352417,3.6396656036377,0,0,0
CAN,2012,1747768.25,1763.88,3.66961669921875,1.3464689510626737,6.375218956289075,12.29835680032858,6.939777594813212,23.540469242128403,-3.6154700856635635,0.7753976559452597,1.0945930104350179,1.524776447070357,-3647812.41875,50.0,1724547.75,1643022.0,0.580486970405425,0.4521794594348316,1.5100941506871468,-0.3288692998813292,-1.446554585226023,0.708053971555811,1.12910806733241,0.7511012336740358,-0.164442468800073,-52.208000000000084,50.0,1753.7,1755.94,0.19909634230526052,0.3985941120058234,0.8229078943712498,1.6769123171950673,3.843721874160777,-5.02385777423342e-06,1.0003271393585245,1.066067281841817,1.2932384060180346,0.4281098365783671,80.0,3.66232514381409,3.65504789352417,0,0,0
CAN,2013,1804761.0,1754.91,3.67692279815674,3.2608871342067136,4.6512629180606835,9.843994785218936,9.121827830113816,23.786379174453277,1.9144181831440399,1.1080758923037695,1.1286807416597617,1.7610893920096418,-3732411.3,50.0,1747768.25,1724547.75,-0.5085379957820324,0.06899697781832526,-0.05865804070753766,-0.6319115323854541,-1.1451972691016388,-1.0890249661874574,-0.4651327855006146,0.17709553192427716,-0.651648856677254,-62.71600000000012,50.0,1763.88,1753.7,0.19909705936169697,0.3985897966297891,0.5984847605233101,1.4505889142464978,3.612575860357614,7.170564364500365e-07,1.0003319320047956,1.1321520861750822,1.2458097757882556,0.41397325992584477,80.0,3.66961669921875,3.66232514381409,0,0,0
CAN,2014,1858964.375,1744.44,3.68424344062805,3.0033547378295555,6.362177880276754,7.794311581108726,19.442978016593358,22.48883602242333,-0.2575323963771581,0.9915342883601681,1.260194909998994,1.7903950474188195,-3831804.5062499996,50.0,1804761.0,1747768.25,-0.5966117920577108,-1.102115790189817,-0.5280264583452099,0.39133537441586874,-2.3237062835257616,-0.08807379627567835,-1.0247038648806253,-1.4625557300433734,-1.1817553287918983,-73.68999999999983,50.0,1754.91,1763.88,0.19909698607161186,0.3985904416778485,0.5984803629732749,1.2247783682598712,3.381942470382815,-7.329008511192114e-08,1.0003312722454565,1.2661662738482853,1.228645456564414,0.40027112960815314,80.0,3.67692279815674,3.66961669921875,0,0,1
CAN,2015,1827783.0,1746.9,3.69157862663269,-1.6773519395711922,1.2756259693111671,4.57810982663176,11.245193308428014,15.633991730840059,-4.680706677400748,-0.09997819202594248,0.6281638724402807,1.1925638147047586,-4055713.5562500004,50.0,1858964.375,1804761.0,0.14101946756552852,-0.45643366326477697,-0.9626505204435643,-0.514823968928324,-1.856242345247594,0.7376312596232393,-0.33791941286808547,-0.7690472711078358,-0.8394219328171367,-68.63100000000009,50.0,1744.44,1754.91,0.1990961271383762,0.3985895075985013,0.5984801469487433,0.9994597655818227,3.151827474344815,-8.589332356478963e-07,1.0003306151040565,1.2661679030921211,1.2415713572523701,0.3867735624313342,80.0,3.68424344062805,3.67692279815674,1,0,0
CAN,2016,1860631.75,1742.45,3.69892859458923,1.797190913801039,0.08969375757941211,3.0957423171267484,7.89099634962267,15.805543863962246,3.474542853372231,0.6218215280456489,0.8726634738718965,1.216707530632027,-4164481.2437500004,50.0,1827783.0,1858964.375,-0.2547369626194951,-0.11407672376235745,-0.7100079206341037,-0.6415008268232825,-1.7851103645751043,-0.3957564301850236,-0.9630052561955914,-0.9118967256884896,-1.0360838910585104,-55.993999999999915,50.0,1746.9,1744.44,0.19910094569066672,0.3985934751010056,0.5984840487682108,0.9994593417508302,2.922229469462967,4.818552290508649e-06,1.0003353615862773,1.2661736249381899,1.2847289841655665,0.3744160652160615,80.0,3.69157862663269,3.68424344062805,0,1,0
CAN,2017,1946187.625,1737.97,3.7062931060791,4.59821643912075,6.478046080962563,4.69203450980602,11.352727971800602,19.08035963880095,2.8010255253197114,1.1122364677423757,1.6123485632219865,1.535515770925293,-4273200.084375,50.0,1860631.75,1827783.0,-0.25710924273293356,-0.5111912530768814,-0.3708926646946886,-1.4689207882622402,-1.7929592586314103,-0.002372280113438485,-1.0011179377114456,-1.1735651152114503,-1.2301139746522458,-59.34299999999962,50.0,1742.45,1746.9,0.19909850383819094,0.39859585653283514,0.5984855725845062,0.9994615205494828,2.6931339310882763,-2.4418524757763294e-06,1.0003292979452045,1.2661711095296955,1.3541394057043443,0.36183495521545295,80.0,3.69892859458923,3.69157862663269,0,0,0
CAN,2018,1993197.75,1757.75,3.7136721611023,2.415498094640278,7.124784364235426,9.050021255258422,10.441091645929856,20.515337879569785,-2.182718344480472,0.8906154938074261,1.3822082291903424,1.4815192227308864,-4477422.515625,50.0,1946187.625,1860631.75,1.1381094034994765,0.878073976297733,0.6211002347014549,0.16183166088288292,-0.47110250443074264,1.39521864623241,1.1274479826478396,1.6036401323801521,0.9166183934830073,-41.817999999999984,60.0,1737.97,1742.45,0.19909529041555185,0.3985901899981714,0.5984847325265497,0.9994597374734848,2.4645467038741264,-3.2134226390923004e-06,1.0003286486052594,1.2661645131828008,1.4337679476685419,0.3490215063095148,80.0,3.7062931060791,3.69892859458923,0,0,1
CAN,2019,1985851.625,1748.33,3.72106599807739,-0.3685597678403929,2.038035772630087,6.729965507683078,6.825695624210115,27.59579214049821,-2.784057862480671,0.4259834846834009,0.844031967414336,1.275679963459257,-4755446.415625,50.0,1993197.75,1946187.625,-0.5359123879960181,0.5960977462211581,0.33745588108697877,0.22299419871132375,0.6152022283096414,-1.6740217914954947,0.03166991512606611,0.2229562803774204,-0.2894195019650674,-48.99000000000024,60.0,1757.75,1737.97,0.1990977300725394,0.3985894146919966,0.598481504091275,0.9994604874172808,2.2364800315263444,2.4396569875406726e-06,1.0003333708290274,1.266166116783074,1.4902426774470694,0.3359713077545141,80.0,3.7136721611023,3.7062931060791,1,0,1
CAN,2020,1894406.75,1626.34,3.72847461700439,-4.604819103743463,-4.956407360985637,-2.6606311917125702,3.6450579746063916,15.300145098483164,-4.236259335903069,-1.1521263622261246,-0.7230651408346344,0.3242352134340492,-4823937.85,50.0,1985851.625,1993197.75,-6.977515686397872,-7.476034703456125,-6.423010753925562,-6.901368137844188,-7.380662209414912,-6.441603298401854,-1.1523143683154542,-1.7721669213731328,-2.7922726952037777,-77.2800000000002,50.0,1748.33,1757.75,0.19909936912776427,0.3985935015248243,0.5984823728298228,0.9994637553028429,2.0089127589904887,1.63905522487795e-06,1.0003327053439015,1.266171780629813,1.4902453515740521,0.3226796627044646,80.0,3.72106599807739,3.7136721611023,1,1,0
CAN,2021,2072890.75,1710.35,3.73541975021362,9.421630280825388,4.382962146026403,3.998248543076066,11.40789949435186,20.199092776642445,14.026449384568851,0.991671203455075,1.4353630981861676,1.7481536603111691,-5110762.946875,50.0,1894406.75,1985851.625,5.165586531721544,-2.1723587652216714,-2.696629213483148,-1.8422336365462533,-2.471916519359074,12.143102218119417,0.24578598317754502,-0.10888526490777116,-0.570453545583023,-48.01800000000003,60.0,1626.34,1748.33,0.18627277701062095,0.3857430140622675,0.5856087497197127,0.9865331187460358,1.995852457911651,-0.01282659211714332,0.989064734480127,1.2495375500404422,1.476160581081162,0.30941386222839107,90.0,3.72847461700439,3.72106599807739,0,1,0
CAN,2022,2183895.5,1724.11,3.75202083587647,5.355069966904913,15.281235141291605,9.972742802473977,12.214026640930875,24.953379831679623,-4.066560313920475,0.9140602804612115,1.4541107494375842,2.0222668696069874,-5208896.065625,50.0,2072890.75,1894406.75,0.8045136960271204,6.011658078876492,-1.3853219929875982,-0.797482119944537,-2.2546885275642414,-4.361072835694424,0.7024477318310607,0.20571605201564322,-0.13492027963030134,-57.62500000000023,60.0,1710.35,1626.34,0.4444235661039464,0.6315241832328233,0.8318809130253069,1.2337861169794406,2.245578855014041,0.25815078909332545,1.1061152051162766,1.490345391425338,1.7264966578700551,0.29423511028290417,80.0,3.73541975021362,3.72847461700439,0,0,1
CAN,2023,2165848.75,1731.02,3.76877570152283,-0.826355931407885,4.484462097194464,14.328601816901255,8.662010580736412,20.007510689781082,-6.181425898312797,0.4192031166322607,0.8621337478463165,1.4699180650709336,-5482578.296875,50.0,2183895.5,2072890.75,0.4007864927411786,1.2085245709942516,6.436538485187593,-1.5206940691224635,-1.3613233727085783,-0.4037272032859418,0.8736856372570333,0.4822707993776794,0.10710577631046023,-50.62300000000005,60.0,1724.11,1710.35,0.4465557729890879,0.8929639381839882,1.080900063919965,1.4838019628575339,2.4980917035336114,0.0021322068851414855,1.0015332092256133,1.436983154733163,1.8169355153652578,0.2889393806457541,80.0,3.75202083587647,3.73541975021362,1,0,0
CHN,1962,332428.03125,2163.27,1.27546286582947,2.2984337450198122,-12.023594359491529,-14.07466121407287,-3.3329983181389133,30.43459388753429,16.298675567107892,-0.4419834549108228,-0.9602583740396765,-0.014936612000949364,-377296.476171875,70.0,324959.0625,377860.4375,-0.051284894519454394,-0.6124230451162282,-11.816643906813695,-4.402335067104445,1.6077668808477164,0.5101411828489111,-0.650758116116442,-0.7412864795987295,-0.5774053418658175,100.36777777777797,77.77777777777779,2164.38,2176.6,1.8158858489790486,3.6647493996533553,4.940585352514804,7.539547528849311,14.179598637830892,-3.2288969498139863e-06,1.0029854231642934,1.363429935684461,1.6639149192231397,-0.9658558487892139,20.0,1.25271499156952,1.23037278652191,0,1,0
CHN,1963,352629.84375,2247.64,1.298623919487,6.077048443850197,8.515159121004668,-6.677225569559663,-8.206311372051944,29.116844447805935,3.778614698830385,1.114716804359546,-0.08539608913522759,0.3270757221647086,-392571.857421875,70.0,332428.03125,324959.0625,3.900114178997538,3.846829115035244,3.263805935863262,-4.601750379871483,5.953284465081188,3.9513990735169924,1.1546246001874627,0.05365528568763675,0.08911608298793239,182.22666666666646,88.88888888888889,2163.27,2164.38,1.8158940003688562,3.6647544115330666,5.54719136449906,8.1611814673604,14.887359492023823,8.151389807586895e-06,1.0029864529123198,1.3150845195185832,1.668289094002096,-0.962325501441955,20.0,1.27546286582947,1.25271499156952,0,0,0
CHN,1964,395619.84375,2248.63,1.32220542430878,12.191254019463571,19.009170875989412,21.74451781907145,2.2590332615168407,40.72994438760333,6.114205575613374,1.0966885539414748,1.301747484647236,1.330497079107088,-400969.2421875,70.0,352629.84375,332428.03125,0.04404619956934752,3.9458782306415863,3.8925696966336742,-8.33703605568351,6.553477418223697,-3.8560679794281905,0.5874229867340154,1.098909502263358,-0.04079107447151781,183.3144444444447,88.88888888888889,2247.64,2163.27,1.8158840652723773,3.6647525954361715,5.547186168195828,8.786398177886978,15.599484050313261,-9.935096478841388e-06,1.002984821248931,1.276260202056495,1.6499393458445244,-0.9583070635795581,20.0,1.298623919487,1.27546286582947,0,0,0
CHN,1965,442058.1875,2249.11,1.34621524810791,11.738122969217212,25.360401376975062,32.9786136980589,16.989804602129066,48.22453648207541,-0.453131050246359,1.0126023818995213,1.481082168674834,2.018604746500449,-405374.66679687495,70.0,395619.84375,352629.84375,0.021346330877025643,0.06540193269386485,3.9680668617417147,3.331342460718556,2.336935502218185,-0.02269986869232188,0.8671292589610022,0.7442431927641865,-0.09361144022285726,187.46222222222195,88.88888888888889,2248.63,2247.64,1.815892096470706,3.664750656965432,5.5471926446425845,9.415232753438097,16.316040846726352,8.031198328595224e-06,1.002986439089026,1.276260993117607,1.621260564978543,-0.9535897731781,20.0,1.32220542430878,1.298623919487,0,0,0
CHN,1966,477380.25,2249.09,1.36638224124908,7.9903649561970935,20.66640678966194,35.377154957548875,46.90473511567323,45.63689030714975,-3.7477580130201185,0.9517516675275818,1.2810508821125617,1.9808259300859163,-424464.28515625,70.0,442058.1875,395619.84375,-0.0008892406329619185,0.020456900423804214,0.06451211048033034,3.913822896164265,-0.1877230042781286,-0.02223557150998756,0.540131477593404,0.45953684899856106,-0.0890859525501162,193.62222222222226,88.88888888888889,2249.11,2248.63,1.4980511600588775,3.341146249146165,5.217701656754237,9.07367201993383,16.623196834600474,-0.3178409364118284,0.9697819102222948,1.2290784386331022,1.546725842658233,-0.9521077513694789,20.0,1.34621524810791,1.32220542430878,0,0,1
CHN,1967,474682.03125,2249.19,1.38685119152069,-0.5652137368481469,7.379988578992225,19.984383682725728,42.792420201477825,38.033151237732724,-8.555578693045241,0.5073695630417391,0.8601671055639184,1.4724900410415427,-461051.609765625,70.0,477380.25,442058.1875,0.00444624270259375,0.003556962531847674,0.02490405268986695,3.9717649669250843,-0.6054205021012837,0.0053354833355556686,1.1338934100272668,0.7059365970623598,-0.07269511438965566,202.3833333333332,88.88888888888889,2249.09,2249.11,1.4980398349511814,3.018532398135698,4.889237785853551,8.733168849943818,16.931157795009288,-1.132510769608075e-05,1.0024677043027475,1.2257273062938738,1.494673524915181,-0.9504870057106007,20.0,1.36638224124908,1.34621524810791,1,0,1
CHN,1968,460331.1875,2249.25,1.4076269865036,-3.0232540532889596,-3.571379942928099,4.133618721856602,30.542322398088295,19.829612949793262,-2.4580403164408127,-1.1421195427150534,0.30807363168512997,1.0013823635550896,-529034.569140625,70.0,474682.03125,477380.25,0.0026676270123981993,0.007113988324158882,0.006224684430722327,0.07163068818849538,-4.533415957148801,-0.0017786156901955508,0.9072647056357677,0.7983061027894655,0.0511320966760822,213.6111111111111,88.88888888888889,2249.19,2249.09,1.4980550984802665,3.018536395556204,4.561806775105515,8.39373627583111,17.239945792553748,1.526352908509665e-05,1.0024706217533146,1.2485554467706994,1.4622029924333426,-0.9487242221832279,20.0,1.38685119152069,1.36638224124908,1,1,0
CHN,1969,505722.71875,2248.77,1.42871379852295,9.860624802876305,6.539259010554765,5.937084483490884,27.83047330395696,30.718206214247743,12.883878856165264,1.0980923014150663,1.434490127194156,1.3871259100511193,-532094.366015625,70.0,460331.1875,474682.03125,-0.02134044681560976,-0.018673389086742986,-0.014227976648339968,0.006226013172461187,-8.331329107474073,-0.02400807382800796,-1.1470786689810815,-1.6792648600735054,0.6174902286085935,207.37374999999997,87.5,2249.25,2249.19,1.4980397663252765,3.0185363259022324,4.561795037447913,8.055357530381514,17.549531495540215,-1.5332154990055358e-05,1.0024672682642215,1.274292585350063,1.4492100248628907,-0.9468168377876269,20.0,1.4076269865036,1.38685119152069,0,1,0
CHN,1970,555835.75,2247.39,1.4501166343689,9.909191221202175,20.746924191400783,17.0964379115625,25.73814165584254,47.10080623351842,0.048566418325869165,1.0160653398322697,1.6113537172001406,1.5885102878042228,-516162.771484375,70.0,505722.71875,460331.1875,-0.0613668805613754,-0.08269423141047394,-0.08002881037174614,-0.07647469443470278,3.2523201323164663,-0.040026433745765644,-1.1184655787759301,-1.73719417996973,0.43947774849414695,242.66666666666674,88.88888888888889,2248.77,2249.25,1.4980492151805969,3.018530354468396,4.561804700822947,7.71803665179267,17.859940519992712,9.44885532039308e-06,1.002469979592089,1.274293853621176,1.458688567233052,-0.9447613239288302,20.0,1.42871379852295,1.4076269865036,0,0,0
CHN,1971,597974.375,2244.62,1.4778516292572,7.581128957610228,18.241548743947945,29.90090422669873,25.261649387464182,84.01529423417757,-2.3280622635919466,0.9699788135627081,1.3775912727734783,1.6542219433424832,-520637.8726562499,70.0,555835.75,505722.71875,-0.12325408585069919,-0.18454532922442812,-0.20584639324219278,-0.19874704880641358,3.707297239856211,-0.06188720528932379,-1.0914269878178509,-1.6513628620284442,0.1831125376796268,260.3411111111111,88.88888888888889,2247.39,2248.77,1.9126044230483696,3.4393053937779694,4.988867322587409,8.157994494001919,17.971896177725743,0.4145552078677728,1.0400804174419132,1.339112218045072,1.5328421992695866,-0.9357164978981021,20.0,1.4501166343689,1.42871379852295,0,0,0
CHN,1972,619575.75,2242.96,1.50611710548401,3.6124248635236222,11.467416408534348,22.512935849789727,30.524374046442283,86.37891265374451,-3.968704094086606,0.8775442507395468,1.0946598688936153,1.5539367804140842,-565809.0511718751,70.0,597974.375,555835.75,-0.07395461147097215,-0.19711754524136538,-0.2583634609141905,-0.2769886047866099,3.6837750257711743,0.04929947437972704,-0.9070366951156204,-1.339042024187564,-2.1627504661734904,269.27666666666664,88.88888888888889,2244.62,2247.39,1.9126058169328441,3.861790823431366,5.417691565734284,8.599762879573557,18.083963542485336,1.3938844745098322e-06,1.0031425979024249,1.3334948434070837,1.5815226498615669,-0.9263439655303951,30.0,1.4778516292572,1.4501166343689,0,0,0
CHN,1973,666225.0625,2242.81,1.53492307662964,7.529234722307976,11.413647532973293,19.860059828825328,44.72733557727935,88.93042500745514,3.9168098587843536,1.0979566283104198,1.2593994612521524,1.6895310830117822,-597037.3648437499,70.0,619575.75,597974.375,-0.006687591397080972,-0.08063725708582492,-0.20379195422245422,-0.2863176614427032,-0.21489206456549725,0.06726702007389118,-0.6504022873883628,-0.9358210493114957,-1.6416617475541218,281.04111111111115,88.88888888888889,2242.96,2244.62,1.9125983657408252,3.8617846502713826,5.8482497373494535,9.04331128534488,18.196119261070297,-7.45119201894795e-06,1.003141836791848,1.302980061281151,1.6047279844301543,-0.9166358947753901,30.0,1.50611710548401,1.4778516292572,0,0,0
CHN,1974,682645.125,2242.04,1.56428015232086,2.46464196924443,10.179445370481343,14.159595049537032,34.9840732263919,72.55077969025663,-5.064592753063546,0.8097988520676609,1.132358346148356,1.5148354999459908,-564965.171875,70.0,666225.0625,619575.75,-0.03433193181767713,-0.04101722723544032,-0.11494150457538321,-0.2992747146217667,-0.2930673343324641,-0.02764434042059616,-1.1412928494409216,-0.9017542531459454,-1.468873974107453,301.412222222222,88.88888888888889,2242.81,2242.96,1.9126089208119756,3.8617878135152495,5.848254408806985,9.488699131908906,18.308405302347897,1.0555071150442075e-05,1.0031433787391648,1.2768581391850244,1.605504265407916,-0.9065838813781761,30.0,1.53492307662964,1.50611710548401,0,0,0
CHN,1975,729184.5625,2240.91,1.59419858455658,6.817515542940411,9.45018486151592,17.69094618373943,31.187057057772915,64.95216763743348,4.352873573695981,1.117618067879458,1.3474083565252493,1.575083147575301,-532719.7593749999,70.0,682645.125,666225.0625,-0.05040052809048845,-0.0847151564332238,-0.09139708242680289,-0.2883344679828648,-0.36458865951422004,-0.01606859627281132,-1.0568531470182818,-1.292447924247539,-1.4242819554193649,329.73777777777764,88.88888888888889,2242.04,2242.81,1.9126006419841968,3.861790133294263,5.848249034012798,9.935887001971079,18.420779054256585,-8.278827778873676e-06,1.0031417703915118,1.2768574250217306,1.5886438593974896,-0.8961798071861269,30.0,1.56428015232086,1.53492307662964,0,0,1
CHN,1976,717571.8125,2239.18,1.62360882759094,-1.5925666281504713,5.116375437384102,7.707117742962422,20.000428530068692,50.3145160487892,-8.410082171090883,0.3208179445203624,0.7905214892749425,1.1780996995038966,-613698.2234375,70.0,729184.5625,682645.125,-0.0772007800402541,-0.12756239852991236,-0.16185053571190489,-0.2423572809651553,-0.440622651828082,-0.026800251949765652,-1.0621671004746203,-1.5303551971951086,-1.4953271454774288,329.46777777777766,88.88888888888889,2240.91,2242.04,1.84482932799368,3.792714187548585,5.777862898252506,9.862776171042341,18.825375402033618,-0.06777131399051672,0.9971325870523576,1.2677113409185552,1.5601256434439625,-0.886738002300264,30.0,1.59419858455658,1.56428015232086,1,0,0
CHN,1977,773411.6875,2238.19,1.65356159210205,7.781782119542213,6.065285426280531,13.296302745881317,24.829237990673448,62.93258151427024,9.374348747692684,1.1320579199013845,1.4209103896931998,1.402328929606656,-620820.32890625,70.0,717571.8125,729184.5625,-0.044212613546024127,-0.12137926110373787,-0.17171861340564698,-0.21266540642721488,-0.48906495227171165,0.032988166494229976,-0.8982998182650946,-1.2632228133582224,-1.4074686360027493,335.9766666666669,88.88888888888889,2239.18,2240.91,1.8448264139800719,3.7236896407094378,5.707509594667326,9.789709318164652,19.23136398569989,-2.9140136081906576e-06,1.0030323874161426,1.26759083451547,1.5363318054853687,-0.876936197280886,30.0,1.62360882759094,1.59419858455658,0,1,0
CHN,1978,870626.25,2235.76,1.68406701087952,12.569575049252158,21.32949411247951,19.397241079140382,30.680501080668975,89.13040733308995,4.787792929709945,1.0770697206431388,1.599702806940934,1.8435684841174906,-611481.0054687499,70.0,773411.6875,717571.8125,-0.10856987119055583,-0.1527344831590005,-0.22981735098686062,-0.31433781729168775,-0.5997554740468924,-0.0643572576445317,-1.1080797552340855,-1.4155579450673046,-1.6188441152268747,340.49000000000024,88.88888888888889,2238.19,2239.18,1.8448311162507558,3.7236914619567463,5.637216542124612,9.716704147635058,19.638727235726595,4.7022706839428e-06,1.0030330643923249,1.2720048222103493,1.5190762379310023,-0.8667661786079368,30.0,1.65356159210205,1.62360882759094,0,0,0
CHN,1979,920240.5625,2239.98,1.71366083621979,5.698692464188859,18.98456893955329,28.243688850305837,34.805117446638164,81.9654384470937,-6.870882585063299,0.8767124936703523,1.3209425828542012,1.78084764608216,-620198.04296875,70.0,870626.25,773411.6875,0.18875013418255815,0.07997533721444405,0.03572736448165248,-0.09188060873133175,-0.3908803479235279,0.297320005373114,0.9458282651252281,0.5954426563394781,-0.42041070512867257,348.10888888888894,88.88888888888889,2235.76,2238.19,1.7572831216980278,3.6345331437784845,5.546410385219858,9.549484066348345,19.944305009962626,-0.08754799455272799,0.9949058057454575,1.2641488073071583,1.4995272775799882,-0.8575468182563759,30.0,1.68406701087952,1.65356159210205,0,0,0
CHN,1980,976120.8125,2243.18,1.73743569850922,6.072352412742066,12.117089566274842,26.20973128234503,33.864711720360916,75.6131757448131,0.3736599485532066,1.0191995209389206,1.1785622831263056,1.7210382566911262,-564613.6828125,70.0,920240.5625,870626.25,0.14285841837873292,0.3318781980176544,0.22294800709501406,0.10129813334760485,-0.18732841206910988,-0.04589171580382523,0.9511868396695119,1.4494624295153378,0.8201927368768988,357.7144444444443,88.88888888888889,2239.98,2235.76,1.3873726811587606,3.1690358688178266,5.072330344861675,8.984897825165294,19.81351412228736,-0.36991044053926725,0.9617518654354092,1.2069438180531789,1.4486622700223677,-0.8536956667900049,30.0,1.71366083621979,1.68406701087952,0,0,0
CHN,1981,1006404.4375,2245.2,1.75906920433044,3.102446399277037,9.36319029079964,15.595462174497964,40.25138947330098,68.30226838733684,-2.969906013465029,0.888010470918964,1.0529697019630588,1.5309900966576955,-566171.140625,70.0,976120.8125,920240.5625,0.09005073155075038,0.2330377949802953,0.4222277883135783,0.2688484177243433,0.0258395630440722,-0.052807686827982536,0.916873019082865,1.2514080213304453,1.495237310724263,374.8855555555556,88.88888888888889,2243.18,2239.98,1.2451399404180608,2.649787352952382,4.453634740564705,8.343165819102616,19.02880976046195,-0.1422327407406998,0.9839161367095667,1.1809326669185594,1.4011800488388346,-0.852177965641026,30.0,1.73743569850922,1.71366083621979,0,0,0
CHN,1982,1085817.375,2247.71,1.78097200393677,7.890757884302357,11.238010817436606,17.992774851195502,40.393194536512624,75.2517549306925,4.788311485025321,1.1126923726205264,1.3844330131171187,1.6275912857705226,-473218.4976562499,70.0,1006404.4375,976120.8125,0.1117940495279024,0.20194545243805706,0.345092366896127,0.4253436928947085,0.2117737275742826,0.02174331797715201,1.0340414589230136,1.1486185259810602,1.785345224537467,385.93555555555554,88.88888888888889,2245.2,2243.18,1.245135754318838,2.505779377326345,3.927916557016231,7.705211129919443,18.24923822005409,-4.186099222813766e-06,1.0020554432671758,1.211630688405673,1.3781526487022968,-0.850633132457731,30.0,1.75906920433044,1.73743569850922,0,0,0
CHN,1983,1203111.75,2249.34,1.80314755439758,10.80240358098894,19.545552977552315,23.254389681400212,38.18923447346092,80.58638404945926,2.911645696686583,1.0576751212208717,1.5003787239467774,1.7688437825858805,-410198.4632812501,70.0,1085817.375,1006404.4375,0.0725182519097256,0.18439337252806887,0.27461015165970437,0.6073997209002702,0.29115261658367864,-0.03927579761817679,0.9222278202888952,1.1514535837425552,1.6816673961289885,394.3466666666666,88.88888888888889,2247.71,2245.2,1.2451375098424755,2.5057769164867905,3.7821172861097985,7.0710098083252015,17.474783059285492,1.7555236375699224e-06,1.0020562267635984,1.258738260356904,1.3755925878928088,-0.8490619421005281,30.0,1.78097200393677,1.75906920433044,0,0,0
CHN,1984,1398717.625,2252.69,1.825599193573,16.258329702124506,28.817023673064735,38.9816631248707,51.99478071257047,104.89674265234079,5.455926121135565,1.0722888721389452,1.5385707292975281,1.9801399858203668,-315375.7124999999,80.0,1203111.75,1085817.375,0.14893257577777153,0.2215588309879779,0.33360057010511923,0.5674157804980373,0.47501382669354886,0.07641432386804592,1.0935968785683434,1.3757200163652015,1.7485470296727519,391.2277777777779,88.88888888888889,2249.34,2247.71,1.2451359912650783,2.5057771563833375,3.78211323799984,6.532118549207078,16.705386235606934,-1.5185773971637673e-06,1.0020557941200796,1.2727220516524642,1.3898173266096714,-0.847465646266935,30.0,1.80314755439758,1.78097200393677,0,0,0
CHN,1985,1597070.5,2251.3,1.84833037853241,14.181052090481817,32.744983996706864,47.084632901550314,63.61401985781345,119.02143601675603,-2.077277611642689,1.002316148328169,1.4108492865341413,1.9598237724672989,-196133.97265625,80.0,1398717.625,1203111.75,-0.06170400720915126,0.08713667120132662,0.15971811310178108,0.36198610900597394,0.4636509275249834,-0.21063658298692278,0.1128894376586499,0.6955105072577425,1.1938075113521498,394.29555555555567,88.88888888888889,2252.69,2249.34,1.2451355718952284,2.5057751943060147,3.7821130510051093,6.382663837190705,15.941037486651366,-4.193698499577181e-07,1.00205593785056,1.2727222031274668,1.4159698509142653,-0.845845305919646,30.0,1.825599193573,1.80314755439758,0,0,0
CHN,1986,1702933.875,2249.28,1.86939430236816,6.6285974852080765,21.749654437935597,41.544114667652444,69.20969458662587,137.31894778127173,-7.5524546052737405,0.885126017275623,1.1797615428167012,1.739761155477627,-171160.9281250001,80.0,1597070.5,1398717.625,-0.08972593612579516,-0.15137457883684924,-0.0026674491184097704,0.18172100481028686,0.45105797658073765,-0.0280219289166439,-1.0555954846132924,-0.4034633548444231,0.6923815482465762,398.3977777777782,100.0,2251.3,2252.69,1.1396189815629842,2.398944354781718,3.673950465618603,6.2717883847960065,15.138219908665373,-0.10551659033224414,0.9870717449387006,1.2505830555451374,1.4317795734293688,-0.8449903130531338,30.0,1.84833037853241,1.825599193573,0,0,0
CHN,1987,1872639.375,2246.5,1.89069819450378,9.965477960792812,17.254646867498955,33.88258941828948,72.46356690507001,142.12711098964354,3.336880475584736,1.067715768569683,1.216710660782059,1.7046037782199839,-88815.69140625,80.0,1702933.875,1597070.5,-0.12359510598948242,-0.2132101452494206,-0.27478259325517396,-0.05383256736857245,0.3712821520961196,-0.033869169863687265,-1.0484063967967887,-1.4174181551122296,0.07741549470159045,399.72777777777765,100.0,2249.28,2251.3,1.1396146927714401,2.2922209396899262,3.5658977698916683,6.161028378012934,14.340959752232507,-4.28879154412698e-06,1.001882619586512,1.2498570062419514,1.4538540919460297,-0.844127953052525,30.0,1.86939430236816,1.84833037853241,0,0,0
CHN,1988,2046669.125,2244.57,1.91224467754364,9.293286914892507,20.184885335022184,28.15145762193967,70.11463191179041,135.080107566249,-0.6721910459003055,1.0041669056900993,1.2959592963055877,1.6467284728041554,-26951.24609375,80.0,1872639.375,1702933.875,-0.08591141776095323,-0.20940034144260045,-0.2989383911517818,-0.21206220491344352,0.394049450746059,0.03768368822852919,-0.9347839348158873,-1.2846706472074205,-0.6202665621093464,399.3611111111111,100.0,2246.5,2249.28,1.1396045705494018,2.292206364446314,3.457947764835123,6.0503713564644235,13.549203516845342,-1.0122222038333462e-05,1.001881764294373,1.2606924078736508,1.4715128067627057,-0.8432597041130061,30.0,1.89069819450378,1.86939430236816,0,0,0
CHN,1989,2117340.0,2244.56,1.93403697013855,3.452970201033345,13.067151543793631,24.33483361178661,51.37723026833238,130.0854891951147,-5.840316713859162,0.8347407213435807,1.1330113753243782,1.4369612392971904,-45455.684375000186,80.0,2046669.125,1872639.375,-0.00044551963183092624,-0.08635655464055425,-0.20984492815480094,-0.3609018551154475,0.2044661113045576,0.08546589812912231,-0.5818200255209591,-0.9002220315959785,-0.9079666140718564,407.43000000000006,100.0,2244.57,2246.5,1.1396184207401294,2.2922101348991086,3.4579471911570625,5.939845774872365,12.85996209173419,1.3850190727637823e-05,1.001885233610755,1.27206571937196,1.4778268486064454,-0.842386865615844,30.0,1.91224467754364,1.89069819450378,0,0,0
CHN,1990,2231913.0,2246.84,1.9560774564743,5.411176287228314,9.050992792985046,19.185414436775904,39.75043681540671,128.65130744254057,1.958206086194969,1.0690377065080907,1.1391510122535957,1.3698600520211681,8996.649999999907,80.0,2117340.0,2046669.125,0.1015789286096247,0.10113295642373288,0.015134653906079265,-0.19810775996090824,0.1631612264731519,0.10202444824145562,1.154692172077428,0.25119948776571865,-0.34135466307266576,420.61666666666656,100.0,2244.56,2244.57,1.1396103940128466,2.2922160247278223,3.457942793861868,5.829427422355216,12.584164015547872,-8.026727282839374e-06,1.0018820751214517,1.2720654946671714,1.482689115971062,-0.84126425981522,30.0,1.93403697013855,1.91224467754364,0,0,0
CHN,1991,2462458.75,2243.52,1.99119687080383,10.329513291960746,16.29963775302974,20.31542958855159,44.60096109134008,144.67884463198226,4.9183370047324315,1.0916570167998105,1.439974140325198,1.5181709158056054,182942.4156249999,80.0,2231913.0,2117340.0,-0.14776308059319954,-0.04633424813771381,-0.04677956134138128,-0.256081946222797,-0.07482629609834035,-0.24934200920282423,-0.8558303542233928,-1.1858968199753201,-1.3594088966865385,430.9766666666667,100.0,2246.84,2244.56,1.7953999834357415,2.95547094227393,4.12877045429183,6.515616757864806,13.196050837678408,0.6557895894228949,1.0670007294892794,1.3954848838671359,1.610617776570178,-0.8285936117172281,30.0,1.9560774564743,1.93403697013855,0,0,0
CHN,1992,2807116.5,2240.88,2.0269467830658,13.996488266047091,25.77177067385692,32.57750290458783,49.901606122107744,158.52565676617579,3.6669749740863455,1.059203313152549,1.537390145612121,1.7589610239576758,426704.6124999998,80.0,2462458.75,2231913.0,-0.11767222935387123,-0.26526143383596157,-0.16395195494884884,-0.2501669263298423,-0.30386482241926416,0.03009085123932831,-0.9598883874060994,-1.4795316054042604,-1.639986955758866,433.0811111111111,100.0,2243.52,2246.84,1.7953981741412717,3.623032736098142,4.803931587750054,7.206257929377191,13.81126590341184,-1.8092944698011593e-06,1.0029523116634127,1.3762524128243616,1.6740009539316991,-0.8149433255195593,30.0,1.99119687080383,1.9560774564743,0,0,0
CHN,1993,3149965.75,2237.37,2.0633385181427,12.213573964600322,27.91953367746769,41.13299891169593,53.90693647171718,161.8182184655748,-1.7829143014467697,0.9991220081847875,1.4032918845920017,1.848572098928459,662686.1812499999,80.0,2807116.5,2462458.75,-0.15663489343473724,-0.27412280701755165,-0.42148083530648695,-0.3207741349122717,-0.5321560991224161,-0.038962664080866016,-1.043679256964538,-1.446526181104599,-1.8009881393073217,437.2888888888888,100.0,2240.88,2243.52,1.7953966715325897,3.6230293647331546,5.4834772167831725,7.9013863849864086,14.429820960051632,-1.5026086819247553e-06,1.0029523369406377,1.3200894796454177,1.6875883533831386,-0.8008826017379769,30.0,2.0269467830658,1.99119687080383,0,0,0
CHN,1994,3541243.5,2234.29,2.10038375854492,12.421650933823635,26.15235242285099,43.80925162705771,67.24963869761116,153.1778706942368,0.2080769692233133,1.0212487288298677,1.3392742043588763,1.8649257168478988,919999.953125,80.0,3149965.75,2807116.5,-0.1376616295024946,-0.2940808967905495,-0.41140707459705883,-0.4575507003599766,-0.8168012465097352,0.018973263932242634,-0.9775564434798868,-1.2721395371481903,-1.8468217993565255,435.4611111111112,100.0,2237.37,2240.88,1.7954029392891924,3.623034215434373,5.483480279728048,8.601013888294663,15.051746623207096,6.267756602618135e-06,1.0029530493214587,1.2761346725498726,1.6697068309992866,-0.7864029526710521,30.0,2.0633385181427,2.0269467830658,0,0,0
CHN,1995,3900627.5,2232.77,2.13809394836426,10.148525510883388,23.830790858599027,38.95495609106354,74.76610871481103,144.23640033423695,-2.2731254229402467,0.985541026060045,1.2754879021402603,1.7767522113029122,1122901.7671875,80.0,3541243.5,3149965.75,-0.0680305600436859,-0.2055985375686631,-0.36191139195316246,-0.6262128144416179,-0.8230799982232528,0.0696310694588087,-0.8704288445567632,-1.1171052111009288,-1.6668674703321626,430.9277777777777,100.0,2234.29,2237.37,1.7953952303203957,3.6230327483466107,5.483477229251554,9.305178140441983,15.677044169015119,-7.708968796649174e-06,1.0029517737296212,1.2761338019076158,1.6354006006553627,-0.7714958786964403,30.0,2.10038375854492,2.0633385181427,0,0,0
CHN,1996,4297152.5,2252.17,2.17208456993103,10.165672061738796,21.345863395160492,36.4190229687418,74.50657802897204,152.33818899750293,0.01714655085540784,1.015969368519973,1.284548430374247,1.7198217536396758,1334914.1046874998,80.0,3900627.5,3541243.5,0.8688758806325803,0.8002542194612161,0.6614909469600638,0.38555484239053417,0.1284855598235879,0.9369064406762662,1.1518319035780897,1.638231103997936,1.625425712789172,440.91111111111127,100.0,2232.77,2234.29,1.589762769441183,3.4137005246975383,5.270393143545671,9.084370399506358,16.19188991746792,-0.2056324608792126,0.9822674493951308,1.2458463204514933,1.5703478432263493,-0.759987294673921,30.0,2.13809394836426,2.10038375854492,0,0,0
CHN,1997,4669251.0,2272.02,2.20661544799805,8.659187683006353,19.705124367810043,31.85342945211196,66.33620300404348,149.34063986559076,-1.5064843787324431,0.9892403224861146,1.2626466725533232,1.6356224954948269,1580828.5515625002,80.0,4297152.5,3900627.5,0.8813721877122926,1.7579060987024997,1.6886796252948422,1.389632644318306,1.1359893167148805,0.012496307079712388,1.003799665467811,1.5847274461889298,2.4238268374382095,462.65111111111105,100.0,2252.17,2232.77,1.5897575326966562,3.204793675517026,5.05772761862926,8.864005036210054,16.709026031369522,-5.236744526904147e-06,1.002617772609167,1.2444912504054064,1.5222331429352174,-0.7481805443763689,30.0,2.17208456993103,2.13809394836426,0,0,0
CHN,1998,5063926.0,2297.68,2.24169540405273,8.452640477027252,17.843758163109168,29.823368163199394,60.76130351576046,147.42279727310589,-0.20654720597910092,1.009668628812936,1.2758519143903888,1.5753364011245696,1858031.3875000002,80.0,4669251.0,4297152.5,1.1293914666244076,2.0207177966139245,2.9071512067969207,2.6955756088621996,2.3661547646096848,0.24801927891211495,1.039734282660093,1.4558642751624127,2.3635192509322365,488.3033333333333,100.0,2272.02,2252.17,1.5897630049905631,3.204793914811077,4.845505304747233,8.644092297107719,17.22848181396346,5.472293906905179e-06,1.002618877838651,1.2591728943649823,1.4902844921334035,-0.7360702157020609,30.0,2.20661544799805,2.17208456993103,0,0,0
CHN,1999,5489099.0,2317.83,2.27733302116394,8.396114003245714,17.55844781100866,27.738054444192993,55.00484504948615,159.24504330905756,-0.0565264737815383,1.012166445621385,1.2907995149816622,1.5508199260326254,2156657.7828125,90.0,5063926.0,4669251.0,0.8769715539152623,2.016267462434307,2.9154104707903805,3.73899538555873,3.264336885625685,-0.2524199127091453,0.9576006818337671,1.2695228139090078,2.0701770276020053,511.3900000000001,100.0,2297.68,2272.02,1.5897617957721266,3.204798245659357,4.845504299874115,8.42461583028069,17.750232096173278,-1.2092184364931313e-06,1.0026181918604808,1.2748622863340036,1.475633284806377,-0.7236508846282983,30.0,2.24169540405273,2.20661544799805,0,0,0
CHN,2000,5985309.5,2334.04,2.31353735923767,9.039926224686411,18.19504273956609,28.18564476401033,53.444785486437766,168.16948062043636,0.6438122214406974,1.0246849220256502,1.3307417534017796,1.5768738069208168,2499246.3875,90.0,5489099.0,5063926.0,0.6993610402833639,1.582465791581078,2.729729491817845,4.535621671735113,3.8810062131704903,-0.1776105136318984,0.9619989166552897,1.1827263874349576,1.810710499553462,525.6644444444446,100.0,2317.83,2297.68,1.5897691614389364,3.204804499980596,4.845516301294128,8.205598776781176,18.27432250089256,7.365666809810989e-06,1.0026190816867915,1.2748634426790586,1.4820784045239064,-0.7109171032905599,30.0,2.27733302116394,2.24169540405273,0,0,0
CHN,2001,6520996.5,2351.23,2.32968354225159,8.950030069455895,18.799032409508378,28.773534605363515,51.75157269843227,164.81647662118198,-0.08989615523051597,1.0125051307861503,1.3309110947115013,1.6091817118828944,2948276.3703125,90.0,5985309.5,5489099.0,0.7364912340833918,1.4410030071230429,2.330611747501843,4.398424630467512,4.800937812009698,0.03713019380002791,1.0096355814627804,1.1851501423569133,1.652092982769089,549.3044444444445,100.0,2334.04,2317.83,0.6979002499981402,2.298764414389143,3.925071088596055,7.2556554428064635,16.999156457649313,-0.8918689114407963,0.85169312054264,1.1040075650347172,1.3611723279643633,-0.7113888502120962,30.0,2.31353735923767,2.27733302116394,0,0,0
CHN,2002,7119989.0,2368.38,2.34594249725342,9.185597630668862,18.95774145012885,29.71143351577372,52.48674787455205,153.64066649887883,0.2355675612129673,1.018069155677126,1.330226800932416,1.6419247284237402,3445587.790625,90.0,6520996.5,5985309.5,0.7294054601208799,1.4712687014789783,2.1809192218583906,4.2411598489449975,5.689729035021962,-0.007085773962511865,0.9996114998305836,1.2492225327092084,1.5360001927546523,578.9144444444446,100.0,2351.23,2334.04,0.6979040160156824,1.4006749398863372,3.0127115995715936,6.3140611737207974,15.737744910358842,3.7660175422615794e-06,1.0011580008668888,1.0534516741653808,1.2820146134221784,-0.71194598674774,30.0,2.32968354225159,2.31353735923767,0,0,0
CHN,2003,7792220.0,2382.44,2.36231517791748,9.441461215740631,19.4943134841431,30.189090472263793,53.87705112594456,147.37475320168164,0.25586358507176854,1.0186408439023276,1.3312692797293346,1.672140871199211,3993653.8109375,90.0,7119989.0,6520996.5,0.5936547344598475,1.3273903446281432,2.0736576922417926,3.68893840743707,6.483952140236093,-0.1357507256610324,0.9654218125018883,1.2233778936319444,1.4189594724469272,597.9755555555555,100.0,2368.38,2351.23,0.6979148330885643,1.4006896247527267,2.10836529114371,5.380738776850924,14.4899471000959,1.081707288186351e-05,1.0011596850257432,1.1209193406259614,1.2367057209966785,-0.7125905275344859,30.0,2.34594249725342,2.32968354225159,0,0,0
CHN,2004,8640414.0,2376.13,2.37880182266235,10.885139279948453,21.354316699084784,32.50143593851031,57.410423823654845,143.99378353959565,1.4436780642078215,1.0362668610677324,1.3671641920461874,1.7261478917659878,4649140.875,90.0,7792220.0,7119989.0,-0.2648545188965956,0.3272278941723883,1.0590201724203885,2.515283692074055,6.348325418813139,-0.8585092533564431,0.06815974894056046,0.6941478566191027,1.0821184487429825,591.4055555555556,100.0,2382.44,2368.38,0.6979019945765108,1.4006875892056403,2.1083670601582227,4.455597866251004,13.255580699705515,-1.2838512053470197e-05,1.0011540734511335,1.2693049360658102,1.221354488829062,-0.713325357437137,30.0,2.36231517791748,2.34594249725342,0,0,0
CHN,2005,9890539.0,2485.6,2.39540362358093,14.468346076935656,26.92838497886354,38.9122792184089,65.24690995511592,153.56276650359462,3.583206796987204,1.057403129753787,1.4356547828389021,1.8417624092527107,5691604.2828125,90.0,8640414.0,7792220.0,4.607071161931375,4.330014606873611,4.949374678049967,6.493461980086024,11.3236025206358,4.871925680827971,1.1531782015399215,1.7451501938105423,2.1343989804445083,638.663,100.0,2376.13,2382.44,0.6979060113548874,1.400678705904923,2.1083690834458935,3.538575420724377,12.034535498943978,4.016778376580987e-06,1.0011580634165793,1.2693037863139265,1.2325057852607295,-0.7141524553298968,30.0,2.37880182266235,2.36231517791748,0,0,0
CHN,2006,10778327.0,2459.6,2.40445852279663,8.976133656618712,24.74317781532227,38.32164646275387,65.28650184063125,150.82486600138117,-5.492212420316944,0.9390214169315896,1.2924608316144006,1.7368877349143477,6389966.1828125,90.0,9890539.0,8640414.0,-1.0460251046025104,3.5128549363881545,3.2386964624502523,4.609076951212754,9.210228357539618,-5.653096266533886,0.3349418938083266,0.8346106273563949,1.4180772697934514,616.2389999999998,100.0,2485.6,2376.13,0.3780114184749994,1.0785555942430358,1.7839848498243827,3.2096625652757726,10.698200064695396,-0.319894592879888,0.8892182684177032,1.1351627977426761,1.1925872626298164,-0.7221245288848888,30.0,2.39540362358093,2.37880182266235,0,0,0
CHN,2007,11919245.0,2366.0,2.41354775428772,10.585297699726492,20.511581825823644,37.94761454717332,67.40538503640947,155.2710274088928,1.6091640431077803,1.0388991631617943,1.2852885868315462,1.7141511445123707,7323750.059375,90.0,10778327.0,9890539.0,-3.8054968287526414,-4.811715481171541,-0.4263234755674139,-0.10049063072649078,4.13640724993618,-2.759471724150131,-1.1297724218322505,-0.8777103462374322,-0.1343831511654533,536.4569999999999,100.0,2459.6,2485.6,0.37801573222890905,0.7574560933353736,1.460648436299028,2.8817951468738334,9.377814629069569,4.313753909634954e-06,1.0006301353195217,1.1046720781715837,1.1918311279707765,-0.7302586078643798,30.0,2.40445852279663,2.39540362358093,0,0,0
CHN,2008,12685565.0,2319.2,2.4226713180542,6.429266283225155,17.69512095893917,28.259592323532612,62.79782911673439,150.50849874188526,-4.156031416501338,0.9285793270044096,1.1858638283861163,1.5806506680963992,8006764.334375,90.0,11919245.0,10778327.0,-1.978021978021982,-5.708245243128973,-6.694560669456074,-2.654421517435912,0.9365969151492015,1.8274748507306593,-0.8728715609439277,-1.1874067900213845,-1.0157942583048762,498.37099999999964,90.0,2366.0,2459.6,0.3780146363489889,0.7574593233734328,1.1383340245811002,2.5549571327703857,8.073171478796205,-1.0958799201432612e-06,1.0006277618732935,1.1647777048476302,1.22752725305258,-0.7385576486587531,30.0,2.41354775428772,2.40445852279663,0,0,0
CHN,2009,13676858.0,2324.4,2.43182945251465,7.814338580898839,14.746009499762769,26.892216203869125,58.28938289299563,149.16398847971223,1.385072297673684,1.0398308606216118,1.2571074319111248,1.5446258033053344,8957020.41875,90.0,12685565.0,11919245.0,0.22421524663678305,-1.758241758241752,-5.496828752642702,-2.177069436436563,0.28345478313769323,2.202237224658765,-0.4730161648794738,-0.8616061754834105,-0.9468893630405668,516.3330000000003,90.0,2319.2,2366.0,0.3780180329127525,0.7574616327542083,1.1383406891205095,2.2291739205476,6.784094812437558,3.396563763580218e-06,1.0006297370181017,1.2672989478520575,1.2786474473184357,-0.747024321556089,30.0,2.4226713180542,2.41354775428772,0,0,0
CHN,2010,15095605.0,2444.0,2.44102191925049,10.373340134115594,18.9982866352425,26.649003355497758,52.62671731035083,152.21093412128477,2.5590015532167554,1.0536116179180472,1.3711675377243906,1.6072967859799554,10105738.96875,90.0,13676858.0,12685565.0,5.145413870246074,5.381165919282527,3.296703296703307,-1.67364016736401,4.71114462477078,4.921198623609291,1.1539172479294995,0.9308379240347713,0.9925589913829458,619.991,100.0,2324.4,2319.2,0.37800622598489486,0.7574531905974125,1.1383311108703609,1.904409562567344,5.510373951982661,-1.1806927857627159e-05,1.0006230520433186,1.2672899661412538,1.2940648004953985,-0.7556620121002191,20.0,2.43182945251465,2.4226713180542,0,0,0
CHN,2011,16329355.0,2402.4,2.47546982765198,8.172908604855511,19.39405234740319,28.72390784328487,51.501759039227515,150.41195774296153,-2.200431529260083,0.9759609371104689,1.336477804776027,1.590717079388804,11126772.965625,90.0,15095605.0,13676858.0,-1.7021276595744594,3.3557046979865834,3.587443946188351,-2.3255813953488302,2.1763077197892278,-6.847541529820534,0.19983693433896293,0.589767824619578,0.17313811306848345,587.5080000000003,100.0,2444.0,2324.4,1.4112084832104799,1.794549165123538,2.179350917489953,2.953317937576938,6.257772043128695,1.033202257225585,1.131421601738932,1.6158431356170022,1.7699405045685346,-0.7448827505111675,20.0,2.44102191925049,2.43182945251465,0,0,0
CHN,2012,17410208.0,2407.6,2.51040363311768,6.619079565604391,15.332959493839438,27.29683966887717,46.06804373934759,144.52577103700582,-1.55382903925112,0.9772703393200793,1.237282121307024,1.5432069967023363,12014627.33125,90.0,16329355.0,15095605.0,0.21645021645020357,-1.4893617021276673,3.579418344519003,1.758241758241752,1.6559842592827057,1.918577876024663,-0.45883146774088623,0.5095700350873684,0.19814439411645865,591.5119999999997,100.0,2402.4,2444.0,1.4111990005079011,2.842322443728529,3.2310728255132926,4.013008595247092,7.010450429062409,-9.482702578722524e-06,1.00232622141271,1.4928670314999135,1.9618333658269278,-0.7311032295227031,20.0,2.47546982765198,2.44102191925049,0,0,0
CHN,2013,18091038.0,2425.8,2.54583048820496,3.9105219190948226,10.788442041954504,19.843080154786776,42.61121203509659,132.16795727020028,-2.7085576465095684,0.9164684514248653,1.109690077707914,1.4344616693610825,12553865.7,90.0,17410208.0,16329355.0,0.7559395248380341,0.9740259740259827,-0.744680851063817,4.5964125560538305,1.819982874699888,0.5394893083878305,1.128552985371738,0.5454193309836823,0.4473043218743989,608.174,100.0,2407.6,2402.4,1.4112015542012024,2.842315416937158,4.293634896431042,5.0836103615440775,7.768451559848999,2.55369330126598e-06,1.0023276174052322,1.3600278079529802,1.9539081657568675,-0.7171190500259352,20.0,2.51040363311768,2.47546982765198,0,0,0
CHN,2014,19092806.0,2423.2,2.57462215423584,5.537371598025498,9.664433647202841,16.923209765480628,39.59935827366196,120.9709627339616,1.6268496789306752,1.0571888045000482,1.2188845449290584,1.4383281492248163,13402037.11875,90.0,18091038.0,17410208.0,-0.1071811361200603,0.647948164146861,0.8658008658008587,4.250559284116329,1.9809522206276409,-0.8631206609580944,0.44022545316158945,0.15811388300833903,0.3171712387361022,605.0699999999999,100.0,2425.8,2407.6,1.1309341358065161,2.5580954501092323,4.005394268041118,5.871822202561683,8.231889252309731,-0.2802674183946863,0.9638459264919775,1.2199423483888616,1.8077941837267408,-0.709350156784057,20.0,2.54583048820496,2.51040363311768,0,0,0
CHN,2015,20095396.0,2405.09,2.59902787208557,5.2511401414752745,11.079286882267336,15.423066743372615,33.120838813681196,103.17796633732499,-0.2862314565502233,1.0001366740910285,1.2957839521272858,1.434997054690258,14211899.44375,90.0,19092806.0,18091038.0,-0.7473588643116424,-0.8537389727100386,-0.10425319820567269,-1.5920621931260204,-3.2390569681364556,-0.6401777281915821,-1.14700852988507,-0.7115689670517057,0.15564577339958838,589.559,100.0,2423.2,2425.8,0.9479339641965456,2.0895886087890725,3.5302784699139167,6.472942810918925,8.500623715356937,-0.1830001716099705,0.9714178644629885,1.1738280368826706,1.645442182971453,-0.7057771921157858,20.0,2.57462215423584,2.54583048820496,0,0,0
CHN,2016,21125002.0,2397.2,2.62366509437561,5.1235914932952875,10.643778604360188,16.77053577578025,29.368257350030056,95.99518552369027,-0.127548648179987,1.004401746837736,1.3120809086056706,1.4470596989631725,15099889.00625,90.0,20095396.0,19092806.0,-0.32805425160805646,-1.0729613733905574,-1.1789924973204857,-0.21645021645022577,-2.5369978858351017,0.419304612703586,-0.8474257796326186,-1.1885253804964921,0.13581896857288375,598.7559999999999,100.0,2405.09,2423.2,0.9479399030172697,1.9048597115146837,3.0573365560379484,5.986551121255035,9.1166709469382,5.938820724082916e-06,1.00156976166158,1.193302030297047,1.5344230256900098,-0.7008474349975584,20.0,2.59902787208557,2.57462215423584,0,0,0
CHN,2017,22242982.0,2383.04,2.64853596687317,5.2922125167136125,10.686955360322337,16.499282504625047,27.75827836175191,86.6140179180812,0.16862102341832497,1.0134308205091145,1.2929157653698828,1.471983404674366,16023594.290625,100.0,21125002.0,20095396.0,-0.5906891373268719,-0.9168056081061526,-1.6573126444371034,-1.0201030071440464,0.7202028740490363,-0.26263488571881544,-1.0803227590129862,-1.3269677551599792,-0.24620267706837523,585.7270000000003,100.0,2397.2,2405.09,0.9479438725192413,1.904869713762336,2.8708605849493196,5.502395389061121,9.736215584215735,3.969501971567979e-06,1.00156942681578,1.2470997470937424,1.4583643528133692,-0.695922183990477,20.0,2.62366509437561,2.59902787208557,0,0,0
CHN,2018,23692778.0,2369.82,2.67364239692688,6.51799295616029,12.15515151193831,17.901523314096423,30.964171320628473,86.76959205206862,1.2257804394466776,1.0401834505537222,1.3574550196558786,1.571889579205912,17222157.734375,100.0,22242982.0,21125002.0,-0.5547535920504831,-1.1421658601701856,-1.4664731881135373,-2.3076923076923106,2.1826491893756517,0.03593554527638876,-0.9883619855109451,-1.2625848725187223,-0.8479550272689912,570.2520000000002,100.0,2383.04,2397.2,0.9479361567194644,1.9048659319517158,2.870862819236941,5.020440650470759,10.359270653117347,-7.715799776875087e-06,1.0015673885898524,1.2708692597639653,1.4119465618446396,-0.6910082578659051,20.0,2.64853596687317,2.62366509437561,0,0,0
CHN,2019,25296168.0,2357.2,2.69898700714111,6.767420857106754,13.726513828046972,19.745162627676915,32.4905726271979,84.95598916066834,0.24942790094646394,1.016340126820659,1.3617823406477763,1.6644456586014515,18554869.959375,100.0,23692778.0,22242982.0,-0.5325298967854275,-1.0843292601047438,-1.668613382279327,-2.7236711786068013,1.4111168473584401,0.022223695265055632,-0.9921709094830145,-1.2931128872742421,-1.683216591189063,559.8799999999997,90.0,2369.82,2383.04,0.9479431596148391,1.9048652122894305,2.870866137868311,4.830411821814784,10.985867218204959,7.002895374697005e-06,1.00156995145743,1.270869841254356,1.397974903263687,-0.6861076831817656,20.0,2.67364239692688,2.64853596687317,0,0,0
CHN,2020,25899170.0,2254.58,2.7245717048645,2.3837681659925725,9.312508647149787,16.4374902609731,28.881112867842962,71.56761852207978,-4.3836526911141815,0.8211950669423209,1.1195832373374337,1.5002509584935526,19180825.4,100.0,25296168.0,23692778.0,-4.353470218903777,-4.862816585225893,-5.390593527595011,-6.257977871929954,-7.750409165302785,-3.820940322118349,-1.1489320708406485,-1.7258957493076457,-2.5632007092320634,550.9599999999998,100.0,2357.2,2369.82,0.9479370465917958,1.9048661105972586,2.8708591819161633,4.830415022759582,11.616027835631781,-6.113023043319288e-06,1.00156766788085,1.2708687000071457,1.4316102566911488,-0.6812232494354253,20.0,2.69898700714111,2.67364239692688,0,0,0
CHN,2021,28254862.0,2291.62,2.73290514945984,9.095627388831385,11.69621422501621,19.2551671230786,33.75081337270407,73.0310964517582,6.711859222838813,1.1330270500398398,1.3944885887857292,1.7003086536011782,21071208.303125,100.0,25899170.0,25296168.0,1.6428780526750009,-2.7821143729848896,-3.299828678971406,-4.4043050225262785,-4.6112221112221246,5.9963482715787775,-0.18306405846319942,-0.7149297078527964,-1.4049388506923761,533.252,100.0,2254.58,2357.2,0.30586255375335547,1.2566989848038501,2.2165549364820736,4.163643268281825,10.399453022299255,-0.6420744928384403,0.7968175833267283,1.0579271241427917,1.312832750844788,-0.6931007385253887,10.0,2.7245717048645,2.69898700714111,0,0,0
CHN,2022,29195480.0,2339.3,2.74130630493164,3.3290482891050743,12.727473505907728,15.414635133669252,31.257040984882334,67.69173579086475,-5.766579099726311,0.8317371216126163,1.2189707619360979,1.5447441780387965,21802688.434375,100.0,28254862.0,25899170.0,2.080624187256186,3.7576843580622743,-0.7593755302901628,-1.8354706593258885,-2.8368499750789034,0.43774613458118505,1.0391352793335695,0.3484787342798693,-0.4521026616641764,557.565,90.0,2291.62,2254.58,0.30740750272508777,0.6142103009167288,1.5679696744949068,3.502702595653018,9.197830530829876,0.0015449489717322962,1.0013459878934101,0.9756888016745637,1.2274129750544238,-0.7164794206619258,10.0,2.73290514945984,2.7245717048645,0,0,0
CHN,2023,30590320.0,2327.79,2.74977564811707,4.7775888596453875,8.265685388942966,18.113128721885687,29.11242404753043,69.09101622582408,1.4485405705403132,1.0581795777966798,1.2325878412704392,1.5233037568039272,22941892.953125,100.0,29195480.0,28254862.0,-0.49202752960287865,1.5783594138644386,3.2471679869421344,-1.7735524217029175,-4.040316596586702,-2.5726517168590646,0.33038385062489156,0.33385076957328264,-0.5136643821636038,546.1469999999999,90.0,2339.3,2291.62,0.30895282187886064,0.6173100687582922,0.9250607428525459,2.847548022042834,8.01094813095391,0.0015453191537728728,1.0013445507813166,1.0405335190976104,1.1629890846854498,-0.7300606727600059,10.0,2.74130630493164,2.73290514945984,0,0,0
DNK,1960,70038.3828125,1909.47,2.57189679145813,5.4602097649220305,15.391681331034412,18.863888853163814,26.595045983466647,40.4787873797271,-3.9570591635679655,0.9178169842014405,1.352244611615335,1.828266673122251,-582416.9572265625,20.0,66412.140625,60696.21484375,-0.7051372053478056,-1.4054908116425513,-2.101053603014691,-3.4768103121445737,-6.832852730652705,0.00018992496215730625,-0.9987731635694072,-1.2603784893531806,-1.4722547976672118,-175.8933333333332,22.22222222222222,1923.03,1936.69,1.1133672780062165,2.46979428940739,3.8444118147920037,6.649220881475704,-9.509593655741044,-0.22812400837508573,0.9700234208988785,1.2276749296733873,0.1812789033333942,0.36959563493728487,60.0,2.54357743263245,2.50990724563599,0,0,0
DNK,1961,74371.171875,1921.42,2.58985066413879,6.186306548652509,11.98430162783206,22.530164469816416,31.48854070870999,55.16402512939016,0.7260967837304788,1.0282413436555553,1.2907203392945266,1.8195555095252067,-596571.3150390625,20.0,70038.3828125,66412.140625,0.625828109370663,-0.08372204281783535,-0.7884586588457587,-2.182965942065873,-5.584110542195308,1.3309653147184686,0.46526460459643104,-0.43158574823458795,-1.0123313287607247,-150.46444444444433,33.33333333333333,1909.47,1923.03,0.6980790496838418,1.8192185114038306,3.185114455595861,5.972117132005317,-6.200701408014487,-0.41528822832237466,0.917688386531189,1.1219917503503452,0.6739558361980806,0.3679735541343647,60.0,2.57189679145813,2.54357743263245,0,0,0
DNK,1962,78623.5390625,1933.45,2.60792994499207,5.71776278400884,12.257787666204912,18.387298350240467,33.43397196057845,58.04735336827014,-0.46854376464366965,0.9968629043677711,1.237709600364274,1.7627099029882334,-631100.968359375,20.0,74371.171875,70038.3828125,0.6260994472837789,1.2558458629881697,0.5418532212186022,-0.8715937347791525,-4.318284167446096,0.0002713379131158433,1.0011101808092258,0.8005013414501437,-0.5553895950061362,-129.45222222222196,33.33333333333333,1921.42,1909.47,0.6980819822401507,1.401034195991624,2.530000130289678,5.299307534943609,-2.770810970711979,2.9325563088988815e-06,1.0011580972458434,1.1177917396924597,1.170492504080237,0.36661123037338594,60.0,2.58985066413879,2.57189679145813,0,0,0
DNK,1963,80248.2265625,1945.55,2.62613534927368,2.066413594926697,7.902329006429953,14.5774978519033,32.21290119834104,50.68187180887742,-3.6513491890821426,0.8239543948808639,1.0909096686448165,1.507422232979483,-664953.474609375,20.0,78623.5390625,74371.171875,0.6258243037058131,1.2558420334960463,1.889529555321623,0.4574815793957576,-3.0352114430960198,-0.00027514357796576405,1.0009655804482713,1.3953153776821396,0.002239524488987947,-119.86333333333346,33.33333333333333,1933.45,1921.42,0.698078731622731,1.4010338757102003,2.108893249359345,4.630772863809107,0.7844947860166096,-3.2506174196811344e-06,1.0011566310113809,1.1967781828895556,1.3508196817098452,0.36518592834472496,60.0,2.60792994499207,2.58985066413879,0,0,0
DNK,1964,87272.3828125,1957.73,2.64446783065796,8.75303611168199,11.00032363478931,17.34705882970866,31.410284311250503,58.009871952604676,6.686622516755293,1.1365266539696803,1.4140305532782538,1.665386306217706,-709316.703125,20.0,80248.2265625,78623.5390625,0.6260440492405817,1.2557862887584426,1.8897482070551863,1.8044440284342933,-1.7351804447121366,0.00021974553476855618,1.0010964862695324,1.2688862884230112,0.7366790207779981,-107.5855555555554,44.44444444444444,1945.55,1933.45,0.6980783145602354,1.4010301824269655,2.1088925039363993,3.9664763781574575,5.042139204840335,-4.170624956501001e-07,1.0011572997964462,1.2693053044443867,1.2796520811972614,0.3639553427696218,60.0,2.62613534927368,2.60792994499207,0,0,0
DNK,1965,91443.46875,1969.98,2.66292834281921,4.779388167344245,13.950765851231338,16.30545996830426,30.561936295421944,65.28494329009385,-3.9736479443377446,0.9053041377258474,1.317255499095301,1.5802567651079433,-755989.385546875,20.0,87272.3828125,80248.2265625,0.6257246913517145,1.2556860527871416,1.889368744989528,3.16894216719823,-0.41804625300139175,-0.00031935788886716665,1.0009537401811113,1.2687579135337614,1.4491099489477302,-91.66777777777816,44.44444444444444,1957.73,1945.55,0.6980804208405411,1.401031883436854,2.1088909206611106,3.5394713996073746,10.424039552479613,2.1062803057247947e-06,1.001157899450785,1.2693061310451987,1.3031026344040444,0.3631233215331999,60.0,2.64446783065796,2.62613534927368,0,0,0
DNK,1966,94441.3046875,1982.31,2.68151760101318,3.27834888426628,8.21442207026941,17.686469512128046,26.98644152902827,66.97261886443854,-1.501039283077965,0.9412549929146257,1.1684470168290306,1.466184252264573,-807403.23046875,20.0,91443.46875,87272.3828125,0.6258946791337872,1.2555357480347196,1.889440004111953,3.1690104193773383,0.9168660591559297,0.00016998778207266696,1.0010831254671824,1.2688375791599316,1.7249908147793587,-73.15777777777794,44.44444444444444,1969.98,1957.73,0.6980757947955052,1.40102934608215,2.108887942687998,3.539468052876038,9.722966362848995,-4.626045035927007e-06,1.0011563011962414,1.2693051024281519,1.3503513029051013,0.3630276083946211,60.0,2.66292834281921,2.64446783065796,0,0,0
DNK,1967,99854.34375,1953.71,2.70023679733276,5.731643670543707,9.197895831133373,14.416887143475465,27.003115022109412,69.46530088766265,2.453294786277427,1.0809627683141174,1.2427486472834504,1.524027169057853,-835879.297265625,20.0,94441.3046875,91443.46875,-1.4427612230175857,-0.8258967096112624,-0.205339857896647,1.0478678010809706,0.16714091619882687,-2.068655902151373,-1.0426280373230037,-0.5642702186530446,0.4526045731670146,-93.0966666666668,44.44444444444444,1982.31,1969.98,0.6980821722933017,1.4010311097613748,2.1088918544690527,3.539468248291877,9.026343090814159,6.3774977965280755e-06,1.0011589114815387,1.2693071181328457,1.4128267612866958,0.36289860010146935,60.0,2.68151760101318,2.66292834281921,0,0,0
DNK,1968,105430.6875,1909.21,2.71908640861511,5.584477891078232,11.636203935198841,15.296028181345655,31.38070710869487,73.70224448330059,-0.1471657794654746,1.004916423277334,1.3686523695204016,1.5869207149501487,-883935.069140625,20.0,99854.34375,94441.3046875,-2.2777177779711444,-3.6876169721183794,-3.084802891399907,-1.867852278276061,-1.4189157789837314,-0.8349565549535587,-1.0641453309133526,-1.6365776811100883,-1.2386521131325439,-126.42888888888888,44.44444444444444,1953.71,1982.31,0.6980725283415534,1.4010278205048854,2.1088838513936947,3.539461869973226,8.334139173581923,-9.64395174829491e-06,1.001155110235956,1.269304065637097,1.4716265479923223,0.3627351999282822,60.0,2.70023679733276,2.68151760101318,0,0,0
DNK,1969,113410.1640625,1869.71,2.7380678653717,7.56845729807083,13.575594013655511,20.085342359221634,29.949659225136106,70.76721664925252,1.9839794069925976,1.0535881212011777,1.4209297469272948,1.7004781439177656,-924406.920703125,20.0,105430.6875,99854.34375,-2.0689185579375713,-4.299512210102829,-5.680241738174141,-4.496023455736998,-2.772707654066753,0.2087992200335731,-0.979580444900525,-1.4408402384973555,-1.946401348171842,-171.68624999999997,37.5,1909.21,1953.71,0.6980821461373798,1.4010277941663762,2.108890291719634,3.539465809665465,7.64633426307626,9.617795826422082e-06,1.0011596770127014,1.2693072432586154,1.5000956689168479,0.36253722906112307,60.0,2.71908640861511,2.70023679733276,0,0,0
DNK,1970,115612.2265625,1845.31,2.7571816444397,1.9416800233058806,9.657092544805801,15.780868633969657,26.430272323303573,65.06981160888007,-5.626777274764949,0.770555378007217,1.1049247233720125,1.493809769017594,-956386.294921875,20.0,113410.1640625,105430.6875,-1.3050152162634943,-3.3469340722078855,-5.548418137799372,-6.32849064457508,-3.36009468595998,0.763903341674077,-0.9127752301675324,-1.1739982727716833,-1.909620839185973,-159.41333333333318,33.33333333333333,1869.71,1909.21,0.6980754315746296,1.401030717666396,2.1088834565616166,3.539460679618034,7.204210277680834,-6.7145627502540606e-06,1.0011558071493805,1.2693053951906175,1.5000948306779762,0.3623036861419697,60.0,2.7380678653717,2.71908640861511,0,0,0
DNK,1971,118539.296875,1809.71,2.77522230148315,2.5317999657394674,4.522639443210186,12.433390776286068,25.516369418273776,59.388771060695355,0.5901199424335868,1.0436473899289482,1.0327142287194828,1.3847602187297399,-1000072.9507812499,20.0,115612.2265625,113410.1640625,-1.9292151454227136,-3.209053810483975,-5.2115796586022505,-8.707013534714548,-5.81392928146891,-0.6241999291592193,-1.0561066868626152,-1.212917349422688,-1.8665221254523021,-174.56888888888875,33.33333333333333,1845.31,1869.71,0.6543151438655359,1.3569581887045823,2.0645130176878412,3.4944652399284903,7.157618773590646,-0.04376028770909368,0.9902347508570151,1.2530851036797788,1.486185708880624,0.36165417432784785,60.0,2.7571816444397,2.7380678653717,0,0,0
DNK,1972,123686.703125,1751.81,2.79338097572327,4.342362731768135,6.984102635662781,9.061391584652533,23.86712333182801,57.31510511969966,1.8105627660286672,1.0781577284379993,1.2383727742772621,1.4150988128471351,-1061698.098046875,20.0,118539.296875,115612.2265625,-3.199407639898111,-5.066899328568097,-6.305790737601025,-10.334184704997163,-9.394605497944097,-1.2701924944753973,-1.0694098671678807,-1.4245484476898636,-1.9055116796766418,-221.87333333333345,22.22222222222222,1809.71,1845.31,0.6543142230593935,1.312910643974874,2.02015118219363,3.449481855906722,7.111043419218999,-9.208061424459402e-07,1.0010849611838393,1.2526929348772464,1.4783372704207833,0.36091990470886515,60.0,2.77522230148315,2.7571816444397,0,0,0
DNK,1973,130666.2109375,1709.51,2.81165838241577,5.642892595695104,10.23029019253241,13.021100641861437,23.935652926004103,62.82753717396208,1.3005298639269691,1.0463861313843423,1.4864389446076938,1.5499500628059633,-1132596.21640625,20.0,123686.703125,118539.296875,-2.414645423875872,-5.53679871360605,-7.359197099674308,-10.459823696712256,-12.13230191976562,0.784762216022239,-0.9442966741097854,-1.3267123264543337,-1.7381569122773841,-252.2588888888888,11.11111111111111,1751.81,1809.71,0.6543112755240221,1.3129067503222291,1.975812441879965,3.404524898780581,7.064488629399901,-2.9475353713337427e-06,1.001084445105376,1.2607122348032798,1.4753960646611082,0.36009941101074006,60.0,2.79338097572327,2.77522230148315,0,0,1
DNK,1974,125346.03125,1691.51,2.83005547523499,-4.071580287917542,1.3415574051828694,5.74217542573896,10.524512759651937,43.62622769140976,-9.714472883612647,-0.33466739066082646,0.437040797355638,0.9996189347957001,-1122264.265625,20.0,130666.2109375,123686.703125,-1.052933296675651,-3.442154114886886,-6.531433213056237,-9.530889817137423,-13.598402231155472,1.3617121272002208,-0.8431515167126497,-1.0732910936373312,-1.4769824573050163,-249.11777777777797,11.11111111111111,1709.51,1751.81,0.654314654094379,1.3129071841775364,1.9758119456785739,3.3595810763734413,7.017958109585121,3.3785703568156578e-06,1.0010860463467932,1.2690317249315175,1.4762870614313823,0.3591914415359536,50.0,2.81165838241577,2.79338097572327,1,0,1
DNK,1975,124367.203125,1616.51,2.84857273101807,-0.7809007714394633,-4.8206860574788735,0.5501804016170286,7.572708201210077,36.0044679243426,3.290679516478079,-0.7156839161123278,-0.035551527217250925,0.7757644823333895,-1137537.11875,20.0,125346.03125,130666.2109375,-4.433908164894085,-5.440155366157551,-7.723440327432762,-12.399000709907815,-17.942821754535576,-3.3809748682184337,-1.1353165597824382,-1.3835814740684687,-1.6438593543216584,-294.6622222222222,11.11111111111111,1691.51,1709.51,0.6543071662417743,1.312903048007663,1.9758047962114889,3.314655991659987,6.97143761676744,-7.487852604626255e-06,1.0010832930858247,1.2690295598883392,1.4799359976000808,0.35819433927536304,50.0,2.83005547523499,2.81165838241577,1,1,0
DNK,1976,132996.453125,1623.54,2.86721134185791,6.9385254176109745,6.103441647658858,1.7833548327307103,12.196087399814015,40.82445553359986,7.719426189050438,1.1484894587007883,1.342578078295851,1.3177473059167233,-1198273.5828125,20.0,124367.203125,125346.03125,0.43488750456228686,-4.01830317290468,-5.028926417511448,-10.287283597924535,-18.098581957413316,4.868795669456372,-0.49040797991681806,-0.9519944022346156,-1.311972674106237,-286.1722222222222,11.11111111111111,1616.51,1691.51,0.6543140231907829,1.3129024129760358,1.9758075799524821,3.314654841365283,6.924949542548897,6.85694900859346e-06,1.0010869226772297,1.2690321333987646,1.4852424260667352,0.3568645119667062,50.0,2.84857273101807,2.83005547523499,0,1,0
DNK,1977,136177.953125,1598.43,2.88597178459168,2.392169058079907,9.496675733817984,8.641615348312026,10.099104984127605,36.37659415792815,-4.546356359531067,0.817748800779419,1.2476009010091784,1.4253534982439997,-1258054.06328125,20.0,132996.453125,124367.203125,-1.5466203481281582,-1.1184589022028901,-5.502775626511225,-8.755515723737162,-18.18488926196825,-1.981507852690445,-1.1113779778597292,-1.0033612359890738,-1.2824692730675145,-303.7833333333331,11.11111111111111,1623.54,1616.51,0.6543097280583998,1.3129049915549862,1.975802589242437,3.3146502275593237,6.878470341652454,-4.295132383091982e-06,1.0010841026374648,1.269031258215593,1.491037240548141,0.35547399520874423,50.0,2.86721134185791,2.84857273101807,0,0,0
DNK,1978,141342.15625,1575.16,2.90485525131226,3.7922461062839474,6.275132102324621,13.649059155844068,8.170394806662372,34.06168507627345,1.4000770482040403,1.0691799628973453,1.288381408364768,1.6685957193063772,-1340765.09921875,20.0,136177.953125,132996.453125,-1.4558035071914333,-2.9799081020486007,-2.55797984546956,-7.8589771337985725,-17.496765677950567,0.09081684093672493,-0.9870846520638452,-1.051708968239389,-1.254124740603751,-320.1099999999999,11.11111111111111,1598.43,1623.54,0.6543191732296005,1.3129101752909822,1.9758147538706083,3.3146583340048386,6.832031601076105,9.445171200717084e-06,1.0010875840011217,1.2690350332602514,1.4961126938918132,0.3540220618248031,50.0,2.88597178459168,2.86721134185791,0,0,0
DNK,1979,145885.171875,1563.84,2.92386198043823,3.2141971974479544,7.128333571800405,9.691024419941652,16.38595208813203,28.635006466089873,-0.578048908835993,0.9780019633020308,1.1833450894373472,1.6827467169206836,-1394553.43359375,20.0,141342.15625,136177.953125,-0.7186571522893037,-2.1639984234530174,-3.6771499316308853,-7.5476940721603825,-16.359221483545582,0.7371463549021295,-0.8677483792060852,-1.2293435289634258,-1.1556462459219285,-328.03111111111116,11.11111111111111,1575.16,1598.43,0.6543089924148315,1.3129094348339532,1.975809657045069,3.3146525226842583,6.785592037957322,-1.018081476900079e-05,1.0010826168458276,1.2690306024506994,1.49923316311912,0.35265432596206425,50.0,2.90485525131226,2.88597178459168,0,0,1
DNK,1980,142677.25,1577.44,2.9429931640625,-2.198936213852265,0.9445828374363696,4.772649849593624,14.722568663538071,23.410174029360675,-5.413133411300219,-0.26736048721349254,0.5530156156187718,1.1384589647919379,-1398057.2453125,20.0,145885.171875,141342.15625,0.8696541845713224,0.1447472002844119,-1.3131635417253151,-2.4169352493953022,-14.516260140572578,1.588311336860626,0.7267516115562574,-0.43363131184645487,-0.8820066792045774,-308.02555555555546,11.11111111111111,1563.84,1575.16,0.6543121307457378,1.3129023462704836,1.9758120912775068,3.3146576184026166,6.739183107414015,3.138330906260478e-06,1.0010859815880868,1.2690308285710206,1.49923333259206,0.35186179876327506,50.0,2.92386198043823,2.90485525131226,1,0,1
DNK,1981,136565.40625,1546.4,2.95874309539795,-4.283684855153858,-6.388425571438838,-3.3795649696691243,2.683494966324873,15.206863757601475,-2.084748641301593,-1.0864229097820026,-0.9571962541754958,0.32658622136871085,-1436010.171875,20.0,142677.25,145885.171875,-1.967745207424687,-1.1152036013914346,-1.8258462632367523,-4.751345824556208,-14.549845002790496,-2.8373993919960094,-1.0385912975068876,-1.3533774207324436,-1.1419482019014129,-323.91444444444414,11.11111111111111,1577.44,1563.84,0.535167105645229,1.1929808996829605,1.8550956734022073,3.1923615885506518,6.612832197864726,-0.11914502510050884,0.966175884135883,1.2201632284313397,1.4584749493055167,0.3474959254264842,50.0,2.9429931640625,2.92386198043823,1,1,0
DNK,1982,138119.140625,1552.84,2.97457695007324,1.1377217830375708,-3.194699487830055,-5.323386297720667,1.425478541462688,11.66854410001883,5.421406638191429,-0.3152601378706714,-0.7566336831923565,0.37893867633802264,-1420916.73203125,20.0,136565.40625,142677.25,0.4164511122607184,-1.5594887919667344,-0.7033967669326735,-2.8521736954386534,-11.357966902803385,2.3841963196854055,-0.3695232251367022,-0.7591457309122766,-0.9374001496112787,-308.9344444444446,11.11111111111111,1546.4,1577.44,0.535154765546153,1.0731858434608776,1.7345199593658212,3.070202070395367,6.486618757867579,-1.2340099075913713e-05,1.0008845439655163,1.2164720976055772,1.4344657761341213,0.34297181367873897,50.0,2.95874309539795,2.9429931640625,0,1,0
DNK,1983,139197.203125,1545.96,2.9904956817627,0.7805308483108675,1.9271329008329952,-2.4391042545325203,-1.5175607772716426,6.528843322456579,-0.35719093472670327,0.9346781302942422,-0.34340884215331946,0.417578829592562,-1474113.01015625,20.0,138119.140625,136565.40625,-0.4430591690064545,-0.02845318158303245,-1.995638502890762,-1.8537799334670813,-9.56706892618352,-0.8595102812671729,-0.6335290653671481,-0.8474768976453927,-0.9534269662891576,-309.03333333333353,11.11111111111111,1552.84,1546.4,0.5351595187029323,1.0731782159167036,1.6140886183584557,2.948182371970254,6.3605628786692625,4.753156779280232e-06,1.000889832729703,1.2405884649893162,1.4242037055882406,0.3382861852645922,50.0,2.97457695007324,2.95874309539795,0,0,0
DNK,1984,142763.390625,1540.84,3.00649952888489,2.561967783790564,3.362495580977698,4.5384732086937385,-2.1398893457622026,13.89542149943419,1.7814369354796966,1.1259493612460247,1.0465539239479664,0.7785318365537702,-1571329.946875,20.0,139197.203125,138119.140625,-0.3311858004088175,-0.77277762036011,-0.3595447490946868,-1.4707386944955991,-8.907425909394572,0.11187336859763697,-0.9477194304783404,-0.8191837675303587,-1.110606890939519,-320.62222222222226,11.11111111111111,1545.96,1552.84,0.5351570049001442,1.0731804672548195,1.6140784092143923,2.826314956025189,6.234649998698316,-2.513802788151054e-06,1.0008875834704711,1.2682821022466955,1.4252229639980687,0.3334346890449549,50.0,2.9904956817627,2.97457695007324,0,0,0
DNK,1985,146239.75,1527.47,3.02258920669556,2.43504960184886,5.059402571958116,5.879423618083357,2.496894214039025,17.587069842694913,-0.12691818194170423,0.995721313640224,1.4514580368046837,1.3928690013071003,-1646964.72265625,20.0,142763.390625,139197.203125,-0.8677085226240111,-1.1960205956169645,-1.633780685711339,-3.167790850999086,-5.508162646689474,-0.5365227222151936,-1.11241152018224,-1.5999380376346501,-1.293684290046612,-329.5344444444445,11.11111111111111,1540.84,1545.96,0.5351631575554627,1.073184125580906,1.6140868912851047,2.7045948867644,6.108900565628095,6.152655318558686e-06,1.00089027110436,1.268286781908506,1.4350974419887508,0.3284135222435043,50.0,3.00649952888489,2.9904956817627,0,0,0
DNK,1986,156358.09375,1530.95,3.03876495361328,6.9190105631334875,9.522541504151816,12.32847373347683,14.493192707798208,17.565611770896616,4.483960961284628,1.1191840145465075,1.6107680896539902,2.303507961646695,-1717736.709375,20.0,146239.75,142763.390625,0.22782771511060673,-0.6418576880143245,-0.9709177469016006,-0.9990946714950932,-5.702970053093848,1.0955362377346178,-0.30803814754273773,-0.8266002136917702,-1.109565471904911,-319.932222222222,22.22222222222222,1527.47,1540.84,0.5351619360608906,1.0731890831314095,1.6140893345857776,2.7045896056266727,5.983291473875285,-1.2214945721567005e-06,1.000887990881356,1.2682856838195924,1.4510146703401599,0.3243803381919861,50.0,3.02258920669556,3.00649952888489,0,0,0
DNK,1987,158004.359375,1493.03,3.05502724647522,1.0528816164977028,8.044741169893953,10.675684209570102,14.397149200333725,16.027856014229535,-5.866128946635785,0.7017211790378147,1.1413535381180075,1.8281547278901182,-1803450.70703125,20.0,156358.09375,146239.75,-2.4768934321826364,-2.254708766784297,-3.1028529892785706,-3.8516524561448717,-6.593970333389643,-2.704721147293243,-1.1507151646623819,-1.6701564191164935,-2.098699658346572,-353.7422222222224,11.11111111111111,1530.95,1527.47,0.5351612615712042,1.0731871770005785,1.6140936369389403,2.704596241828594,5.857834882036417,-6.744896863253302e-07,1.0008881587598066,1.2682845078054026,1.4694982439058804,0.32020109891891524,50.0,3.03876495361328,3.02258920669556,0,0,0
DNK,1988,158510.0,1471.17,3.07137632369995,0.320016882445584,1.376267897868244,8.390502582232262,13.874414457636043,12.146301008479199,-0.7328647340521188,0.7872754683631453,0.836368354607646,1.4493473508977963,-1915110.37109375,20.0,158004.359375,156358.09375,-1.464136688479123,-3.904765015186651,-3.685833436990571,-4.83777070558099,-6.601869016480865,1.0127567437035134,-0.8996913950292728,-1.4128678768995409,-2.002314537982983,-374.038888888889,11.11111111111111,1493.03,1530.95,0.5351532377851242,1.0731784321749815,1.6140836107108925,2.7045898253755585,5.732508437811656,-8.023786080002537e-06,1.0008858749383927,1.2682795562719122,1.4863297308820538,0.3158719420433038,50.0,3.05502724647522,3.03876495361328,0,0,0
DNK,1989,161119.71875,1454.95,3.08781313896179,1.646406378146481,1.971692038955819,3.0453332384656306,12.857867864190053,10.442834373909871,1.326389495700897,1.141422316060473,0.883458632703657,1.3814817197460076,-2001675.9656250002,20.0,158510.0,158004.359375,-1.1025238415682814,-2.5505180739837763,-4.964237891505274,-5.5742322369616515,-6.9629885410272045,0.3616128469108415,-0.9471736376159122,-1.2065547829104304,-1.7833662742450551,-382.17999999999984,11.11111111111111,1471.17,1493.03,0.5351612283720275,1.073178398798147,1.6140828954272601,2.704594139985095,5.607349444688459,7.990586903261487e-06,1.0008908357448847,1.2682837865943624,1.496882855267654,0.3113893032073962,50.0,3.07137632369995,3.05502724647522,0,0,0
DNK,1990,164922.28125,1440.5,3.10433793067932,2.360085115280164,4.045348085294309,4.378310764566518,12.775275703083455,15.59115503698032,0.7136787371336828,1.0559355975809217,1.5371782062221657,1.379560768472616,-2057994.06875,20.0,161119.71875,158510.0,-0.9931612770198273,-2.084735278723737,-3.5183485931294056,-5.693728845738377,-8.681154275281466,0.10936256454845417,-0.9802189962957905,-1.0625960430356736,-1.6683682817024001,-385.7233333333336,11.11111111111111,1454.95,1471.17,0.5351616491626743,1.0731868551901336,1.6140832871782917,2.7045925990429653,5.4823357589488975,4.207906467712519e-07,1.000888497781712,1.2682860246424454,1.4968842257621493,0.30699621438979996,50.0,3.08781313896179,3.07137632369995,0,0,0
DNK,1991,167227.40625,1437.31,3.12348175048828,1.3977038048035073,3.7907759195365376,5.499593874203512,6.951550917075577,22.452245295466255,-0.9623813104766565,0.9092122523065316,1.309743918930987,1.3012415440797955,-2112288.928125,10.0,164922.28125,161119.71875,-0.2214508851093422,-1.212412797690654,-2.3015694991061597,-6.116463633691504,-7.054449042938449,0.7717103919104851,-0.7386607026549896,-0.9559195217083657,-1.3657725436528878,-375.23333333333335,11.11111111111111,1440.5,1454.95,0.6166796346418035,1.155141516707281,1.6964846146095613,2.7878693537736865,5.567859384160978,0.08151798547912925,1.0235562293283682,1.3051927152466931,1.5299153589305479,0.3036912679672219,50.0,3.10433793067932,3.08781313896179,0,0,0
DNK,1992,172654.5625,1452.37,3.1427435874939,3.2453748890218126,4.688439422129331,7.159175698350073,9.272024634605124,25.004081055474646,1.8476710842183053,1.1049626813871023,1.4142378948554815,1.4649074973783582,-2207757.325,10.0,167227.40625,164922.28125,1.0477906645052215,0.8240194376952337,-0.17732568129490422,-2.7233210317274326,-6.470080626465058,1.2692415496145637,1.1311383433071525,0.08264065654325452,-0.8525621361568433,-355.4288888888891,11.11111111111111,1437.31,1440.5,0.6166783911130347,1.237160955804062,1.7789434159406037,2.871213051205479,5.65346401331186,-1.2435287688461472e-06,1.0010227285309912,1.30327353612697,1.5471821726683832,0.30085347890854086,50.0,3.12348175048828,3.10433793067932,0,0,1
DNK,1993,171676.6875,1448.92,3.16212439537048,-0.5663765763502471,2.660617269485388,4.095508623095756,8.306534288057543,23.333431739884315,-3.8117514653720597,0.400018805338758,0.8693558860313205,1.1861026199270577,-2315602.88125,10.0,172654.5625,167227.40625,-0.23754277491271347,0.8077589385727668,0.5845192641444008,-1.5124016938898976,-6.2770058733731755,-1.285333439417935,0.34474682299803805,0.27724102387269417,-0.7671209481859826,-351.16111111111104,11.11111111111111,1452.37,1437.31,0.616684350377894,1.23716570062109,1.8614746841853824,2.9546386409988967,5.739139322435527,5.9592648593564945e-06,1.001024667118231,1.2852525526351253,1.5520799350044758,0.2979032754898028,50.0,3.1427435874939,3.12348175048828,1,0,0
DNK,1994,181602.328125,1406.66,3.1816246509552,5.781589084423588,5.182466941758346,8.596032311539847,12.712664553977815,27.205110028536073,6.347965660773836,1.1500787169519542,1.5553583161006714,1.7742573141129083,-2439641.21875,10.0,171676.6875,172654.5625,-2.9166551638461713,-3.1472696351480534,-2.132455768066721,-3.319014399120246,-8.708237065496727,-2.679112388933458,-1.1520457501528452,-1.6842364145431732,-1.4945513162664426,-392.16888888888866,11.11111111111111,1448.92,1452.37,0.6166821145072499,1.2371694469768935,1.8614771947308872,3.038121407338523,5.824884400872143,-2.2358706441849563e-06,1.001022468955118,1.2687969466657145,1.5481751073546925,0.294837939739228,50.0,3.16212439537048,3.1427435874939,0,1,0
DNK,1995,188827.984375,1419.14,3.20124483108521,3.9788345912759704,9.990463542116057,9.367503320394444,14.495132461066419,29.122201299578254,-1.802754493147618,0.943636689071317,1.4305697054884827,1.9320746763326722,-2588897.7484375,10.0,181602.328125,171676.6875,0.8872079962464197,-2.0553239654363176,-2.2879844667681004,-1.482818465810476,-7.092119648831064,3.803863160092591,-0.2655962205644078,-0.7018424248250341,-1.010025138369852,-382.7022222222222,11.11111111111111,1406.66,1448.92,0.616671741090502,1.2371567599302802,1.8614704624362988,3.121660804005444,5.91068161012076,-1.0373416747810893e-05,1.0010202727368203,1.2687917183683832,1.5387861013292399,0.2916550040245096,50.0,3.1816246509552,3.16212439537048,0,0,0
DNK,1996,195806.390625,1412.26,3.22098660469055,3.6956419744127222,7.821520046936348,14.055317280629609,17.089892748964395,25.229456262157846,-0.28319261686324815,0.9941474656505124,1.318751727756052,1.8341343441382805,-2766432.0046875,10.0,188827.984375,181602.328125,-0.4848006539171723,0.39810615216184786,-2.5301603953289398,-1.7428390535096816,-7.752702570299485,-1.372008650163592,-0.06825650357368321,-0.7331989395404234,-1.1735113804068722,-398.9988888888888,11.11111111111111,1419.14,1406.66,0.6166905265614364,1.2371652238592157,1.861476715028898,3.1216719670933646,5.996569456963008,1.878547093436822e-05,1.0010281118588418,1.268798698890158,1.526814915845295,0.28891474008559914,50.0,3.20124483108521,3.1816246509552,0,0,0
DNK,1997,209594.328125,1428.09,3.24084973335266,7.041617720437965,10.997492675004894,15.413899309007007,21.39518648689056,32.65097808317987,3.3459757460252426,1.0899430160147243,1.3998899614385636,1.9599758901309379,-2878828.1203125,10.0,195806.390625,188827.984375,1.1208984181382942,0.6306636413602407,1.52346693586225,-1.6717503115597276,-4.349544215454482,1.6056990720554665,1.0406266694971307,0.30679288205982963,-0.4396363637507828,-381.278888888889,11.11111111111111,1412.26,1419.14,0.6166784001269798,1.2371719239613332,1.8614729546956088,3.12167197633173,6.082514880737477,-1.2126434456583013e-05,1.0010198143460571,1.2687962688305225,1.5147033885319012,0.2860537409782409,50.0,3.22098660469055,3.20124483108521,0,0,0
DNK,1998,220369.28125,1441.13,3.26083564758301,5.1408610249099596,12.544478526261083,16.703719514561488,28.36296206495712,39.02547552204909,-1.9007566955280053,0.9567157739525748,1.346502790975537,1.85157686384952,-2985525.33125,10.0,209594.328125,195806.390625,0.913107717300754,2.0442411453981624,1.5495299970404552,-0.5376418297766583,-2.0419122195259543,-0.20779070083754014,0.9662837277680986,1.446531503729301,0.4133654419373621,-368.24666666666644,11.11111111111111,1428.09,1412.26,0.6166874700998415,1.2371688486512156,1.861488878299844,3.1216751737233706,6.168548035651544,9.069972861652786e-06,1.0010255052375494,1.268798278467885,1.5045991471242715,0.2830700278282192,50.0,3.24084973335266,3.22098660469055,0,0,0
DNK,1999,226052.953125,1456.5,3.28094434738159,2.579157967372092,7.852609918997544,15.447178411008512,24.476902614047912,40.301233690553474,-2.5617030575378674,0.8829167321337887,1.1348890114893275,1.6187920507848133,-3106388.2640625,10.0,220369.28125,209594.328125,1.066524185881912,1.9893704178308047,3.1325676575134853,3.5431447542405348,0.10653287054538385,0.15341646858115787,1.0261880460035688,1.4172189763891276,1.2955824919978411,-349.9399999999998,11.11111111111111,1441.13,1428.09,0.6166732080926884,1.2371636245983142,1.8614713455723964,3.1216660455711365,6.254627457305784,-1.4262007153043044e-05,1.0010192338840385,1.268791080157365,1.4984901865939844,0.27996044158935174,50.0,3.26083564758301,3.24084973335266,0,0,0
DNK,2000,236669.375,1465.94,3.30117750167847,4.696431401685541,7.3967177537363815,12.917833758770758,25.335964255165777,43.50357829530689,2.117273434313449,1.0844459214911326,1.2109163030343195,1.5957921485046425,-3249393.7375,10.0,226052.953125,220369.28125,0.6481290765533831,1.7215657157924724,2.6503931825025084,3.2977718900178976,1.76605345366192,-0.41839510932852875,0.9116881387940663,1.1682494215564387,1.466870431631945,-342.4355555555553,11.11111111111111,1456.5,1441.13,0.6166869094572425,1.2371630604983697,1.861479960177026,3.1216815915758422,6.3407907062513535,1.3701364554030704e-05,1.0010267444985637,1.2687973239764976,1.49849250059342,0.27672303915024,50.0,3.28094434738159,3.26083564758301,0,0,0
DNK,2001,236961.296875,1468.68,3.31471872329712,0.1233458595984338,4.825570114966848,7.529187158430228,21.0181629509826,41.700037206072494,-4.5730855420871075,0.6006748821253985,0.9540622855307861,1.3014235108958099,-3335758.8328125,10.0,236669.375,226052.953125,0.18691078761750024,0.8362512873326455,1.911694295448707,3.9950150822086528,2.1825493456526512,-0.4612182889358829,0.7783296077993351,0.9661169412300064,1.289801021519602,-333.2455555555555,22.22222222222222,1465.94,1456.5,0.4101936842767495,1.0294102044883457,1.6524315095134856,2.910043726045708,6.122557712365206,-0.20649322518049296,0.9279029989361373,1.174588842764262,1.4226650594135015,0.2736463308334338,50.0,3.30117750167847,3.28094434738159,0,0,0
DNK,2002,240635.96875,1462.58,3.32831573486328,1.5507477058325003,1.6760063485188992,6.451150238650527,14.810343821177764,39.37423098795898,1.4274018462340665,1.152180889624822,0.9954166408404813,1.1889368645189662,-3433765.240625,10.0,236961.296875,236669.375,-0.41533894381350356,-0.22920446948716533,0.41743906625471006,2.4151138933820704,0.702988907785218,-0.6022497314310038,-1.0321042733199117,0.3298210303534556,0.934229871416355,-326.8855555555556,22.22222222222222,1468.68,1465.94,0.41020106685356605,0.8220773699993966,1.44383392298304,2.6988601356761066,5.904781672543624,7.382576816539199e-06,1.0006845515936407,1.1601730531817256,1.3755492569091168,0.2704272508621197,50.0,3.31471872329712,3.30117750167847,0,0,1
DNK,2003,231499.828125,1457.83,3.34196853637695,-3.7966645936009957,-2.3047935768519157,-2.1842905847028193,5.050861359561654,34.846397315884836,-5.347412299433496,-1.0584652853721923,-0.5049681446950197,0.6805544363139587,-3567066.3609375,10.0,240635.96875,236961.296875,-0.32476855966853124,-0.7387586131764712,-0.5532286451014445,1.1588128760070093,0.6149407834801002,0.09057038414497232,-0.9560616700680563,-0.8627932981149802,0.6753506944866317,-326.6344444444446,22.22222222222222,1462.58,1468.68,0.41020151335584565,0.8220852311934479,1.2356510571679413,2.48810113610225,5.687446745288449,4.465022795940854e-07,1.0006817514344393,1.205342657369874,1.3521319332270976,0.26706283092498406,50.0,3.32831573486328,3.31471872329712,1,0,0
DNK,2004,241784.375,1458.08,3.35567712783813,4.442572142838386,0.4772379856450737,2.0353864485913142,6.959175563745479,33.13946880327199,8.23923673643938,0.6762342160454591,1.0589011843733431,1.0024840874756995,-3749488.75,10.0,231499.828125,240635.96875,0.017148775920383663,-0.30767547758071556,-0.721736525315253,0.10847923103329826,3.655467561457626,0.3419173355889149,-0.5299577333839424,-0.9506790768611733,0.5397495400724808,-326.6444444444446,11.11111111111111,1457.83,1462.58,0.41019510842077445,0.8220792483190964,1.2356524930196455,2.2777826303631565,5.470553442898263,-6.404935071202544e-06,1.00067897408994,1.2674970626949538,1.349309029609177,0.26354994773864293,50.0,3.34196853637695,3.32831573486328,0,1,1
DNK,2005,240840.515625,1451.36,3.36944198608398,-0.3903723617376009,4.034857207304898,0.0850026187118047,1.762433616516712,27.544927422784184,-4.832944504575987,0.49234345289734693,0.5880287407472876,0.8353408641061401,-3958094.2015624996,10.0,241784.375,231499.828125,-0.4608800614506747,-0.4438103208193045,-0.7671375241012468,-0.9945836800960617,2.2703891088969197,-0.4780288373710584,-1.1540788106731645,-1.3010028965166154,0.061961343220398576,-395.577,20.0,1458.08,1457.83,0.4101961458585768,0.8220738588046173,1.235647531570172,2.0678828802995763,5.2541171910850615,1.0374378023314534e-06,1.0006819811771923,1.2674953136838807,1.3644802246179917,0.2598859071731532,50.0,3.35567712783813,3.34196853637695,1,0,0
DNK,2006,256956.171875,1455.7,3.38326358795166,6.691422416273518,6.274928590815687,10.996268963212641,8.438034085603242,31.229716790557372,7.081794778011119,1.1531274735651074,1.5929592788352007,1.741701870252229,-4131404.6453125,10.0,240840.515625,241784.375,0.2990298754272036,-0.16322835509711142,-0.14610757084158044,-0.8837868017539607,3.0759208644300706,0.7599099368778783,0.19174484388976634,-0.3459906535208299,0.09199592754330227,-387.66100000000006,20.0,1451.36,1458.08,0.4102044767283264,0.8220832655405852,1.235650519303766,2.067893850925584,5.038114192241427,8.330869749606507e-06,1.0006849401518954,1.2675022886474014,1.3941700362702156,0.2566805362701414,50.0,3.36944198608398,3.35567712783813,0,1,0
DNK,2007,268544.71875,1432.77,3.39714169502258,4.509931320364391,11.503132291967333,11.067854881027772,11.597912874361182,28.125947468312496,-2.181491095909127,0.941350306771049,1.4026463363785222,2.02802198768038,-4326950.221875,10.0,256956.171875,240840.515625,-1.5751871951638408,-1.2808676000440888,-1.7358443981125848,-2.03817910815135,0.3277104384177498,-1.8742170705910444,-1.1362288769077218,-1.7303537560364561,-2.0304917113472154,-396.77300000000014,10.0,1455.7,1451.36,0.41019881277775117,0.8220859433995864,1.2356542541136273,2.0678915596367586,4.822561196264918,-5.663950575218735e-06,1.000679279469248,1.267500425374551,1.4325054687827503,0.25333533287047993,50.0,3.38326358795166,3.36944198608398,0,0,0
DNK,2008,279068.40625,1429.97,3.41107678413391,3.9187840107170135,8.605449798558173,15.872699211673602,20.54799716711453,26.636709375753796,-0.5911473096473774,0.9835675674393518,1.2972679878740223,1.9620520368614613,-4399732.259375,10.0,268544.71875,256956.171875,-0.19542564403218776,-1.7675345194751668,-1.473790100319694,-1.911059588566566,-0.7743923171400269,1.379761551131653,-0.6736785063480356,-1.1798367839415274,-1.8523292139784224,-390.85900000000015,10.0,1432.77,1455.7,0.41020040853012585,0.8220818585136902,1.2356585518279894,2.0678904365712736,4.607442778119197,1.5957523746834568e-06,1.0006822136901092,1.267498541724457,1.4700458458640684,0.24984781742095663,50.0,3.39714169502258,3.38326358795166,0,0,1
DNK,2009,270852.75,1416.87,3.42506909370422,-2.9439578490444096,0.8594588122020186,5.408151134723549,12.022437347326509,19.81827543311374,-6.862741859761423,-0.3560115215979989,0.5130335309117434,1.2045021618164216,-4448984.83125,10.0,279068.40625,268544.71875,-0.9161031350308102,-1.1097384786113662,-2.66744521536032,-2.8263195435092703,-2.720906282183322,-0.7206774909986224,-1.1388849234524816,-1.276588403781498,-1.9051922660436287,-391.1969999999999,10.0,1429.97,1432.77,0.41020212841273995,0.8220851877494217,1.2356561842073344,2.0678975724579107,4.3927824145402194,1.7198826141040513e-06,1.0006822666619377,1.2674987976794216,1.4944193751192243,0.24621531963348087,50.0,3.41107678413391,3.39714169502258,1,0,0
DNK,2010,282641.3125,1422.29,3.43911862373352,4.35238796726265,1.2802976510351671,5.249253761390538,17.356214657871693,19.424540036073523,7.29634581630706,0.8470992067442837,1.1000875091683473,1.4577217089216155,-4707224.71875,10.0,270852.75,279068.40625,0.3825333305102152,-0.5370742043539378,-0.7314502676633361,-2.002948958218498,-2.9776116348554593,1.2986364655410254,-0.11444641546964485,-0.6193191605969579,-1.269190121938382,-401.71900000000005,10.0,1416.87,1429.97,0.4101969812849937,0.8220817464456465,1.2356543376581541,2.0678984216766283,4.178543019420022,-5.1471277462411535e-06,1.0006794851266783,1.2674968565451787,1.4944165828464182,0.2424346923828109,60.0,3.42506909370422,3.41107678413391,0,1,0
DNK,2011,291508.15625,1436.84,3.45655488967896,3.137136489910697,7.626064808276811,4.457598825735931,13.446645053463936,23.019311632048556,-1.215251477351953,0.9496881420807287,1.3996666182707025,1.4826942950378987,-4911073.878125,10.0,282641.3125,270852.75,1.0229981227457108,1.4094447620459194,0.48042965936347937,-1.2955966201827374,-2.1679331100035504,0.6404647922354956,1.114232847593895,1.1256845282287007,-0.33650692345225025,-378.0519999999999,20.0,1422.29,1416.87,0.5069980961142528,0.9192747682846836,1.3332477813629007,2.1662900280162045,4.278980457224346,0.09680111482925913,1.0338629292855313,1.3232467416160956,1.5450466515946408,0.23620231151581228,60.0,3.43911862373352,3.42506909370422,0,0,0
DNK,2012,294247.8125,1423.27,3.47407937049866,0.9398214736916044,4.106441445993503,8.637557676634255,9.571252739447145,22.27923116751431,-2.1973150162190924,0.7882310506649427,1.1159106154269116,1.2843208622751503,-5101332.85625,10.0,291508.15625,282641.3125,-0.9444336182177548,0.06890296634300963,0.45169987366520115,-0.6630512922520704,-2.6877162274884125,-1.9674317409634656,-0.516047882509154,-0.33440717748038756,-0.9548282824360257,-392.8180000000002,20.0,1436.84,1422.29,0.5069926958783944,1.0165612353081999,1.4309281200933333,2.264776755965392,4.37950144298338,-5.400235858488145e-06,1.0008400229254775,1.318950425268364,1.5707379265046089,0.232572507858277,60.0,3.45655488967896,3.43911862373352,0,0,0
DNK,2013,294565.3125,1425.75,3.49169301986694,0.10790224651202607,1.0487378086869503,4.218774635077449,5.55308515866797,27.242130106873063,-0.8319192271795783,0.669212628930269,0.7710839813916052,1.1122584403544384,-5242606.9875,10.0,294247.8125,291508.15625,0.174246629241126,-0.7718326327218028,0.24326965668042266,-0.2951110862465689,-2.2005309261024952,1.1186802474588808,-0.3971813340591896,0.10124113120271362,-0.6439936626402704,-391.8760000000002,10.0,1423.27,1436.84,0.5070019274128423,1.0165650860311848,1.5287171477773809,2.3633661988496923,4.480128459028143,9.231534447984302e-06,1.000844811725972,1.2919142777360553,1.5771410116859004,0.22874348163604452,60.0,3.47407937049866,3.45655488967896,0,0,0
DNK,2014,295108.4375,1413.66,3.50939559936523,0.1843818592863089,0.29248305796665264,1.235053350243942,8.955304127427176,22.054387302736167,0.07647961277428283,1.0751420265315712,0.6712894300429354,0.9685563414388064,-5395660.44375,10.0,294565.3125,294247.8125,-0.8479747501315082,-0.6752056883093105,-1.613262437014551,-0.22655571788517959,-3.046472072862938,-1.0222213793726342,-1.1327216746440965,-1.284545933059854,-1.2410836338716964,-404.4699999999998,10.0,1425.75,1423.27,0.506991290401726,1.0165636734287053,1.5287102728803292,2.462038088983798,4.580848087316802,-1.0637011116365613e-05,1.000838312120344,1.268104977529165,1.5702950276016956,0.2254232883453331,60.0,3.49169301986694,3.47407937049866,0,0,0
DNK,2015,306024.1875,1406.89,3.52718830108643,3.698894580064316,3.890096529950382,4.0021962780097065,8.27298557071341,27.06507736285286,3.514512720778007,1.1536813056229502,1.733130449653191,1.4622455558937206,-5577472.36875,10.0,295108.4375,294565.3125,-0.47889874510136377,-1.322812554795716,-1.150870881842514,-1.0827608996758609,-3.0640227097343042,0.3690760050301445,-0.8941932111318568,-1.248894517833568,-1.4273431499908535,-408.6410000000001,10.0,1413.66,1425.75,0.507001881589475,1.0165636273730128,1.5287195519700258,2.560821157640114,4.681674759617538,1.0591187749042774e-05,1.0008452552301637,1.26810932019916,1.5556469005903388,0.222383236885074,60.0,3.50939559936523,3.49169301986694,0,0,0
DNK,2016,319175.625,1412.02,3.54507112503052,4.2975156988203755,8.155370854145772,8.354789737844648,9.491147385348665,24.214033339221587,0.5986211187560597,1.0294849852532602,1.5941051921239753,1.8653686061949901,-5705937.36875,10.0,306024.1875,295108.4375,0.3646340509918966,-0.11601092200388408,-0.9630019288094038,-1.727401798390904,-3.0006182592567154,0.8435327960932604,0.3293932148289354,-0.5418004658542922,-1.03689276080432,-386.424,10.0,1406.89,1413.66,0.5069994119276666,1.0165717900752602,1.5287170109133497,2.5608225003416862,4.782587370817981,-2.4696618083908106e-06,1.0008409901335917,1.26810844430801,1.5376424846077,0.22055859565735147,60.0,3.52718830108643,3.50939559936523,0,0,0
DNK,2017,337090.40625,1404.07,3.56304430961609,5.612828752195598,10.151556647789484,14.225946606491036,14.560038148117084,25.524868937680424,1.3153130533752222,1.0470150800152138,1.4848594463389944,2.049442721972341,-5882297.303125,10.0,319175.625,306024.1875,-0.5630231866404212,-0.2004421099019993,-0.6783809402543861,-1.3490061618666949,-2.0031128513299468,-0.9276572376323178,-0.890698212294683,-1.0055354033772346,-1.4581189291670211,-393.2429999999997,10.0,1412.02,1406.89,0.5069908036165582,1.0165606559370932,1.5287165191796515,2.560820569412048,4.8835941943954575,-8.608311108382338e-06,1.000838973166271,1.268104136244059,1.519831036278388,0.21858615875244336,60.0,3.54507112503052,3.52718830108643,0,0,0
DNK,2018,344834.28125,1380.78,3.58110880851746,2.297269473239427,8.039040026944422,12.68203473295717,17.065474655981426,23.56622015502696,-3.3155592789561705,0.8459969473867306,1.1749118247661947,1.7545936036799152,-6125785.984375,10.0,337090.40625,319175.625,-1.6587492076605814,-2.212433251653656,-1.8558664856527574,-3.1541294055760116,-3.4399323062721643,-1.0957260210201603,-1.1195576329825823,-1.711584912836953,-2.2018817989489983,-418.788,10.0,1404.07,1412.02,0.5069961901011721,1.0165574177761982,1.5287107698339186,2.560814714860804,4.984702343096692,5.386484613900677e-06,1.0008435478327922,1.268104833105014,1.5051559716596228,0.21645815372467503,60.0,3.56304430961609,3.54507112503052,0,0,0
DNK,2019,360026.03125,1372.39,3.5992648601532,4.405521964037606,6.803998148493728,12.798723665066847,21.99787789869614,32.923158893531635,2.1082524907981792,1.0892648140436223,1.2519816656725746,1.7976371381603873,-6381272.009375,10.0,344834.28125,337090.40625,-0.6076275728211455,-2.2562977629320358,-2.8066174700074997,-2.9193724092072992,-3.139314121973069,1.0511216348394359,-0.8137558179080927,-1.3043586675418717,-1.8636332735574974,-424.93000000000006,10.0,1380.78,1404.07,0.5069952522122945,1.0165618889261818,1.5287065678326384,2.560818757629524,5.085905179815997,-9.378888776723215e-07,1.0008414829802765,1.2681071037266665,1.4963262823363075,0.21417016983032422,70.0,3.58110880851746,3.56304430961609,0,0,0
DNK,2020,366140.625,1340.6,3.61751317977905,1.6983754560108588,6.178719723794868,8.617931039086034,19.644341838175784,29.5425009746231,-2.7071465080267476,0.833156577811893,1.1053183232958834,1.5609082600811677,-6352203.975,10.0,360026.03125,344834.28125,-2.316396942560073,-2.909949448862237,-4.5204298930965,-4.711811157944135,-5.743554408735207,-1.7087693697389272,-1.131858032001412,-1.4636173977283118,-2.101401974969001,-363.0200000000002,10.0,1372.39,1380.78,0.5070012998452444,1.0165670245764202,1.5287171707620173,2.5608181639976246,5.187217294990076,6.047632949979231e-06,1.0008437719623147,1.268110915885798,1.4963289503517063,0.21171822547912456,70.0,3.5992648601532,3.58110880851746,0,0,0
DNK,2021,395298.21875,1388.91,3.63368630409241,7.963495924550856,9.797121440784707,14.634257741739543,23.849751606188608,35.604514067520185,6.2651204685399975,1.139409789703219,1.534434109374717,1.8180420050991117,-6788355.478125,10.0,366140.625,360026.03125,3.603610323735662,1.203739461814779,0.5887976361187208,-1.6366623702213756,-3.3357924333954903,5.920007266295735,0.8801037871497888,0.48909768755948857,-0.2999158535584238,-369.45799999999986,10.0,1340.6,1372.39,0.44707851802070486,0.9563465117636394,1.4681903953852826,2.4996728115328715,5.124507495667219,-0.059922781824539584,0.9793109868101505,1.2370353812190766,1.470132644403739,0.20768041610718102,70.0,3.61751317977905,3.5992648601532,0,0,0
DNK,2022,410517.28125,1385.05,3.65001320838928,3.8500205106223984,12.120112661631044,14.024333136327893,21.782546651755986,39.51413190200013,-4.113475413928458,0.8809335502717042,1.3088596528757144,1.6718450047348667,-6982274.284375,10.0,395298.21875,366140.625,-0.2779157756802153,3.3156795464717392,0.9224783042721008,-1.3546333160027624,-2.685365390965877,-3.8815260994158773,0.5039675211581353,0.5925842895583173,-0.3198640920896326,-396.6850000000002,10.0,1388.91,1340.6,0.44932068787781887,0.8984080221710489,1.4099642623666142,2.4408593106314935,5.06418590734059,0.002242169857114007,1.0015734918674961,1.2368187563559603,1.456035565706404,0.192227482795714,70.0,3.63368630409241,3.61751317977905,0,0,1
DNK,2023,388496.09375,1379.94,3.66649580001831,-5.3642534689275045,-1.7207578171005822,6.105705628814073,12.66167979057331,31.887930202236547,-9.214273979549903,-0.8520926275620266,0.21070114496342293,0.9320127339594441,-7259930.953125,10.0,410517.28125,395298.21875,-0.36893974946752284,-0.645830183381213,2.934506937192305,-0.06083518011558153,-3.213045765386635,-0.09102397378730753,-1.04308058440897,0.33932293601745167,-0.38118585613682743,-401.703,10.0,1385.05,1388.91,0.4515762187146555,0.9029259319647043,1.3540412378608702,2.3843729991605445,5.006247088641014,0.0022555308368366056,1.0015779716853583,1.2535673445454463,1.4516370396890206,0.18665947914123437,70.0,3.65001320838928,3.63368630409241,1,0,0
EGY,2015,1210753.625,2398.74,2.5598521232605,5.28475495226004,3.052388566560027,3.093761505015391,34.736423182941635,149.73835370551654,7.40506798970999,1.0543733815696135,0.8394341603392401,1.1250163862548854,-4672742.93125,30.0,1149980.0,1174891.375,0.8734340635079496,1.6036393209311717,1.9629680008161232,-0.5897296692457865,2.062316244516582,0.14955144346797677,1.0307782346440626,1.483619680481387,1.0286391099432421,583.2089999999996,90.0,2377.97,2360.88,1.671816481617272,3.3715829185766433,5.099769328242543,8.643289250871344,18.96304641540787,-2.477186233917905e-07,1.0027517534979213,1.275370058003891,1.4928106110399542,-0.744952940940856,10.0,2.51775979995728,2.47635960578918,0,1,1
EGY,2016,1184254.875,2249.63,2.58862996101379,-2.188616201747895,2.9804757474042987,0.7969672941041006,18.182025141831247,120.47854165471561,-7.4733711540079355,0.0850697241340137,0.2465115387624321,0.8652065808714072,-4840858.11875,30.0,1210753.625,1149980.0,-6.216180161251305,-5.397040332720748,-4.712225949645898,-4.129501860193563,-4.537546253861557,-7.089614224759255,-1.1451147061143812,-1.7028806518476745,-2.442740982172148,451.18600000000015,90.0,2398.74,2377.97,1.1241992258769873,2.8148102554386822,4.533685453524061,8.058124765994146,18.13684047659898,-0.5476172557402847,0.9319101153824979,1.182764664753494,1.4247193605219666,-0.7358825683593784,10.0,2.5598521232605,2.51775979995728,1,0,0
EGY,2017,1198915.125,2296.2,2.61768794059753,1.2379303061766933,-0.9777794388185268,4.2553022661263595,2.085731902314758,94.82966077190062,3.4265465079245883,0.07085698485581468,0.6494674552028288,0.7957396870936182,-5020472.584375,30.0,1184254.875,1210753.625,2.070118197214632,-4.27474424072638,-3.4386472495447795,-2.3956881014724485,-2.5580526887561184,8.286298358465938,-0.2445632304864086,-0.6533443112228141,-1.1894210623281374,498.88700000000017,90.0,2249.63,2398.74,1.1225234978104126,2.2593421241600575,3.9689306597851637,7.474332689070606,17.3144185010814,-0.0016757280665746777,1.00161066437396,1.1687941743321624,1.3848756239631574,-0.7267702102661167,10.0,2.58862996101379,2.5598521232605,0,1,0
EGY,2018,1357322.375,2369.46,2.64707231521606,13.21254913687071,14.614041593031235,12.10558010924807,15.527478018978558,93.92343718732785,11.974618830694016,1.1513273840537597,1.7145461360925804,1.4552796628493307,-5113297.890625,30.0,1198915.125,1184254.875,3.190488633394306,5.326653716388918,-1.2206408364391241,0.3634238080715724,0.21909418512189305,1.120370436179674,1.0654705889089264,0.49369460992764913,0.2377758442999086,569.892,90.0,2296.2,2249.63,1.1225316113051331,2.25765579022279,3.407235565016431,6.89369625589884,16.497739429123737,8.113494720518588e-06,1.0018564270549002,1.212530531581351,1.3680646046363973,-0.717578339576725,10.0,2.61768794059753,2.58862996101379,0,0,0
EGY,2019,1470832.625,2404.45,2.67678642272949,8.362806956600854,22.680296071834107,24.198992636614648,27.900713490669403,85.15688828016128,-4.849742180269855,0.9406978964492341,1.4873509416006823,1.8090329464289725,-5270465.415625,40.0,1357322.375,1198915.125,1.476707773079089,4.7143106001219515,6.882020598942917,1.1135548387910754,-0.15779092702170594,-1.7137808603152171,0.8643342899204521,0.893611341180325,0.937987690853424,607.1299999999997,100.0,2369.46,2296.2,1.1225272291438992,2.257659563441683,3.4055258203522953,6.31619516583386,15.6867418309373,-4.382161233884574e-06,1.0018545955100877,1.2717760900409405,1.369772294061635,-0.7083082675933858,10.0,2.64707231521606,2.61768794059753,0,0,0
EGY,2020,1625116.75,2159.05,2.70683407783508,10.489577289598117,19.729607345491516,35.54894054739697,34.223570877188166,80.84803846834386,2.1267703329972623,1.0467162408748323,1.3823684031348327,2.0553689239441333,-5093227.85,40.0,1470832.625,1357322.375,-10.206076233650096,-8.880082381639687,-5.972911767267641,-9.992329306219084,-10.523131244897355,-11.682784006729186,-1.1446273084092375,-1.4014332397450397,-2.2550025612824514,455.43000000000006,90.0,2404.45,2369.46,1.1225271785020086,2.2576550808791174,3.4055295841413535,5.74181427274667,14.881385139459336,-5.064189068093583e-08,1.0018552278284156,1.2719587747881993,1.3847511165004562,-0.6989608764648456,10.0,2.67678642272949,2.64707231521606,0,0,0
EGY,2021,1644345.625,2232.93,2.75470471382141,1.1832303740638928,11.796923528263449,21.146284426350825,38.850652820829644,64.09651342630971,-9.306346915534224,0.675476310099709,0.9888292628145253,1.6768893143438448,-5539308.071875,40.0,1625116.75,1470832.625,3.4218753618489473,-7.133440079851939,-5.762072370919968,-0.7423442966176808,-4.841191035273374,13.627951595499043,-0.2585206571322588,-0.5961722035667696,-1.0609757333122278,474.5619999999999,90.0,2159.05,2404.45,1.768510171285298,2.9108893571145433,4.0660921119022975,6.4155462661252605,14.990643754663836,0.6459829927832894,1.0669822876162218,1.3953788318578118,1.5276410302463848,-0.6713011741638191,20.0,2.70683407783508,2.67678642272949,0,0,0
EGY,2022,1740342.0,2368.25,2.80485892295837,5.837968219120593,7.090275206381325,18.323592393798037,45.15973347154161,48.18737634187262,4.6547378450567,1.1406081664094971,1.135271052880339,1.6075789649488437,-5652449.565625,40.0,1644345.625,1625116.75,6.060198931448824,9.689446747412056,-1.5055418078978478,3.137792875185097,0.6669330431529952,2.6383235695998764,1.082446140824352,0.5821746253976212,0.559670308613609,586.5149999999999,100.0,2232.93,2159.05,1.8206746038991861,3.6213835907404457,4.784561784286323,7.1502404644197215,15.159005913869583,0.052164432613888145,1.0076741474226802,1.383589807440089,1.6335871041811227,-0.652926802635196,20.0,2.75470471382141,2.70683407783508,0,0,0
EGY,2023,1824768.75,2368.51,2.85743236541748,4.851158565385427,10.972335879812366,12.285394264750526,34.43886165952286,55.31382635267026,-0.9868096537351656,0.977955017281288,1.22996981809865,1.5101364522730076,-5823658.296875,40.0,1740342.0,1644345.625,0.010978570674557986,6.0718428253460965,9.701489080845738,-0.040093523418827104,0.3231845752431406,-6.049220360774266,0.5790118287371999,0.5872203357144989,0.5507437029476161,586.8670000000002,100.0,2368.25,2232.93,1.8743702946620644,3.729171082499194,5.563632023683107,7.94689472562633,15.388425765685888,0.05369569076287828,1.0077568444597427,1.3339879278524593,1.6900850055012677,-0.6224039554595957,20.0,2.80485892295837,2.75470471382141,0,0,0
GBR,1960,748998.875,1948.19,2.5501389503479,4.568034941691712,8.186734701154919,9.43258425837672,14.615277424572493,34.34285684818899,1.107417400699351,1.0473636188692859,1.51295997952256,1.5693332675730731,96543.53496093745,90.0,716279.0,692320.4375,-0.4099764340229295,0.053411396143077106,-1.3444807924081092,-2.9428175722128636,-3.6798805509685395,-0.8752718658078362,-0.46928317446761547,-0.787747507586105,-1.3517193341083886,-137.17333333333318,33.33333333333333,1956.21,1947.15,0.511727463590339,1.026066397265324,1.5430549332037247,2.5849522233507782,4.749824479380149,7.1433309045687565e-06,1.0008519247780692,1.2681353616109903,1.5528565834191586,0.34783779382705493,50.0,2.53715562820435,2.52423858642578,0,0,0
GBR,1961,769423.125,1914.14,2.57157015800476,2.72687325464942,7.419472719429154,11.13684983479921,14.594017672810878,36.06276665832952,-1.841161687042292,0.9147538215206976,1.2945556944450072,1.5398196263204715,98480.63808593748,90.0,748998.875,716279.0,-1.7477761409308123,-2.150587104656454,-1.6952982564260588,-4.037740389435895,-5.739428470125918,-1.3377997069078829,-1.1359408017850596,-1.545535560732434,-1.8765493061732514,-157.7444444444443,22.22222222222222,1948.19,1956.21,0.8403937226219016,1.3564217116931898,1.87508311747977,2.920402233152841,5.189866887255068,0.32866625903156255,1.0711210654829348,1.4031853304932305,1.672683063237897,0.3496930480003346,50.0,2.5501389503479,2.53715562820435,0,0,0
GBR,1962,781562.4375,1879.16,2.58991956710815,1.577716097368409,4.347611670311258,9.114247032231848,14.190288062717094,36.47929874627847,-1.149157157281011,0.9054755061793763,1.0750046883599598,1.4697186755197915,71837.93007812498,90.0,769423.125,748998.875,-1.8274525374319506,-3.5432888989266997,-3.938738683474674,-4.840130852669211,-6.10021786492374,-0.07967639650113822,-1.0044604156870063,-1.5477261981774364,-1.948095530484747,-183.74222222222193,22.22222222222222,1914.14,1948.19,0.7135488427672199,1.5599391850715794,2.0796492858872417,3.1270648368255216,5.498884788980041,-0.12684487985468174,0.9732037421360843,1.339217338911551,1.6650294140195512,0.34860085248946593,50.0,2.57157015800476,2.5501389503479,0,0,0
GBR,1963,810494.6875,1871.34,2.60839986801147,3.7018475571249487,5.337968299302154,8.210401183846905,17.069299647823843,33.63282409701676,2.1241314597565397,1.1058948033040392,1.277759121324942,1.5848404727884118,65292.986328125,80.0,781562.4375,769423.125,-0.4161433832137851,-2.235991097829848,-3.9446871198394517,-3.8933826361605472,-6.660282212811808,1.4113091542181655,-0.7403489755716529,-1.0979677920853341,-1.5987100328802437,-194.0733333333335,22.22222222222222,1879.16,1914.14,0.7135472907351836,1.4321876419380208,2.284617379598952,3.3341254681024113,5.808815294528835,-1.5520320362227835e-06,1.0011825501038545,1.2797916822530626,1.6384895093387548,0.34745044708251527,50.0,2.58991956710815,2.57157015800476,0,0,0
GBR,1964,858418.6875,1871.56,2.62701201438904,5.9129320326359425,9.833667319765471,11.566530769399485,19.844179083848612,36.430883900783016,2.2110844755109937,1.0715192082287806,1.522986077819432,1.8014532319254033,61829.6015625,80.0,810494.6875,781562.4375,0.011756281594998974,-0.4044360246067469,-2.224497685644733,-4.327245029930326,-6.827765083063264,0.42789966480878405,-0.5524701197355238,-0.7516685436676116,-1.2906920853937625,-193.75555555555547,22.22222222222222,1871.34,1879.16,0.7135465158476073,1.4321852984147565,2.155953482805084,3.5416190156330574,6.119649094454727,-7.748875763269325e-07,1.0011827284169816,1.2473694053734092,1.6057375101304947,0.3464995265007018,50.0,2.60839986801147,2.58991956710815,0,0,0
GBR,1965,882906.5,1850.01,2.64575695991516,2.852665355098072,8.934273551299498,12.966854295630093,17.878214436570406,35.10644249960764,-3.0602666775378706,0.8769376387545096,1.275449014629501,1.660061322779242,35473.64570312505,80.0,858418.6875,810494.6875,-1.1514458526576732,-1.1398249382795211,-1.5512250154324336,-5.039549530589937,-7.834062353656224,-1.1632021342526722,-1.1546549482617212,-1.1681418367180871,-1.4070968420669159,-211.63777777777818,22.22222222222222,1871.56,1871.34,0.7135462427825701,1.4321842429845244,2.155950845583865,3.7495215527065806,6.431397116799054,-2.7306503724844333e-07,1.0011828439335142,1.2694023884467536,1.5750761603826746,0.34595193862914986,50.0,2.62701201438904,2.60839986801147,0,0,0
GBR,1966,904063.875,1798.18,2.66463565826416,2.3963324542292996,5.317357155042135,11.544700902188199,17.498921675898416,34.64673507064126,-0.4563329008687722,0.9748142467443494,1.1154635558844086,1.5275657065098986,2219.33984375,80.0,882906.5,858418.6875,-2.8016064778028205,-3.920793348864038,-3.909498006775891,-6.0580730772043845,-9.851204203180464,-1.6501606251451473,-1.1065780782320267,-1.689575017008623,-1.8312482471508431,-257.2877777777778,11.11111111111111,1850.01,1871.56,0.7135462037906048,1.4321839287008586,2.1559497430722496,3.619014630796946,6.6451066480456955,-3.899196521217618e-08,1.0011828979615658,1.2694027807352586,1.544619961554676,0.34614566564560123,50.0,2.64575695991516,2.62701201438904,0,0,0
GBR,1967,926286.25,1786.99,2.68364930152893,2.4580536413978393,4.9132892327783395,7.906114287615629,18.51724258434566,35.335180711053525,0.06172118716853969,1.008082279500113,1.1173103587948956,1.4497342850399457,-9447.391015624977,80.0,904063.875,882906.5,-0.6222958769422471,-3.406468073145552,-4.518690290452875,-4.904851103684626,-9.507580744806909,2.1793106008605734,-0.7357040716611642,-1.2024481476548317,-1.5866304088176433,-259.81666666666683,11.11111111111111,1798.18,1850.01,0.7135550860696727,1.4321928350888857,2.155958436035643,3.6190210542112355,6.859255025860311,8.882279067812249e-06,1.001184974217886,1.2694061236977539,1.5183893407797986,0.34631110429763945,50.0,2.66463565826416,2.64575695991516,0,0,0
GBR,1968,959480.6875,1780.21,2.70279836654663,3.5836046902347984,6.129745257214259,8.67296678640377,18.38210691541393,38.58910347421312,1.1255510488369591,1.0591000809004594,1.3666650463894705,1.5063297415206858,-29885.069140624953,80.0,926286.25,904063.875,-0.3794089502459408,-0.9993437809340588,-3.772952578634703,-4.869772462513488,-8.57355622319801,0.2428869266963063,-0.9091169889093936,-0.9102204986239694,-1.3520119651643525,-255.42888888888888,11.11111111111111,1786.99,1798.18,0.7135457306880699,1.4321923586104957,2.155957916606943,3.6190194491585004,7.073807566410895,-9.355381602738078e-06,1.001180744249399,1.2694028496008778,1.4996970823017879,0.34644715785980207,50.0,2.68364930152893,2.66463565826416,0,0,0
GBR,1969,979589.9375,1771.32,2.72208428382874,2.0958472913505055,5.754558863418291,8.35406264850478,14.115635151523897,36.76094615366359,-1.487757398884293,0.9090868864880574,1.24460934329517,1.4369475639011122,-58227.14726562495,80.0,959480.6875,926286.25,-0.49937928671337506,-0.8768935472498463,-1.4937325518023847,-5.355959734125548,-9.451439262655859,-0.11997033646743427,-1.041740804841273,-0.838499965086451,-1.2486264315885807,-270.0762500000001,12.5,1780.21,1786.99,0.7135536827614475,1.4321909452890358,2.1559655026910374,3.619026822829774,7.288817980601037,7.952073377559543e-06,1.0011847569465093,1.2694041278525627,1.4920772329955252,0.34655364751816276,50.0,2.70279836654663,2.68364930152893,0,0,0
GBR,1970,1007798.25,1732.69,2.7415075302124,2.879604150690862,5.0358035476352425,8.799871529994107,14.145523903153956,34.55270543630655,0.7837568593403565,1.0509638213566506,1.266954900953294,1.444836008998776,-64200.271484375,80.0,979589.9375,959480.6875,-2.1808594720321484,-2.6693479982698665,-3.0386292032971607,-6.341587342771115,-11.061549438196483,-1.6814801853187733,-1.136687063877273,-1.6456776484860989,-1.572544287496517,-272.0333333333331,11.11111111111111,1771.32,1780.21,0.7135431661337233,1.432188362435216,2.155953412038847,3.619023657422815,7.504241282162005,-1.0516627724221905e-05,1.0011804716595354,1.2694004802422167,1.5004003588690513,0.3466295719146699,50.0,2.72208428382874,2.70279836654663,0,0,0
GBR,1971,1027146.4375,1694.95,2.76375412940979,1.919847300786648,4.854735454037873,7.052330586904065,13.614365743792156,33.49565461786712,-0.9597568499042142,0.9325183832559292,1.1862810536971231,1.3824318825883755,-91465.8101562499,80.0,1007798.25,979589.9375,-2.1781161084787226,-4.31147392904726,-4.789322608006918,-5.74080459130899,-11.451095531152378,0.0027433635534257483,-0.9960928566356206,-1.503162669164398,-1.723400776018734,-289.32888888888874,11.11111111111111,1732.69,1771.32,0.8114732114438583,1.5308065892228662,2.2552833987776744,3.719775753890464,7.473409613453552,0.09793004531013505,1.0218035856179681,1.3028276706616053,1.5303502134802236,0.35018600225448804,50.0,2.7415075302124,2.72208428382874,0,0,0
GBR,1972,1063448.125,1714.61,2.78618144989014,3.5342270755819083,5.521926139482769,8.560539904484266,14.807720075732522,36.06694410771245,1.6143797747952604,1.084895066877632,1.3774139259375529,1.5198118403028698,-121936.6761718751,80.0,1027146.4375,1007798.25,1.1599162217174497,-1.0434642088313684,-3.2015671928279477,-4.050386403953022,-8.756572085399872,3.3380323301961723,0.027902113669622898,-0.6622405126665326,-1.1586261583266995,-259.0733333333335,11.11111111111111,1694.95,1732.69,0.8114803065039311,1.6295384632512233,2.3547090897290124,3.820623965389025,7.577914205309932,7.095060072792592e-06,1.0013457161972585,1.3012579538723652,1.5460670570260855,0.3537203788757348,50.0,2.76375412940979,2.7415075302124,0,0,0
GBR,1973,1115246.375,1722.84,2.80879044532776,4.870782954269637,8.57715455981416,10.66167013090169,16.23437444122604,37.60070142347478,1.3365558786877285,1.0532153744642905,1.4571294192452333,1.735194378224395,-148016.0523437499,80.0,1063448.125,1027146.4375,0.4799925347455103,1.645476267736501,-0.5684802243909881,-3.2226535071705142,-7.935490076629581,-0.6799236869719394,0.8401929393585663,-0.1571894321010379,-0.8549213435072295,-238.92888888888888,22.22222222222222,1714.61,1694.95,0.8114688811280413,1.6295340977957373,2.4542305419145594,3.9215681085584153,7.682509870277632,-1.1425375889828615e-05,1.0013419394779808,1.284968592088916,1.5506114584538129,0.35723147392273,50.0,2.78618144989014,2.76375412940979,0,0,1
GBR,1974,1045917.6875,1708.99,2.83158326148987,-6.2164458951951325,-1.6484525279500617,1.8275144920609332,6.770970940072574,21.84237164571281,-11.087228849464768,-0.8031755103034757,-0.14601807224655652,0.7354194819350456,-201692.609375,80.0,1115246.375,1063448.125,-0.8039051798193642,-0.32777132992342084,0.8283430189681029,-3.518844703385038,-8.686336532090877,-1.2838977145648744,-0.9316859200387105,-0.40877741056827066,-0.9591753321647741,-231.63777777777796,22.22222222222222,1722.84,1714.61,0.8114815471558012,1.6295353485150876,2.454239013459758,4.022615255215922,7.787221603111205,1.2666027759955512e-05,1.0013468486171846,1.2700177604486418,1.547188743726775,0.36071922779083376,60.0,2.80879044532776,2.78618144989014,1,0,1
GBR,1975,1045515.75,1680.07,2.85456085205078,-0.0384291713204199,-6.252486137872449,-1.686248212624386,3.742564546028926,18.41749381163238,6.178016723874713,-0.5823492968624131,-0.4132934352439987,0.5825720865481814,-216388.5718749999,80.0,1045917.6875,1115246.375,-1.6922275730109626,-2.4825288477165586,-2.014452266112987,-3.036896386543475,-9.185896292452478,-0.8883223931915984,-1.0950217216396698,-1.4306901995292287,-1.4103850391217365,-231.10222222222228,22.22222222222222,1708.99,1722.84,0.8114750102322654,1.6295415273558822,2.4542336308834622,4.123764775127969,7.8920284553391395,-6.536923535804817e-06,1.0013429414772672,1.2700163900158499,1.5387691278255062,0.364182460308073,60.0,2.83158326148987,2.80879044532776,1,1,0
GBR,1976,1092530.375,1673.54,2.87772464752197,4.496787829355986,4.456630579736709,-2.0368593441964733,6.36559064149993,20.846591176978514,4.535217000676406,1.1546686189910822,0.6535763400471283,1.1209107869778845,-238739.66093749995,80.0,1045515.75,1045917.6875,-0.38867428142874694,-2.0743246010801686,-2.8615541779851816,-1.26316410513585,-6.931452913501435,1.3035532915822157,-0.7416955689972358,-1.2103065252855874,-1.2998634670900275,-236.17222222222222,33.33333333333333,1680.07,1708.99,0.811466164911101,1.6295260202880968,2.454230870404639,4.1237574970722335,7.996927782488039,-8.845321164407949e-06,1.0013424585083548,1.2700134163005738,1.5279609379542707,0.36737781763076605,60.0,2.85456085205078,2.83158326148987,0,1,0
GBR,1977,1147327.625,1682.71,2.90107679367065,5.015627139886147,9.73795708003442,9.6957856925046,7.887502740201824,23.86318214266918,0.5188393105301614,1.0244831749557854,1.3097096037357512,1.6805983036117973,-246904.39140624995,80.0,1092530.375,1045515.75,0.5479402942266232,0.15713630979661275,-1.5377503671759274,-1.8604813922699526,-5.835511110862401,0.9366145756553701,0.8339490896603752,-0.5153636216464539,-0.9092581554080709,-219.5033333333331,33.33333333333333,1673.54,1680.07,0.8114795197236235,1.6295305663724724,2.454228809934955,4.12375668444136,8.101933885990498,1.3354812522514692e-05,1.0013469850442067,1.2700166681962974,1.5170062622988987,0.37057900428771395,60.0,2.87772464752197,2.85456085205078,0,0,0
GBR,1978,1236602.5,1683.74,2.92461824417114,7.781114396160382,13.187013221485945,18.276793056441278,10.881552966267204,28.88247946105742,2.765487256274235,1.0696085041559802,1.5280546231084884,2.1315898712570682,-245504.7554687499,80.0,1147327.625,1092530.375,0.061210784983734,0.6094864777656861,0.21844327914908312,-2.2695084859882475,-5.419023598339523,-0.48672950924288916,0.6666306348591978,-0.15273656381389022,-0.7542277286307395,-211.52999999999997,33.33333333333333,1682.71,1673.54,0.8114728486971146,1.6295373043960337,2.454226613176913,4.123760782369934,8.207044978642998,-6.671026508975331e-06,1.0013429107044447,1.2700169407186594,1.5078530257798581,0.37378505468368317,60.0,2.90107679367065,2.87772464752197,0,0,0
GBR,1979,1312295.25,1681.38,2.94835090637207,6.121025147531234,14.378423512638783,20.115218764512612,25.468310334889523,33.963733166664944,-1.6600892486291485,0.9714590810330119,1.3468160245879506,2.0707796205976856,-228143.35546875,80.0,1236602.5,1147327.625,-0.14016415836173302,-0.07903916895959373,0.46846803781206425,-1.6155741110246313,-5.077569270374626,-0.20137494334546702,-1.039576861803756,0.2718178693337038,-0.7811434290385351,-210.49111111111097,33.33333333333333,1683.74,1682.71,0.8114789767255992,1.6295367569917119,2.454239633764699,4.123758127485222,8.312256306225585,6.128028484653214e-06,1.0013455177939912,1.2700181533899024,1.5023299180343404,0.3771432518959039,60.0,2.92461824417114,2.90107679367065,0,0,0
GBR,1980,1342998.25,1653.51,2.97227597236633,2.3396411744994072,8.603876346683759,17.054468203883786,28.453182077840534,33.26062532853178,-3.7813839730318266,0.834539061635452,1.09671149013068,1.7369609149354472,-197736.24531250005,80.0,1312295.25,1236602.5,-1.657566998536919,-1.795407842065877,-1.7352960403159257,-1.580886510681101,-4.569773011906342,-1.517402840175186,-1.151853300572627,-1.6963937598431973,-1.727475808812048,-231.95555555555552,33.33333333333333,1681.38,1683.74,0.8114728115487413,1.6295367195418908,2.454232816277635,4.123755856561284,8.41757462311441,-6.165176857919619e-06,1.0013430132829484,1.270015211084915,1.5023291164802643,0.38114460706710496,60.0,2.94835090637207,2.92461824417114,0,0,1
GBR,1981,1316130.875,1619.91,2.99403405189514,-2.0005517505328085,0.2922836914939664,6.431199597283688,20.46629595996359,28.134687221752653,-4.340192925032216,-0.45890697173297296,0.5654198879820168,1.211691538952046,-256444.703125,80.0,1342998.25,1312295.25,-2.0320409311101795,-3.655925489776257,-3.7909653509449193,-3.2045842943700165,-4.427269240980558,-0.37447393257326045,-1.029582094620149,-1.5939095087273483,-2.060602623401035,-250.40444444444415,33.33333333333333,1653.51,1681.38,0.7320342973229144,1.5494473681656462,2.3734997845393346,4.0417141533442,8.332142140825205,-0.07943851422582693,0.9838194079026014,1.2443946117229123,1.4804703499819007,0.38278688192367394,60.0,2.97227597236633,2.94835090637207,1,0,0
GBR,1982,1317350.875,1616.49,3.01595163345337,0.09269594864569353,-1.9097102323104242,0.3852505752802271,14.819067047217649,23.875424106841137,2.093247699178502,-0.5366777162375366,0.3056506467113661,0.9971385525431337,-241684.9976562499,80.0,1316130.875,1342998.25,-0.2111228401577958,-2.238873668741037,-3.8593298362059825,-3.935318622935624,-5.72258414449932,1.8209180909523837,-0.6589164214295007,-1.070465556280391,-1.634743090707682,-245.2844444444445,33.33333333333333,1619.91,1653.51,0.7320418264567419,1.4694349210200741,2.29283179743629,3.9597310913432437,8.246777451349763,7.529133827510748e-06,1.001215096493712,1.2434129427630718,1.4679966839043608,0.38434649705886903,60.0,2.99403405189514,2.97227597236633,0,1,0
GBR,1983,1348269.5,1611.05,3.03802943229675,2.347030361216418,2.441901911920419,0.3924986499423966,9.030145095129605,20.894318082854113,2.2543344125707243,1.1540527328562968,1.2384060424455436,1.0195052641225013,-265040.7132812501,80.0,1317350.875,1316130.875,-0.3365316209812619,-0.546943966022817,-2.567870771873171,-4.3171748607267135,-6.4887046968958195,-0.12540878082346607,-1.0667947029378944,-0.8441211324875499,-1.4700885494174922,-243.9433333333336,33.33333333333333,1616.49,1619.91,0.7320342474491204,1.4694348707811944,2.212225935335055,3.877811688812449,8.161484148819786,-7.579007621494327e-06,1.0012116817737826,1.2560568935736185,1.4631359495496543,0.3858199357986418,60.0,3.01595163345337,2.99403405189514,0,0,0
GBR,1984,1360356.75,1616.8,3.06026864051819,0.8965010333616519,3.264572546019684,3.3602946211561235,3.6623999058138734,30.063461614420774,-1.450529327854766,0.8279905140221674,1.1931188369301031,0.9367201624620407,-353736.5874999999,70.0,1348269.5,1317350.875,0.35691008969305216,0.01917735340151161,-0.19198597452945165,-3.8408926001261,-5.3944142446708305,0.693441710674314,0.6246151539757286,-0.39606328810474695,-1.094033254767244,-244.66222222222223,33.33333333333333,1611.05,1616.49,0.7320274117498249,1.4694203505536851,2.2122189485829447,3.795943485025477,8.076237140489194,-6.835699295493214e-06,1.0012118378774881,1.2695151825051998,1.4642945984359788,0.3872038006782548,60.0,3.03802943229675,3.01595163345337,0,0,0
GBR,1985,1398120.125,1618.95,3.08267092704773,2.775990562769648,3.697378380212557,6.1311873345816,4.104389190380564,33.725400597743274,1.879489529407996,1.123082130508182,1.4734505814529337,1.1288654829008056,-395084.34765625,70.0,1360356.75,1348269.5,0.13297872340425343,0.49036342757828866,0.15218157860550363,-2.090099243427612,-3.6379436571095214,-0.22393136628879873,0.8201895662789052,0.6715768955176513,-0.840246061909831,-238.05444444444447,33.33333333333333,1616.8,1611.05,0.7320366007393053,1.469422721070579,2.212213646077732,3.714155606940861,7.991074172865176,9.188989480435339e-06,1.0012154616797784,1.2695183873869134,1.469895520189199,0.38849524259567403,60.0,3.06026864051819,3.03802943229675,0,0,0
GBR,1986,1441136.0,1614.0,3.10523724555969,3.076693785521467,5.938093077422524,6.887829176585236,9.497925120858518,31.908094546112743,0.30070322275181915,1.0209551198643239,1.4242733704004893,1.4518339189213638,-432958.8031250001,70.0,1398120.125,1360356.75,-0.30575372926897604,-0.17318159327065485,0.1831103938425338,-0.36483508343057025,-3.5577279300166076,-0.43873245267322947,-1.0407842649017705,-0.4818927688215996,-0.8137991269931423,-236.88222222222203,33.33333333333333,1618.95,1616.8,0.7320378673558947,1.469433253215513,2.212217319176246,3.7141592826628544,7.905989137412184,1.2666165893904235e-06,1.0012136797057551,1.2695212807315521,1.4782522163628011,0.39085263013839633,60.0,3.08267092704773,3.06026864051819,0,0,0
GBR,1987,1524245.0,1618.48,3.12796854972839,5.7669088829923165,9.021032795733475,12.047446377577064,15.705316550535553,32.85176498735485,2.6902150974708494,1.087792852234458,1.5400593166165135,2.0727114355790515,-437210.06640625,70.0,1441136.0,1398120.125,0.277571251548947,-0.02903116217300994,0.10390895596239513,0.12310623635161111,-3.8170570092291634,0.5833249808179231,0.48920376389909964,0.792141062122045,-0.5252749459670493,-228.29222222222234,33.33333333333333,1614.0,1618.95,0.7320311580444994,1.4694277706781333,2.212221120520219,3.714148298418052,7.820949674712341,-6.709311395347584e-06,1.0012118725227823,1.2695185430832658,1.4875185928277443,0.39314240217208507,70.0,3.10523724555969,3.08267092704773,0,0,0
GBR,1988,1620371.75,1625.11,3.15086627006531,6.30651568481444,12.437115581041613,15.896461328743117,20.181592033343488,31.034164171591105,0.5396068018221234,1.0233104693805295,1.4518702029498296,2.16641901596203,-453248.62109375,70.0,1524245.0,1441136.0,0.40964361623250234,0.6883519206939193,0.3804935297569312,0.8727227584494512,-3.4821290698088814,0.13207236468355532,1.0579237686415792,1.5752791424732222,-0.11009804308596681,-220.09888888888918,33.33333333333333,1618.48,1614.0,0.7320316676108662,1.4694215255490306,2.2122161149030095,3.7141456422051577,7.735984904870574,5.095663668797101e-07,1.001213499005032,1.2695169443801526,1.4957057299013106,0.3953618884086638,70.0,3.12796854972839,3.10523724555969,0,0,0
GBR,1989,1679416.0,1628.65,3.17393183708191,3.6438706117901676,10.180187568271503,16.534178592443748,23.454086584272837,27.975468935058622,-2.6626450730242723,0.9117034901834802,1.2427868981243606,1.875856755074955,-483379.6843750002,70.0,1620371.75,1524245.0,0.2178314083354449,0.6283673570263604,0.907682775712515,0.7329292429490541,-3.1361143822336457,-0.19181220789705744,0.8852052177073562,1.3104660974670446,0.5260900891173975,-208.4799999999998,33.33333333333333,1625.11,1618.48,0.7320389073866451,1.469429331618799,2.212217170216202,3.714157478164193,7.651088282005625,7.2397757788777994e-06,1.0012150265271687,1.2695203870621667,1.5007653167859571,0.39750800132751607,70.0,3.15086627006531,3.12796854972839,0,0,0
GBR,1990,1719683.625,1616.97,3.19716620445251,2.3977159322050134,6.128956210202996,12.82199547972931,22.99970469275665,28.048091276366137,-1.2461546795851541,0.9314447056661068,1.0765059027907415,1.612374622608481,-503232.7250000001,70.0,1679416.0,1620371.75,-0.7171583827096151,-0.5008891705792107,-0.09329741485838428,-0.1223014917075882,-2.2098445125823263,-0.93498979104506,-1.1031210310225583,-0.6070352780389542,-0.3278990856636465,-209.25333333333356,33.33333333333333,1628.65,1625.11,0.7320373770837385,1.4694350828872382,2.212223480639808,3.71415827749193,7.566263502346904,-1.5303029066160434e-06,1.0012130490545033,1.2695209074937202,1.5007662427610533,0.3998244881629902,70.0,3.17393183708191,3.15086627006531,0,0,1
GBR,1991,1701407.25,1593.45,3.22711420059204,-1.0627754276604229,1.3094581687919993,5.001043741968481,18.060144913457155,29.27340907491438,-3.4604913598654363,0.061416033129022385,0.6619147493364693,1.2050797528377004,-578109.0843750001,70.0,1719683.625,1679416.0,-1.4545724410471417,-2.1612992355631966,-1.9481758157909201,-1.2732342007434894,-1.6334240791155086,-0.7374140583375266,-1.091725341283936,-1.6776449614641182,-2.3962157894933824,-219.09333333333325,33.33333333333333,1616.97,1628.65,0.936704388336862,1.6755987916560189,2.4199037341292806,3.9248838460451685,7.78481956640964,0.20466701125312348,1.039322508213211,1.3347974910228868,1.5610756790460647,0.4073237180709821,70.0,3.19716620445251,3.17393183708191,1,0,0
GBR,1992,1721071.25,1587.69,3.25734281539917,1.1557491599968106,0.08069071425855778,2.4803413805751573,12.913032353722652,30.64638151168344,2.2185245876572335,0.6394163250526922,0.7855179939522906,1.0979602317372616,-659340.6375000002,70.0,1701407.25,1719683.625,-0.36147980796384926,-1.8107942633444063,-2.514966383200812,-1.902402253966684,-1.7816379934302073,1.0930926330832924,-0.7529775628326825,-1.2143968720844005,-1.9598469846342916,-220.10888888888894,33.33333333333333,1593.45,1616.97,0.9367073158298655,1.8821858826999716,2.6280015639512655,4.136047521386166,8.003814758441564,2.9274930035683155e-06,1.0015507872137486,1.3290105202746934,1.5910907717805907,0.41545270681381075,70.0,3.22711420059204,3.19716620445251,0,1,0
GBR,1993,1787172.875,1583.98,3.28785467147827,3.8407256527003275,5.040863967166009,3.9245154759207423,10.294003521105566,32.553089348976606,2.684976492703517,1.1267133340761546,1.6240768015203153,1.256231195537962,-700106.6937500001,70.0,1721071.25,1701407.25,-0.23367282026088843,-0.5943079481627978,-2.0402357495810097,-2.5309056002362884,-1.6802706309549609,0.12780698770296084,-0.9206795733092028,-0.9268866371898933,-1.6582464547114677,-216.1011111111111,33.33333333333333,1587.69,1593.45,0.9367100059243016,1.8821915529077637,2.8365265121176098,4.347642510709315,8.223265927764656,2.6900944360974677e-06,1.0015507499818768,1.2977496097270673,1.5980097936137048,0.4236335515975931,70.0,3.25734281539917,3.22711420059204,0,0,0
GBR,1994,1859115.125,1593.49,3.31865215301514,4.025477949356193,8.020811166301222,9.269260783977495,10.70009604529194,36.66379242062789,0.18475229665586568,1.013800878616043,1.5508052876512715,1.4370042402977816,-762128.421875,70.0,1787172.875,1721071.25,0.6003863685147603,0.365310608494096,0.0025102764442008763,-2.1588432137046087,-1.4417367639782297,0.8340591887756488,1.0647197560654977,-0.1263760842010466,-0.879272549017412,-205.33888888888873,33.33333333333333,1583.98,1587.69,0.9367044658036061,1.882188676185037,2.836526591042432,4.559654187982964,8.443164403148561,-5.540120695535222e-06,1.0015492968889297,1.270798929947173,1.5894930448439897,0.43186544179916764,70.0,3.28785467147827,3.25734281539917,0,0,0
GBR,1995,2064254.0,1595.38,3.34973835945129,11.034221186275373,15.50387927636827,19.940066397599754,20.03684689385816,47.64496720194196,7.008743236919179,1.1179784301753104,1.621695411658619,2.0360745302677152,-713471.7328125001,70.0,1859115.125,1787172.875,0.11860758460988663,0.7197060568946645,0.4843514791930348,-1.3352133929510068,-1.4558818987615352,-0.4817787839048737,0.7250739351353879,0.9584417140922475,-0.6248592354427787,-206.46222222222218,33.33333333333333,1593.49,1583.98,0.9367118035527477,1.882190490651947,2.836531163232725,4.772105835045459,8.66350767642039,7.337749141633765e-06,1.001551568362492,1.2708001764100396,1.5722202675250443,0.4401485323905896,70.0,3.31865215301514,3.28785467147827,0,0,0
GBR,1996,2176894.75,1594.88,3.38111543655396,5.456729162205809,17.093057913774977,21.806613140320863,27.94671881173658,51.05408164114975,-5.577492024069564,0.8904876178742982,1.3279773249934046,1.9613519739428984,-785343.6453125002,70.0,2064254.0,1859115.125,-0.031340495681275726,0.08722991672367453,0.688140001767712,0.08974238287990932,-1.1846344485749616,-0.14994808029116236,0.3029367074401285,0.7567817082752667,-0.5381791696309784,-216.3788888888887,33.33333333333333,1595.38,1593.49,0.9367023252469631,1.8821883300444542,2.8365233379904264,4.772103693562091,8.88428706659241,-9.478305784682561e-06,1.0015486024150866,1.2707979876481812,1.551445630082659,0.4490435719490091,70.0,3.34973835945129,3.31865215301514,0,0,0
GBR,1997,2326853.75,1594.05,3.41278648376465,6.88866560957988,12.721290596990498,25.15920712548665,35.197990786261755,52.65615107807471,1.4319364473740714,1.0438625976418754,1.275777712985453,1.9202048423126614,-761568.6984374998,70.0,2176894.75,2064254.0,-0.05204153290531144,-0.0833657185122183,0.03514298803255489,0.4005819775900754,-1.509440956947261,-0.020701037224035712,-1.0717656400996292,0.35746806249287144,-0.4578732683889724,-215.31888888888898,33.33333333333333,1594.88,1595.38,0.9367041085994288,1.8821805630123256,2.8365229740629827,4.772100364463228,9.10552422469182,1.783352465700716e-06,1.0015505812048326,1.270798225316585,1.5311928123188858,0.4579904913902313,70.0,3.38111543655396,3.34973835945129,0,0,0
GBR,1998,2430664.0,1590.17,3.4447546005249,4.461399862367799,11.657396389972451,17.750238100543836,36.00609286328833,50.00656485155335,-2.4272657472120818,0.9342470307349021,1.1575618903117837,1.7199530362522633,-775230.6124999998,70.0,2326853.75,2176894.75,-0.24340516294971692,-0.2953200240770504,-0.32656796499893614,0.39078776247174485,-2.150008307129969,-0.19136363004440549,-1.1388617275149078,-1.6714315278598804,-0.5544057128291235,-219.20666666666648,33.33333333333333,1594.05,1594.88,0.9367159918245438,1.8821943576052824,2.8365272411656095,4.772106577815527,9.327223222758318,1.188322511502804e-05,1.0015523727383164,1.2708017433979215,1.5146723851785453,0.4669889807701093,70.0,3.41278648376465,3.38111543655396,0,0,0
GBR,1999,2532114.75,1582.4,3.47702193260193,4.173787491812941,8.821396703596008,16.317738834181128,36.19999729710122,50.77352782157607,-0.2876123705548572,0.9961463551943346,1.1983645757055266,1.5718552779340225,-800326.4671875001,70.0,2430664.0,2326853.75,-0.4886270021444261,-0.7308428217433494,-0.7825040128410898,-0.6959566737161804,-2.839775273999934,-0.2452218391947092,-1.0912098029632542,-1.6562455870082815,-1.140018705049515,-224.03999999999974,33.33333333333333,1590.17,1594.05,0.9367091656431237,1.8821994620191296,2.8365342103113145,4.772111456239969,9.549357424092598,-6.826181420116484e-06,1.0015490789803847,1.2708009041941029,1.5047943613056247,0.47603802680969176,70.0,3.4447546005249,3.41278648376465,0,0,0
GBR,2000,2676896.0,1567.9,3.50959134101868,5.717799716620275,10.130236017812422,15.043586215936443,29.67861513166501,55.66212069967229,1.544012224807334,1.0532361324586101,1.2988495055714269,1.544462322189132,-809167.1124999998,70.0,2532114.75,2430664.0,-0.9163296258847375,-1.4004791940484318,-1.640475518333795,-1.7224736426431297,-3.034688336827518,-0.4277026237403114,-1.0843524071351505,-1.6057031154474084,-2.39872981705888,-240.47555555555527,33.33333333333333,1582.4,1590.17,0.9367041407293497,1.8821874999136456,2.836534243045996,4.772103502244129,9.771939166974587,-5.0249137739655225e-06,1.001549386747386,1.2707977234784713,1.5047928957918995,0.48513687849044995,80.0,3.47702193260193,3.4447546005249,0,0,0
GBR,2001,2763034.75,1570.7,3.52848124504089,3.217859416279145,9.11964988948466,13.67407218768204,26.925509375223577,62.39702458068166,-2.4999403003411302,0.9056666142862282,1.2245205518797098,1.4214496361931217,-809685.3796875002,70.0,2676896.0,2532114.75,0.17858281778173613,-0.7393832153690605,-1.2243973914738637,-1.5161015248796206,-1.4277197276350018,1.0949124436664737,-0.385693601878086,-0.8952223466080246,-1.547892039306199,-231.2255555555555,33.33333333333333,1567.9,1582.4,0.5382365690681068,1.4799823940268242,2.430554690404696,4.358496811251311,9.338592492126917,-0.3984675716612429,0.9008414016886007,1.1473706945849464,1.406761535445933,0.4874088525772038,90.0,3.50959134101868,3.47702193260193,0,0,0
GBR,2002,2766567.5,1554.57,3.54747271537781,0.12785760294906634,3.3498312971441457,9.259167658179779,18.897352272354894,60.74683137028754,-3.090001813330079,0.6117838629925192,0.8958132621411695,1.1931634930237596,-907833.7093750001,70.0,2763034.75,2676896.0,-1.0269306678551082,-0.8501817717966764,-1.7587209302325713,-2.4767102663028173,-2.0860495436766713,-1.2055134856368444,-1.1393652515253525,-1.3531199241326624,-2.011734191747229,-234.89555555555557,33.33333333333333,1570.7,1567.9,0.5382335633386637,1.0793671022716556,2.0261817193416354,3.9465179627817593,8.906950125330493,-3.0057294431173887e-06,1.0008925233664274,1.1219748335517832,1.344121891046814,0.48958423137664964,90.0,3.52848124504089,3.50959134101868,0,0,0
GBR,2003,2785531.5,1546.06,3.56656646728516,0.6854703527024109,0.8142043816133704,4.058263750254021,14.599611464192508,55.862453988957284,0.5576127497533445,1.1423271814081506,0.7666610329334385,1.0659004001768084,-1013034.6890624999,70.0,2766567.5,2763034.75,-0.5474182571386321,-1.568727319029739,-1.392945978697635,-2.773917254130065,-2.393969620828551,0.4795124107164761,-0.8829520985577897,-1.2844783967500881,-1.8119327465848256,-238.4044444444446,33.33333333333333,1554.57,1570.7,0.5382353421516495,1.0793658687515029,1.6234119796392665,3.536155136905794,8.477010806611363,1.7788129857976287e-06,1.000893995959188,1.1784116589190423,1.3104382532252743,0.49166076183319385,90.0,3.54747271537781,3.52848124504089,0,0,0
GBR,2004,2889667.5,1543.6,3.5857629776001,3.7384606851511126,4.449557077497657,4.583103777467867,14.120716685529366,55.43241304112352,3.0529903324487018,1.1428230428459798,1.4916348847470218,1.233578655250115,-1101605.625,70.0,2785531.5,2766567.5,-0.15911413528582052,-0.7056613725982097,-1.7253453874068958,-2.451971688574328,-3.1308637016862373,0.3883041218528116,-0.7776934311997588,-1.0493483005604642,-1.4863774276034616,-241.12444444444463,33.33333333333333,1546.06,1554.57,0.5382350361621713,1.0793673495022693,1.6234104301876773,3.1274190127640766,8.048774389996805,-3.059894781998196e-07,1.000893355072013,1.2683032523583313,1.30250009504214,0.4936357975006129,90.0,3.56656646728516,3.54747271537781,0,0,0
GBR,2005,2920621.0,1546.39,3.60506272315979,1.0711786044588223,4.849684880605376,5.568398385363804,9.10476163437055,41.485543930155885,-2.6672820806922903,0.7820619414857802,1.2842211005394588,1.1764659347688253,-1278313.7171874996,70.0,2889667.5,2785531.5,0.1807463073335125,0.02134457912372767,-0.5261905221379481,-1.3718987180304842,-3.070741766851781,0.339860442619333,0.68219091899546,-0.5289627080303866,-1.1009736200896736,-300.5469999999998,30.0,1543.6,1546.06,0.5382326071258436,1.0793645997556167,1.6234094636538021,2.720299113611313,7.622218105127598,-2.4290363276335825e-06,1.000892698925002,1.2683023898937569,1.3183582069631352,0.4955066442489633,90.0,3.5857629776001,3.56656646728516,0,0,0
GBR,2006,3009524.0,1541.07,3.62446665763855,3.043975921559139,4.147760944814594,8.041284042201635,8.920960910824594,38.24848445245228,1.9727973171003166,1.1184071000105804,1.3488325910996395,1.3607363405403696,-1378836.8171875002,70.0,2920621.0,2889667.5,-0.34402705656401134,-0.16390256543146187,-0.3227559085675846,-1.886420067485839,-3.373921548956671,-0.5247733638975238,-0.9833179102511181,-1.03766812661799,-1.1235223250889954,-302.29100000000017,30.0,1546.39,1543.6,0.538241244850024,1.0793708418606496,1.6234154300638348,2.7203038908754973,7.197365060466976,8.637724180360351e-06,1.0008961125244462,1.2683061194522343,1.3553281482187212,0.4978836059570311,90.0,3.60506272315979,3.5857629776001,0,0,0
GBR,2007,3051907.5,1542.77,3.64397478103638,1.408312410866297,4.495157023112539,5.614486787839779,10.31386365957092,31.160263080565343,-1.6356635106928419,0.8639937705452423,1.1516488379798273,1.3596372619474488,-1543587.4406249998,70.0,3009524.0,2920621.0,0.11031296436891935,-0.2340935986394177,-0.05377040684114709,-0.7590523424483964,-3.2169630814591788,0.4543400209329307,-0.23554257699522815,-0.5374055773690383,-0.8795849202123519,-286.77300000000014,30.0,1541.07,1546.39,0.5382343180538651,1.0793725619975936,1.6234147042044844,2.7203046619709514,6.774179936879787,-6.926796158879256e-06,1.0008913201997696,1.2683034922629717,1.4071789797026968,0.5001684188842801,90.0,3.62446665763855,3.60506272315979,0,0,1
GBR,2008,3020880.75,1537.81,3.66358780860901,-1.0166346784756697,0.3773603400404779,3.432823019487974,8.448988999047401,24.282120029753184,-2.4249470893419667,-0.29885493538926217,0.6084436453003623,1.073138993877114,-1657919.9156250004,70.0,3051907.5,3009524.0,-0.32149964025746103,-0.21154133167214928,-0.5548406288193863,-0.5336144780927032,-3.292729708144415,-0.4318126046263804,-1.0870619616326382,-1.4232466370942294,-1.0258937909707861,-283.01900000000023,30.0,1542.77,1541.07,0.538231704420622,1.0793629702183338,1.6234137917557012,2.7203009452870797,6.352650143808947,-2.61363324316477e-06,1.000892640729252,1.2683008101751525,1.460972084587281,0.502358841896057,90.0,3.64397478103638,3.62446665763855,1,0,1
GBR,2009,2885490.0,1517.31,3.68330645561218,-4.481830340373416,-5.452901177378411,-4.121382650545402,-0.14456680569649993,13.95573601077913,-3.4651956618977464,-1.1368195704896322,-1.2991351035820295,0.06688863665832748,-1834347.5812499998,70.0,3020880.75,3051907.5,-1.3330645528381257,-1.6502783953538103,-1.5417859020031566,-1.7031614407877704,-4.11337209302326,-1.0115649125806647,-1.1350415343689917,-1.7225684434237258,-1.9376202273045766,-290.75699999999983,30.0,1537.81,1542.77,0.5382332301912651,1.0793618765005064,1.6234056905896965,2.720299100119683,5.932793264144953,1.5257706431626161e-06,1.000893914743318,1.2683011411606,1.496942745796101,0.5044526815414407,90.0,3.66358780860901,3.64397478103638,1,1,1
GBR,2010,2833145.0,1521.83,3.70313143730164,-1.8140766386298357,-6.214603141815511,-7.168058009621847,-2.995116449549595,5.836946971417634,2.6677537017435804,-0.8260346285798881,-1.3345433663968793,-0.5533761858610285,-2156721.03125,60.0,2885490.0,3020880.75,0.29789561790274366,-1.0391400758221092,-1.3572988844740341,-1.5882151333105,-2.938325148287524,1.6309601707408694,-0.35466770063842395,-0.879884103606473,-1.3487777010773527,-302.1790000000001,30.0,1517.31,1537.81,0.5382387245908671,1.0793689344556379,1.6234101446891858,2.7203053503572328,5.514604906301823,5.4943996019574115e-06,1.000895142847143,1.268305945883871,1.496944834897718,0.506447505950931,100.0,3.68330645561218,3.66358780860901,1,1,0
GBR,2011,2847354.0,1518.52,3.7108952999115,0.5015274544719839,-1.3216472765457565,-5.744243628286217,-5.388559785534186,3.0516898131664805,2.3156040931018196,-0.2946466236016465,-0.7913747836355428,-0.5414886832934994,-2355228.034375,60.0,2833145.0,2885490.0,-0.2175012977796431,0.07974639328811595,-1.254381230451096,-1.4632690273641002,-3.3220856942764443,-0.5153969156823868,-0.2991589581962129,-0.7742373824821809,-1.4157186329832288,-296.37199999999984,30.0,1521.83,1517.31,0.2096566849249415,0.7490238629827672,1.2912885885066672,2.3845892495879983,5.169761214601443,-0.3285820396659256,0.8282985542304188,1.0811085816388297,1.3558546007177126,0.49054272174835223,100.0,3.70313143730164,3.68330645561218,0,1,0
GBR,2012,2931476.0,1531.42,3.71867561340332,2.954392042577081,3.470736584255296,1.593698124062115,-3.9461058370871327,5.9607618465842505,2.452864588105097,1.1443369994372523,0.3668070558473066,0.15930766883852993,-2464104.66875,60.0,2847354.0,2833145.0,0.8495113663303799,0.630162370304177,0.9299352142937201,-0.7356897009923702,-1.4891577735322237,1.067012664110023,1.1189175201582544,0.6800218853262625,-0.28204714252765173,-284.6680000000001,30.0,1518.52,1521.83,0.20966135832518606,0.4197576123035507,0.9602556349132652,2.0499821446539723,4.826052566475525,4.673400244570303e-06,1.000352590237699,1.0180602205585387,1.25956418183744,0.47716875076293697,100.0,3.7108952999115,3.70313143730164,0,0,0
GBR,2013,2972857.25,1540.17,3.72647213935852,1.4116182428237423,4.407715022438374,4.931348377862754,-1.5897184951772725,6.724955363096763,-1.5427737997533386,0.8698276930420201,1.3525541792695668,0.48671674058032804,-2564315.05,60.0,2931476.0,2847354.0,0.5713651382377227,1.4257303163606627,1.2051280366401018,0.15346499242430145,-0.3809683970867783,-0.2781462280926572,0.9304241978907696,1.471316182440003,0.550540979937559,-277.45600000000013,30.0,1531.42,1518.52,0.20965867329483245,0.4197596048423069,0.6302963438393983,1.7164685012254655,4.483462555376949,-2.6850303536107845e-06,1.000346754639352,1.0860588139388772,1.1990407706316815,0.4635226011276248,100.0,3.71867561340332,3.7108952999115,0,0,0
GBR,2014,3035732.75,1545.64,3.7342848777771,2.1149855076290747,3.5564592717115984,6.615923064009599,5.206836620470012,5.054742457393457,0.7033672648053324,1.0612307410030994,1.309636726333371,1.0718748083318614,-2655036.1312499996,60.0,2972857.25,2931476.0,0.3551555997065359,0.928549973227466,1.7859494771224727,1.8671201007045557,0.1321585903083733,-0.21620953853118685,0.9150346500884068,1.218874378008811,1.0079519990721002,-272.4899999999998,30.0,1540.17,1531.42,0.20965508734287486,0.41975332071233495,0.6302947395513403,1.3840396605404814,4.1419887790911325,-3.5859519575964782e-06,1.0003460347048765,1.2662305026389378,1.1715137491816594,0.4503125667572032,100.0,3.72647213935852,3.71867561340332,0,0,0
GBR,2015,3193091.75,1543.13,3.74211430549622,5.1835590599996095,7.408176090527041,8.924369498505191,12.704847439859247,9.329206014748227,3.068573552370535,1.1094773208824766,1.5195986003083815,1.9741643167330263,-2690404.8062500004,60.0,3035732.75,2972857.25,-0.16239227763256148,0.19218657680646345,0.7646498021444126,1.3996307077663195,-0.2108135722553861,-0.5175478773390974,0.05478284812626944,0.6661881533560836,0.8398648918467487,-272.40100000000007,30.0,1545.64,1540.17,0.20966337532823953,0.41975803260378974,0.6302967650208435,1.0527000959756672,3.8016421033669534,8.287985364674455e-06,1.0003554579026899,1.2662393236871772,1.1782555704664104,0.43730924129486404,100.0,3.7342848777771,3.72647213935852,0,0,0
GBR,2016,3268272.0,1541.27,3.74996018409729,2.3544656992709356,7.66006987933967,9.937064754791036,14.782777273215775,8.597638696351972,-2.829093360728674,0.8643920712605008,1.2992841302965001,1.852218358086315,-2756840.9937500004,70.0,3193091.75,3035732.75,-0.12053423885221015,-0.2827307781889776,0.07142068732672868,1.498169270078753,0.012977995808105547,0.041858038780351325,-0.9469342770996554,0.1750450881369347,0.6666526685187939,-257.174,30.0,1543.13,1545.64,0.20966432237377042,0.4197672869971525,0.6303024378122135,1.0527077976767885,3.46239980423777,9.470455308857595e-07,1.000349642228831,1.266244235662786,1.22264631143723,0.4254476547241217,100.0,3.74211430549622,3.7342848777771,0,0,0
GBR,2017,3363929.75,1542.26,3.75782227516174,2.9268601266969174,5.350237743716568,10.81112953701211,14.752082227519514,10.223843612560346,0.5723944274259818,1.0374736352308356,1.2189442880019388,1.7983296172830356,-2855457.9593749996,70.0,3268272.0,3193091.75,0.06423274312741256,-0.05637891817281693,-0.21867964079604896,0.7078397826853378,-0.03305742268776557,0.1847669819796227,0.04298094621089086,-0.11266248091647123,0.7650544135163888,-255.05299999999966,30.0,1541.27,1543.13,0.20965798777787814,0.4197618881510268,0.6303053504223,1.0527043987736517,3.124266795638486,-6.334595892276695e-06,1.0003438614255826,1.266233751799272,1.305255682516146,0.4133641242980932,100.0,3.74996018409729,3.74211430549622,0,0,1
GBR,2018,3344201.25,1537.13,3.76570081710815,-0.5864718191573415,2.3232230977103585,4.732388287934408,12.491148036119126,10.7028554503517,-3.513331945854259,0.37092120442194637,0.7746234637360971,1.3366999332162233,-3126419.015625,60.0,3363929.75,3268272.0,-0.33262873964181594,-0.2686096530783,-0.3888201253296919,-0.19738080861203544,-0.04421872663071813,-0.3968614827692285,-1.1354387026916233,-1.5274745631911397,0.3004937673762943,-262.4379999999999,30.0,1542.26,1541.27,0.2096571197228947,0.41975467039923053,0.6302990685583154,1.0527028321318133,2.7872406458823162,-8.6805498344944e-07,1.0003481919051687,1.2662271596146655,1.4105943073438618,0.40105016231536483,100.0,3.75782227516174,3.74996018409729,1,0,0
GBR,2019,3504372.25,1544.63,3.7735960483551,4.789514387030391,4.17495341571863,7.224008589248387,15.437442574613991,21.448081608323033,5.375986206187733,1.1473121806177753,1.456994022695179,1.583014257798584,-3236925.7906250004,60.0,3344201.25,3363929.75,0.4879222967478336,0.15367058731992067,0.21800203728095102,-0.0653450997645022,1.8005549294475287,0.8205510363896495,0.858177489271605,1.0413743507372346,0.8373950508573198,-252.69000000000005,30.0,1537.13,1542.26,0.20966167070630704,0.41975836104917175,0.6302964057603555,1.0527094708800089,2.4513190480077274,4.550983412343612e-06,1.0003524937431565,1.2662358980526376,1.4904535998803075,0.3885013580322241,100.0,3.76570081710815,3.75782227516174,0,1,1
GBR,2020,3305258.0,1391.63,3.78150773048401,-5.681880684907259,-1.164500790734413,-1.744143140920229,3.5127787981663827,16.663919425232375,-10.47139507193765,-0.7519519997777465,-0.5764951519352142,0.5913269955662632,-3413086.5999999996,60.0,3504372.25,3344201.25,-9.905284760751766,-9.465692556908001,-9.766835682699405,-9.8177081645746,-8.55548911507854,-10.393207057499598,-1.1536086502661789,-1.7873893638495577,-2.803956242611656,-311.99,20.0,1544.63,1537.13,0.20965895733220385,0.41976020251122126,0.6302973793844702,1.0527050157161488,2.1164869384026064,-2.7133741031803993e-06,1.0003467326540716,1.2662369444568717,1.490451654807761,0.3757127761840846,100.0,3.7735960483551,3.76570081710815,1,0,0
GBR,2021,3464994.75,1489.71,3.80263948440552,4.8328073027884555,-1.1236677267947193,3.61202843279842,6.019167009355408,21.69174433526706,10.514687987695716,0.3804774558981541,0.8115753445102231,1.1293688040523036,-3718658.9468750004,60.0,3305258.0,3504372.25,7.04785036252451,-3.5555440461469745,-3.084970041570989,-3.345293167323049,-1.8972420514711708,16.953135123276276,0.18561537083669016,-0.17428216908527913,-0.6420057385522726,-268.6579999999999,30.0,1391.63,1544.63,0.5588182129355301,0.7696487827063558,0.9809241119090428,1.4047962570810757,2.472292454497649,0.3491592556033263,1.1139045091841113,1.5349915269840733,1.8054380247521893,0.37663359642029093,100.0,3.78150773048401,3.7735960483551,0,1,0
GBR,2022,3576412.25,1528.88,3.82441544532776,3.2155171375079394,8.203724187340299,2.0557176823894796,6.316496353706547,22.000393317223143,-1.617290165280516,0.9356616356782155,1.2200534211016805,1.405753044484125,-3816379.315625,60.0,3464994.75,3305258.0,2.6293708171389207,9.862535300331254,-1.0196616665479774,-0.8675579992997173,-0.16585913727128476,-4.41847954538559,0.831769173804954,0.48136891068864224,0.1749527946190236,-252.85500000000002,30.0,1489.71,1391.63,0.5726538371976231,1.1346721440725016,1.3467100431910906,1.7721213322456464,2.8434809302354758,0.01383562426209295,1.0049668385886934,1.461063344225688,1.9038765196387726,0.3666297197341941,100.0,3.80263948440552,3.78150773048401,0,0,0
GBR,2023,3606369.25,1522.8,3.84644913673401,0.8376271499461518,4.080078332009007,9.110067958386313,7.839480354240047,21.309869486669776,-2.3778899875617876,0.7666238299041981,0.9713331014354515,1.3523891908330012,-4042057.796875,60.0,3576412.25,3464994.75,-0.3976767306786755,2.2212376905572206,9.4256375617082,-0.9322568683195365,-1.1277975807865492,-3.027047547817596,0.42710269882548996,0.4439024378493244,0.08572520443730808,-258.8430000000001,30.0,1528.88,1489.71,0.5761322670414515,1.1520853477736237,1.7173416234610661,2.144310542648742,3.219586592592716,0.003478429843828401,1.0019552075955624,1.350838103580903,1.8769957237763732,0.3666128158569344,100.0,3.82441544532776,3.80263948440552,0,0,0
JPN,1960,622744.3125,2221.71,2.58314394950867,12.954057863976631,24.019570227936594,35.126442156363225,53.534318639011545,125.8066190226364,3.157586118547661,1.0554730167206885,1.4408827600671956,1.8666415382987116,-29711.027539062547,80.0,551325.3125,502133.90625,0.7724477021608722,1.8637726609997074,3.0764591259162977,6.801684437222999,7.017239635265371,-0.3105119596549466,0.9418449433025068,1.1783038831933146,1.4623972723622793,136.3466666666668,88.88888888888889,2204.68,2181.06,0.7341807364885877,1.751007203859034,2.8625519902773844,5.1221997468024805,12.801012476992701,-0.2752347964876112,0.9453364123348218,1.1769534036444362,1.3483108255555591,0.3808427929878251,70.0,2.56431722640991,2.53869128227234,0,0,0
JPN,1961,689743.5,2224.18,2.60400795936584,10.758699221359812,25.106445207882587,37.36246276438337,59.45247008088792,124.81833667902134,-2.195358642616819,0.98918829971929,1.3515216380973147,1.83572288753914,18801.013085937477,80.0,622744.3125,551325.3125,0.11117562598177422,0.8844821017109039,1.9770203479042348,4.3334271507645905,8.063803013297942,-0.661272076179098,0.6897499557203055,0.9194041891109088,1.1968368380078327,152.29555555555544,88.88888888888889,2221.71,2204.68,0.807698303500981,1.547809005342815,2.5728483628397525,4.826128481194747,12.119970615988397,0.07351756701239331,1.0166633455074532,1.1988899334865308,1.3407607002702746,0.3821308493614146,70.0,2.58314394950867,2.56431722640991,0,0,0
JPN,1962,757239.9375,2201.06,2.62504005432129,9.78573013011359,21.597246622786304,37.349024311304404,64.31003312146966,125.42416904432541,-0.9729690912462221,1.0012301011460183,1.2908820973326638,1.7624656529603415,47515.43007812498,80.0,689743.5,622744.3125,-1.0394842144071048,-0.9294642415076715,-0.1641961645227341,2.1184002969286464,7.866016515155239,-1.150659840388879,-1.1492240368568758,-0.3131540013049117,0.7326090528381796,138.15777777777794,88.88888888888889,2224.18,2221.71,0.8076816693207034,1.6219036039624823,2.3679920442757796,4.530883428135479,11.443020129595439,-1.663418027764152e-05,1.0013346306291533,1.2492822685394924,1.354295192727118,0.383721339702606,70.0,2.60400795936584,2.58314394950867,0,0,0
JPN,1963,821343.5,2194.54,2.64624238014221,8.465422823792878,19.079556385815888,31.890967691495376,63.57061130045927,132.94046682230305,-1.3203073063207125,0.9912962791076813,1.2455509518140397,1.6765702266523708,76141.798828125,90.0,757239.9375,689743.5,-0.2962209117425285,-1.332625956532285,-1.222931885799683,0.6180481050498399,8.477341031319208,0.7432633026645763,-0.7738656821721476,-1.1249121343391737,0.5021914044720999,129.12666666666655,77.77777777777779,2201.06,2224.18,0.807695325868174,1.6219006022798688,2.442698969429946,4.236478008212274,10.770175497426159,1.3656547470652924e-05,1.0013408284436554,1.2812741228566022,1.3834946144133726,0.38529295921325524,70.0,2.62504005432129,2.60400795936584,0,0,0
JPN,1964,916018.75,2201.91,2.66761589050293,11.526876392155039,20.968098040919813,32.80570965873546,66.14850238714551,144.57714351892182,3.061453568362161,1.0576658559699539,1.3575377289827093,1.7111772200259125,119429.6640625,90.0,821343.5,757239.9375,0.3358334776308425,0.03861775689895097,-1.0012678829950827,-0.1256418164994444,7.196895933946101,0.632054389373371,0.6795368244547769,-0.5067686819704411,0.4932484896543368,136.59444444444443,77.77777777777779,2194.54,2201.06,0.8076928448093046,1.6219118680323552,2.442693422203712,4.028310656308309,10.101392780465757,-2.4810588694634816e-06,1.0013375344223576,1.2699934771022376,1.418836757668402,0.3871034026145921,70.0,2.64624238014221,2.62504005432129,0,0,0
JPN,1965,976342.875,2183.09,2.68916201591492,6.585468365139913,18.871443555589096,28.93441386931603,56.78069721431618,140.7121752254921,-4.941408027015126,0.9186368995630882,1.243038710894835,1.584485378618541,128910.02070312505,90.0,916018.75,821343.5,-0.8547124996026056,-0.5217494326829275,-0.8164248134989394,-1.7383006783063482,4.945150032208145,-1.1905459772334481,-1.0639618903179118,-1.1906472887145618,-0.23921795062688458,121.44222222222197,77.77777777777779,2201.91,2194.54,0.8076921976922113,1.6219087145903588,2.4427041213361145,4.104226031476688,9.436652433671666,-6.47117093244276e-07,1.0013379072374196,1.2699937136729895,1.4459306766134128,0.38935699462891016,70.0,2.66761589050293,2.64624238014221,0,0,0
JPN,1966,1075186.375,2191.09,2.71088218688965,10.123851213642542,17.37602259779072,30.905811636666016,55.88205978019365,148.55779473248512,3.5383828485026294,1.0702718517709957,1.32327612792257,1.618205052009085,173341.83984375,90.0,976342.875,916018.75,0.3664530550733236,-0.4913915645961775,-0.15720834434550524,-1.487739301675206,2.7812177502579916,1.2211655546759292,-0.09952200953099316,-0.4196400991675388,-0.2372845287471751,135.62222222222226,77.77777777777779,2183.09,2201.91,0.807692911255864,1.6219087815736,2.4427016675610203,4.104220462898955,9.1284238967847,7.135636526101052e-07,1.0013381858110355,1.2699922259792678,1.4746190246535607,0.3923921942710913,70.0,2.68916201591492,2.66761589050293,0,0,0
JPN,1967,1187611.0,2205.02,2.73277759552002,10.456291821964347,21.638722462126836,29.64920204963053,56.83417384466729,157.69428298995615,0.33244060832180544,1.0207251771018744,1.3575422892545337,1.6596973408367919,251877.35898437502,90.0,1075186.375,976342.875,0.6357566325436048,1.0045394372197203,0.1412410134837616,0.179913314493918,2.302124895611013,0.2693035774702812,1.0770883056761231,1.1318356811501977,0.2915905706383278,158.21333333333314,77.77777777777779,2191.09,2183.09,0.807685731835206,1.6219022634923252,2.4426944392209604,4.104224658262812,8.821065721292975,-7.179420657976721e-06,1.0013365648566652,1.2699904492889333,1.4973904635118556,0.3954393982887292,70.0,2.71088218688965,2.68916201591492,0,0,0
JPN,1968,1336570.25,2208.87,2.75485014915466,12.542764423704389,24.31056429635281,36.89558086855502,62.729753142260215,166.17805198252333,2.0864726017400415,1.0432000035534659,1.4149513829959661,1.7473795713681646,347204.49335937505,90.0,1187611.0,1075186.375,0.17460159091526872,0.8114682646536586,1.1808949699737337,0.6529842244844097,1.2750680861599362,-0.4611550416283361,0.7707845048200278,1.0220566723245015,0.4138645766713916,173.23111111111098,77.77777777777779,2205.02,2191.09,0.8076966698945753,1.6219060524890194,2.442698983958058,4.104226046240456,8.514578688309026,1.0938059369358655e-05,1.001340276439168,1.2699938777261452,1.5064301848397623,0.3984989404678321,70.0,2.73277759552002,2.71088218688965,0,0,0
JPN,1969,1497767.75,2195.24,2.77710056304932,12.060533294078635,26.116021997101747,39.303081291371456,63.50841617597893,171.6667847533302,-0.4822311296257542,1.0128899546562034,1.365127848280956,1.780565932088797,459950.66523437505,90.0,1336570.25,1187611.0,-0.6170575905327214,-0.44353339198738295,0.18940344759912353,-0.30291882956161587,-0.4281800533410762,-0.7916591814479901,-1.110524686652261,-0.136177932010576,-0.5734831911577442,153.84374999999977,75.0,2208.87,2205.02,0.8076814596063464,1.6219017457535179,2.4426873465735577,4.104214288727626,8.297855446586478,-1.5210288228928448e-05,1.0013349205694413,1.2699900960298531,1.5022522635288733,0.4015699267387429,70.0,2.75485014915466,2.73277759552002,0,0,0
JPN,1970,1656064.375,2185.23,2.79953122138977,10.568836523553138,23.90402786535164,39.445018191983735,69.61913866580937,165.93006820917373,-1.4916967705254969,0.9969597727378917,1.309551378180278,1.7439866418599272,584065.853515625,90.0,1497767.75,1336570.25,-0.4559865891656356,-1.0702304798380968,-0.8974975283670861,0.09802619223211462,-1.6419784760387302,0.16107100136708574,-0.9452695088839935,-1.2140413158804035,-1.1390340861115877,180.5066666666669,77.77777777777779,2195.24,2208.87,0.8077006154872723,1.6219057232140344,2.4427024716238366,4.104222981793804,8.376895601279145,1.915588092593623e-05,1.0013419582709544,1.2699955292648868,1.5022559066741101,0.40465326309203986,70.0,2.77710056304932,2.75485014915466,0,0,0
JPN,1971,1766845.0,2177.13,2.81945013999939,6.689391226111008,17.965218572772713,32.1924530341746,64.3291843239736,156.15971734420114,-3.87944529744213,0.9362835719349387,1.1868661049517384,1.6076627918874962,648232.7523437501,90.0,1656064.375,1497767.75,-0.37067036421795097,-0.824966746232747,-1.4369338168384593,-0.6371258140925318,-2.1153863446303656,0.08531622494768465,-0.9630607343060209,-1.2930212322559946,-1.6775608238068536,192.85111111111132,77.77777777777779,2185.23,2195.24,0.7115090718556649,1.524956550495582,2.3449548014273347,4.004893817768829,8.273483952254024,-0.09619154363160742,0.9796559301364322,1.2386236829336874,1.475620607310967,0.4058820128440881,70.0,2.79953122138977,2.77710056304932,0,0,0
JPN,1972,1929993.25,2179.55,2.83951044082642,9.23387450512072,16.54095572220735,28.857978815473896,62.51055690794376,154.8720893369415,2.5444832790097127,1.0573034224391102,1.2686096776594846,1.599919052160431,744608.4488281249,90.0,1766845.0,1656064.375,0.11115551207323549,-0.259926872686167,-0.7147282301707136,-1.1550915637953296,-0.9772564128192718,0.48182587629118645,-0.26134987316948144,-0.7415418474641974,-1.1565098367438809,205.8666666666668,77.77777777777779,2177.13,2185.23,0.7114969171625241,1.4280683541297634,2.2473034865029273,3.9056542867364152,8.170175771301968,-1.2154693140864481e-05,1.0011767107507632,1.2371336668264348,1.460300248274908,0.407049369812015,70.0,2.81945013999939,2.79953122138977,0,0,0
JPN,1973,2079663.25,2165.11,2.85971403121948,7.754949402025102,17.70490620286442,25.578647871101023,55.59700285114082,153.20261863641704,-1.4789251030956185,0.9853330036300811,1.2896774305932543,1.559841833961877,816400.8226562501,90.0,1929993.25,1766845.0,-0.6625220802459197,-0.5521029979835834,-0.9207268800080493,-1.9811034601402433,-1.3410555287212689,-0.7736775923191552,-1.1404795254918094,-1.3879467956321194,-1.7489011889852468,203.34111111111133,77.77777777777779,2179.55,2177.13,0.7115166791631822,1.4280760155630512,2.149745977822448,3.8065185540853586,8.066972726277545,1.976200065811895e-05,1.0011841403745159,1.2526206007879888,1.454194106370685,0.4081550598144501,70.0,2.83951044082642,2.81945013999939,0,0,1
JPN,1974,2023085.875,2104.96,2.88006114959717,-2.7205065531643147,4.823468942184128,14.502736516219583,35.07340340316447,120.85638257950504,-10.475455955189418,0.16105791886238907,0.7459458010272739,1.1749950920697083,775475.578125,90.0,2079663.25,1929993.25,-2.778149839961941,-3.4222660640958025,-3.3149145893906273,-4.112534392594879,-4.402995581109115,-2.115627759716021,-1.135307208085468,-1.7438906988479168,-2.5476317354387,164.33222222222207,77.77777777777779,2165.11,2179.55,0.7115088486317367,1.4280880319266664,2.1497457514107143,3.707484990561416,7.963862408024092,-7.830531445485178e-06,1.001177732634888,1.2693923180406925,1.4554305172365214,0.409197115898134,70.0,2.85971403121948,2.83951044082642,1,0,0
JPN,1975,2099740.0,2075.87,2.90055274963379,3.7889704014665293,0.9653846602328597,8.795199154193934,26.79096487417647,115.06174252564705,6.509476954630844,0.811179409940042,0.8809633109042542,1.151453653776541,837835.6781250001,90.0,2023085.875,2079663.25,-1.3819740042566253,-4.121730535630997,-4.756945240990129,-5.004507534675994,-4.9113870706200995,1.3961758357053156,-0.8666587377368807,-1.3697053596500064,-2.12016196909812,164.69777777777767,77.77777777777779,2104.96,2165.11,0.711498783263198,1.4280700086957587,2.1497476441609376,3.6085158640906334,7.860840383280121,-1.006536853864759e-05,1.001177198060731,1.2693873736264574,1.4621607839703143,0.41017435789108303,70.0,2.88006114959717,2.85971403121948,0,1,0
JPN,1976,2232799.0,2103.72,2.9211905002594,6.336927429110273,10.366002135228204,7.363487814673841,26.372092628385623,107.66622902936246,2.5479570276437435,1.076749240058096,1.4398033146770972,1.279901950775162,901528.9640625,90.0,2099740.0,2023085.875,1.3416061699432102,-0.058908482821540264,-2.8354217568622553,-3.3718703063207234,-3.987513064273962,2.7235801741998356,0.539247391031916,-0.49939318089570617,-1.1873793976266187,194.00777777777762,77.77777777777779,2075.87,2104.96,0.7115109569448608,1.4280721320095058,2.1497418402253388,3.6085178034051646,7.7579289275956365,1.2173681662730473e-05,1.0011823722907003,1.269389643191638,1.4723877108293346,0.4108436703681959,70.0,2.90055274963379,2.88006114959717,0,0,0
JPN,1977,2381989.25,2110.37,2.94197511672974,6.681759083553862,13.442104736776939,17.740392508054057,23.419563773085738,100.56982042099642,0.3448316544435892,1.0184965129855337,1.5138953998833846,1.4535279009051982,987757.23359375,90.0,2232799.0,2099740.0,0.3161067062156686,1.661953783233061,0.25701200972938487,-3.1740496891560332,-4.292478072761252,-1.0254994637275416,0.7494038473418664,-0.05020894263640033,-0.8573020476572394,208.15666666666675,77.77777777777779,2103.72,2075.87,0.7115118465740089,1.4280852882672113,2.1497448809803643,3.6085331622692784,7.655124279146164,8.896291481264029e-07,1.0011797585587432,1.26939309848288,1.4838505605694445,0.411477327346804,70.0,2.9211905002594,2.90055274963379,0,0,0
JPN,1978,2581526.75,2114.44,2.96290755271912,8.376926973956756,15.618412136515648,22.94506700829626,24.131959825707348,93.14560906918285,1.6951678904028942,1.0445023963389346,1.418173496398777,1.6878277830094046,1099419.49453125,90.0,2381989.25,2232799.0,0.19285717670360913,0.509573517388251,1.8580161570811438,-2.340296797853225,-4.275036557153655,-0.12324952951205947,0.9110233234150847,0.8290584319742439,-0.6176673100841478,219.17000000000007,77.77777777777779,2110.37,2103.72,0.7115096205384752,1.4280839423521208,2.1497558730211974,3.608525900599746,7.552403662620399,-2.22603553368117e-06,1.0011790328026933,1.26939192089323,1.4940449259048227,0.41207436323166347,70.0,2.94197511672974,2.9211905002594,0,0,0
JPN,1979,2722182.0,2119.27,2.98398876190186,5.448529634643529,14.281875957248769,21.91791558487799,34.55592931763216,81.74927321008214,-2.9283973393132277,0.9376349671883135,1.2612800764600414,1.6933553520084905,1181743.39453125,90.0,2581526.75,2381989.25,0.2284292767825047,0.4217269957400793,0.7391668092711967,0.6798228944967954,-3.460669448442988,0.03557210007889555,1.027216764936923,0.8494106083903381,-0.3647615829982369,227.3988888888889,77.77777777777779,2114.44,2110.37,0.7115041157255586,1.4280761564979372,2.1497489341035347,3.608521031549139,7.449791397736494,-5.504812916612423e-06,1.001178263828031,1.269387674294039,1.500360385043979,0.41278110742569396,70.0,2.96290755271912,2.94197511672974,0,0,0
JPN,1980,2796295.75,2120.53,3.00522017478943,2.722586145966721,8.319456693601946,17.39329847941169,33.17342861497137,68.85187509694484,-2.7259434886768075,0.8827126703631731,1.0804830954222309,1.5393477373320228,1255561.2546875,90.0,2722182.0,2581526.75,0.059454434781791576,0.28801952289969623,0.4814321659235343,2.151387129251847,-2.9607867364076057,-0.1689748420007131,0.7621312235513654,0.9988163339834564,-0.18860303494989625,235.0644444444447,77.77777777777779,2119.27,2114.44,0.7115111544199637,1.4280777012930734,2.1497482320650185,3.60853375856911,7.347264135798781,7.03869440510374e-06,1.0011811825254278,1.269390421851549,1.5003612793864276,0.4140888094902051,70.0,2.98398876190186,2.96290755271912,0,0,1
JPN,1981,2787704.25,2110.79,3.02206301689148,-0.30724575538907395,2.406975360207353,7.986649760650355,24.852449772684416,57.77865347554538,-3.029831901355795,0.4681301652474129,0.7658842705388341,1.2632942557450453,1215128.671875,90.0,2796295.75,2722182.0,-0.4593191324810397,-0.4001377832933084,-0.17262253835531594,0.336071340292432,-3.04713085575965,-0.5187735672628313,-1.146505287398903,-0.9133015266445421,-0.3198692981352778,240.47555555555573,77.77777777777779,2120.53,2119.27,0.5604528494565386,1.2759516884156552,1.9965342529189467,3.4531303803405633,7.186255008295106,-0.1510583049634251,0.9594566861377811,1.2118598859671965,1.4526368581776596,0.41081584692001405,70.0,3.00522017478943,2.98398876190186,1,0,1
JPN,1982,2736163.5,2105.62,3.03900027275085,-1.848860043169931,-2.1504252545532787,0.513613711353611,14.868843341757309,41.77062536358611,-1.541614287780857,-1.1445832283221402,0.13210126012147172,0.923139020922484,1177127.62734375,90.0,2787704.25,2796295.75,-0.24493199228725615,-0.7031261052661497,-0.6440897101360421,-0.22507901458038715,-3.391984583973773,0.21438714019378358,-0.884095309576519,-1.384832280261959,-0.3364985614602199,243.8455555555554,77.77777777777779,2110.79,2120.53,0.5604534308087272,1.1240473574881005,1.8435562342375755,3.297959777748294,7.025500912275917,5.813521886111062e-07,1.000930347544461,1.2067064794735656,1.4242463471552191,0.40739513635634905,70.0,3.02206301689148,3.00522017478943,1,1,1
JPN,1983,2690529.25,2102.05,3.05603265762329,-1.6678188273471228,-3.485843234625763,-3.782378884636939,4.222404435669702,29.373313203471763,0.18104121582280808,-0.9791365901350663,-1.2525694048659382,0.6249926914543589,1077219.03671875,90.0,2736163.5,2787704.25,-0.169546261908593,-0.41406298115870266,-0.8714802431467605,-0.585970753485554,-2.912554096558606,0.07538573037866314,-0.9337767094721905,-1.1770761885352732,-0.3745341156523939,247.05666666666662,77.77777777777779,2105.62,2110.79,0.5604601297723111,1.1240546786066563,1.6908073245388788,3.1430310682055262,6.864974058965356,6.698963583851025e-06,1.0009321626268524,1.2349886564305006,1.4117350950806544,0.40382316112518213,70.0,3.03900027275085,3.02206301689148,1,1,0
JPN,1984,2703964.5,2114.67,3.07316040992737,0.49935342646805214,-1.1767937113407179,-3.0038964857911354,-0.6692241738428972,33.6554485112996,2.167172253815175,-0.26670577273883556,-0.8141749431748091,0.5276147385467844,989871.1625000001,90.0,2690529.25,2736163.5,0.6003663090792255,0.42980214853582943,0.18381743328328426,-0.21705587301287244,0.4612914259653378,0.7699125709878185,1.1103805342110562,0.5396271658427475,0.5419849912993073,253.2077777777779,77.77777777777779,2102.05,2105.62,0.5604571096894162,1.1240583781059854,1.6908116326591172,2.9883372606495984,6.704693070742906,-3.0200828948778735e-06,1.0009292916004588,1.268444578540043,1.4123992188300474,0.4000955700874349,70.0,3.05603265762329,3.03900027275085,0,1,0
JPN,1985,2763520.75,2097.38,3.09038424491882,2.2025529551146006,2.712904905233793,0.999839739109154,-1.172086321698984,31.612521074037737,1.7031995286465484,1.1373062372751397,0.6721325667753207,0.6568839471131098,970316.27734375,90.0,2703964.5,2690529.25,-0.8176216620087273,-0.22216407792393644,-0.39133366894310573,-1.0917082050242222,1.036192054415741,-1.4179879710879528,-0.8183860466537295,-1.271854715067264,-1.6449270808193264,240.3755555555556,77.77777777777779,2114.67,2102.05,0.5604600051403619,1.1240582527755283,1.6908182808900607,2.8338712365844287,6.544666195400084,2.895450945672451e-06,1.0009310408076708,1.268444260511265,1.4236147322396353,0.3962085604667642,70.0,3.07316040992737,3.05603265762329,0,0,0
JPN,1986,2958267.25,2095.29,3.10770440101624,7.047043160432209,9.404810972925116,9.95112764523931,6.118403700822994,32.49142668014451,4.844490205317609,1.1253888175107205,1.7266908295052523,1.6371952103799825,1084172.446875,90.0,2763520.75,2703964.5,-0.09964813243189541,-0.9164550497240742,-0.3215908280012503,-0.7343222205903999,-0.40071872682675425,0.7179735295768319,-0.6727978548239528,-1.0061844740992552,-1.5728291627702171,244.40777777777794,77.77777777777779,2097.38,2114.67,0.5604531580788885,1.1240542790178054,1.6908112308307466,2.833871552183953,6.384859212032823,-6.847061473358451e-06,1.0009281565256714,1.2684403463536336,1.4422595046077384,0.39331978559494596,70.0,3.09038424491882,3.07316040992737,0,0,0
JPN,1987,3150152.25,2100.66,3.12512159347534,6.486398414477268,13.99054087073528,16.501242897234782,15.130263597186344,32.24880213040424,-0.5606447459549413,0.997523858539405,1.503260232515135,2.273772653217048,1188697.18359375,90.0,2958267.25,2763520.75,0.2562891055653438,0.15638558582611317,-0.6625147186085867,-0.23556007256769762,-0.460108890858002,0.3559372379972392,1.0651845090805412,-0.17853995843536688,-0.8133627483637341,253.8877777777775,77.77777777777779,2095.29,2097.38,0.5604520318407635,1.124046261031597,1.690806095904307,2.833870121588844,6.225289796100775,-1.1262381249821374e-06,1.0009298416780044,1.2684398607095795,1.4642916992145103,0.3902954459190351,60.0,3.10770440101624,3.09038424491882,0,0,0
JPN,1988,3469540.0,2102.84,3.14263677597046,10.138803608619229,17.28284521961294,25.547817942021965,28.953810853385065,34.398762282823526,3.652405194141961,1.0720723118878261,1.4786068416415687,2.3549433652738934,1395919.62890625,90.0,3150152.25,2958267.25,0.10377690820981833,0.36033198268499156,0.2603247861617808,0.03758236007707083,-0.5486086150470082,-0.15251219735552546,0.8346853024531388,0.08876413219800905,-0.4549443051466676,257.63111111111107,77.77777777777779,2100.66,2095.29,0.5604640322375953,1.1240571961347756,1.6908101682679977,2.8338741122787114,6.065974724266998,1.2000396831801652e-05,1.0009337323907812,1.268446180442457,1.4845956185601898,0.38713239431381385,60.0,3.12512159347534,3.10770440101624,0,0,0
JPN,1989,3757369.0,2076.7,3.16024994850159,8.295883604166555,19.275790559011874,27.012493546686823,38.95777847675146,38.02783943174997,-1.8429200044526741,0.9822336385498548,1.351631401439128,2.116071679237954,1594573.3156249998,90.0,3469540.0,3150152.25,-1.2430807859846849,-1.1405939085811112,-0.8872280209422101,-1.795552024665803,-2.008710546556136,-1.3468576941945032,-1.151435014807564,-1.7174785630658622,-2.160287400802166,239.56999999999994,77.77777777777779,2102.84,2100.66,0.5604584235062049,1.124063623623206,1.6908154928817476,2.8338754557975854,5.906898472613187,-5.608731390438493e-06,1.0009285304141058,1.268445417598482,1.4973844408661714,0.383826112747196,60.0,3.14263677597046,3.12512159347534,0,0,0
JPN,1990,4046020.5,2049.07,3.17796182632446,7.682277146588468,16.61547352098549,28.438887358539567,46.408182388353694,44.6921521087317,-0.6136064575780873,1.0004752476251482,1.2915921210634058,1.9210478750813793,1823104.15,90.0,3757369.0,3469540.0,-1.3304762363364753,-2.557018127865174,-2.455894814010817,-2.303349893676865,-3.369912238921402,-0.08739545035179042,-1.009107736021925,-1.5913277858127843,-2.410580659926855,222.84666666666658,77.77777777777779,2076.7,2102.84,0.5604581318407353,1.1240576901570654,1.690821661449604,2.8338735401474358,5.748053103867279,-2.916654695539478e-07,1.0009300978689262,1.2684428505698184,1.4973838688171868,0.3806201100349398,60.0,3.16024994850159,3.14263677597046,0,0,0
JPN,1991,4307417.5,2002.95,3.19438242912293,6.460595046416606,14.639193009789553,24.14952702663753,45.606097623532825,54.514866489155,-1.2216821001718614,0.9830813945130015,1.2272384445319815,1.742193275900312,2027901.165625,90.0,4046020.5,3757369.0,-2.2507771818434774,-3.5513073626426417,-4.750242529151061,-4.407027189553714,-5.10898763022375,-0.9203009455070021,-1.0723943776159774,-1.5250106105015213,-2.3929136433238227,190.40666666666675,77.77777777777779,2049.07,2076.7,0.5167023298534135,1.0800563619192127,1.6465680522844028,2.7891336151001367,5.702045631354813,-0.043755801987321874,0.9871541354205614,1.2481597238844915,1.480109170123428,0.3745919466018721,60.0,3.17796182632446,3.16024994850159,0,0,0
JPN,1992,4463374.0,1960.31,3.21088767051697,3.6206497280563132,10.315160291451807,18.789876639744453,41.687564466130176,63.125266454289,-2.839945318360293,0.9061971277101138,1.1267458608372505,1.5212270581148108,2082962.1124999998,90.0,4307417.5,4046020.5,-2.1288599316008905,-4.331721219870488,-5.6045649347522435,-6.681233517085106,-6.90105527113154,0.12191725024258693,-0.98667829918398,-1.3647218908465442,-2.1530987504871106,152.51111111111095,77.77777777777779,2002.95,2049.07,0.5166958484232431,1.03606795776372,1.6023328167251272,2.744407680670524,5.656050751536479,-6.481430170346414e-06,1.0008557585401185,1.2475415636588492,1.470292293702021,0.3689975619316108,60.0,3.19438242912293,3.17796182632446,0,0,0
JPN,1993,4593764.5,1906.05,3.22747826576233,2.92134380851794,6.647765163232955,13.537845396482794,32.40269603463284,70.7383222092828,-0.6993059195383733,0.9689524252090873,1.0739004663083318,1.3622099461915513,2106484.93125,90.0,4463374.0,4307417.5,-2.7679295621610867,-4.837864150378202,-6.979751789836374,-9.358296399155442,-9.324231107728176,-0.6390696305601962,-1.0374889044803155,-1.3597961679925337,-2.0322758577918263,105.96888888888884,77.77777777777779,1960.31,2002.95,0.5166980893694273,1.036063695369327,1.5581193904754764,2.699691241463009,5.610071204945011,2.2409461841732536e-06,1.0008585540451058,1.2575989132586693,1.466543556053284,0.3632571458816529,60.0,3.21088767051697,3.19438242912293,0,0,0
JPN,1994,4674152.0,1897.0,3.24415493011475,1.7499264492117472,4.722391625707378,8.514022613317618,24.399599826367858,72.86292035268953,-1.1714173593061927,0.9124047740474373,1.0305631924785772,1.2150068020767306,2052908.453125,90.0,4593764.5,4463374.0,-0.47480391385325005,-3.2295912381204994,-5.289697695898554,-8.653151634805212,-10.293331820094863,2.2931256483078366,-0.7044422266312141,-1.0253724409434999,-1.6108580518147326,98.17111111111126,77.77777777777779,1906.05,1960.31,0.5167088041871271,1.036076718075396,1.5581259318874219,2.6550109320607085,5.5641260910106904,1.0714817699764012e-05,1.0008612839667461,1.268172764436215,1.4675773076194443,0.3573682188987779,60.0,3.22747826576233,3.21088767051697,0,0,0
JPN,1995,4946759.5,1899.48,3.26091766357422,5.832234381765944,7.684220643004225,10.830046955509442,22.26234395006155,79.00207552268243,4.082307932554197,1.1271226068539353,1.4581810907862256,1.3403836513572072,2169033.7671875,90.0,4674152.0,4593764.5,0.13073273589878642,-0.3446919021012018,-3.1030806352056572,-7.300385052731251,-9.435581535058024,0.6055366497520365,-0.29152869089559313,-0.7186461903087481,-1.2568014798273799,97.63777777777773,77.77777777777779,1897.0,1906.05,0.5167057005775355,1.0360843686112897,1.5581358861175953,2.610347190535789,5.518194669021792,-3.1036095915482065e-06,1.000856856000836,1.268172262926715,1.4720982400796128,0.35132783651351973,60.0,3.24415493011475,3.22747826576233,0,0,0
JPN,1996,5258580.0,1902.66,3.27776670455933,6.303530624442133,12.503401686551907,14.472128468927824,22.081966746896487,77.75878768221499,0.4712962426761891,1.0215992186280578,1.4851973226766628,1.4972075105300817,2296341.6046875,90.0,4946759.5,4674152.0,0.16741423968664737,0.2983658408012735,-0.17785472574171068,-5.007114506103494,-9.19347679796113,0.03668150378786095,1.038580737567884,-0.3923457468907934,-0.9981341404164651,91.40111111111128,77.77777777777779,1899.48,1897.0,0.5166963021888238,1.0360718020144377,1.5581340804202704,2.610341037322028,5.472280551762876,-9.398388711723271e-06,1.0008548256569112,1.26816450540567,1.478749556737235,0.34569483995437933,60.0,3.26091766357422,3.24415493011475,0,0,0
JPN,1997,5266408.0,1875.14,3.29470300674438,0.1488614797150456,6.461775633119005,12.670875915032287,17.991635923854908,67.17947521425354,-6.154669144727087,0.5986836356916595,1.009227830291212,1.3104750798395375,2177985.5515625,90.0,5258580.0,4946759.5,-1.4463960980942492,-1.281403331438069,-1.1523458091723726,-4.344720988006989,-10.73567355021754,-1.6138103377808966,-1.1482425901430557,-1.717806631207801,-1.089295254068048,65.77111111111117,77.77777777777779,1902.66,1899.48,0.5167024901891804,1.0360685750381293,1.5581277010047634,2.6103478174281713,5.426394084092401,6.188000356566192e-06,1.0008598246559233,1.2681657073779085,1.4860813817426455,0.33990701436996096,60.0,3.27776670455933,3.26091766357422,0,0,1
JPN,1998,5188714.5,1854.67,3.31172680854797,-1.4752654940521137,-1.3286001163812289,4.89118179284842,12.95125163686559,49.55050237207237,-1.6241269737671593,-1.1498566802821186,0.4776437408799367,1.032842458924397,1982819.8875000002,90.0,5266408.0,5258580.0,-1.0916518233305306,-2.522258312047343,-2.35906669193674,-2.69562708218567,-11.801658709174268,0.3547442747637186,-0.94762906853059,-1.518702116513765,-1.14950078663305,45.29333333333352,66.66666666666666,1875.14,1902.66,0.5167021661358184,1.0360744692842871,1.5581241299438053,2.6103519791090157,5.380514664323388,-3.240533619219832e-07,1.0008577398003558,1.268168581297381,1.492534704218261,0.33396118879317926,60.0,3.29470300674438,3.27776670455933,1,0,1
JPN,1999,5131489.5,1839.17,3.32883858680725,-1.1028743246520922,-2.5618694943498443,-2.416821651472456,9.784395115948307,36.571348196038244,0.3723911694000215,-0.9458087810436165,-0.2061127916667834,0.7930485161441603,1799048.2828125,80.0,5188714.5,5266408.0,-0.8357281888422219,-1.9182567701611641,-3.3369072771803676,-3.048497627833413,-11.437858140318768,0.2559236344883087,-0.9509222007286182,-1.2677006312407395,-1.2011564164002013,32.730000000000246,66.66666666666666,1854.67,1875.14,0.5167025919865287,1.0360745716076147,1.5581304849085154,2.6103456375156764,5.334661531616991,4.2585071025058596e-07,1.0008579805264914,1.2681695584265904,1.4965198691183252,0.3278546810150118,60.0,3.31172680854797,3.29470300674438,1,1,0
JPN,2000,5264667.5,1846.72,3.34603881835938,2.595308827972853,1.4638115086116121,-0.0330490915250059,6.426590983450886,30.119644722511918,3.6981831526249453,1.0434412385883585,0.7108346853806106,0.9643261135013754,1778604.3875000002,80.0,5131489.5,5188714.5,0.41051126323286,-0.4286476839545639,-1.5156201670275316,-2.7776022911533693,-9.875211681396934,1.246239452075082,-0.01720239179336853,-0.66232730021591,-1.0121864353665395,38.34444444444466,66.66666666666666,1839.17,1854.67,0.5167036821880577,1.0360760954933435,1.5581316892573804,2.6103435770856054,5.288829797849193,1.0902015290525924e-06,1.0008581949676412,1.2681686768736724,1.4965201929333103,0.32158435583114997,60.0,3.32883858680725,3.31172680854797,0,1,0
JPN,2001,5299230.0,1831.42,3.36086773872376,0.6564991996170777,3.2688462092731463,2.1299206190666276,0.7730223748616538,23.025687665521154,-1.9388096283557754,0.7613680444440565,1.010248307161789,0.9128416665518416,1726509.8703124998,80.0,5264667.5,5131489.5,-0.8284959279154402,-0.421385733782087,-1.2535922832633273,-3.7442317597468855,-8.563868294265953,-1.2390071911483003,-1.0043286965347928,-1.073344451186878,-1.2594946903427644,29.494444444444525,66.66666666666666,1846.72,1839.17,0.44317837208029953,0.9621719732355594,1.4838461327471686,2.535294352976303,5.211815219210969,-0.0735253101077582,0.9744315328941796,1.23047641440378,1.4649061760293791,0.319795346260074,60.0,3.34603881835938,3.32883858680725,0,0,0
JPN,2002,5303337.5,1819.0,3.37576270103455,0.07751126107000683,0.7345193214956192,3.3488911942624044,0.7012274780077821,18.819025696703882,-0.5789879385470709,0.6713378540557233,0.8779668765892092,0.7958261073089294,1628936.290625,80.0,5299230.0,5264667.5,-0.6781623002915849,-1.50103968116444,-1.0966903548883522,-2.99390978806916,-7.208553749151914,0.15033362762385538,-0.9636358767920816,-1.3931737785083673,-1.4641783693097494,29.53444444444449,66.66666666666666,1831.42,1846.72,0.4431879939567507,0.8883304793739333,1.4096241978589275,2.460303527335772,5.134873824191866,9.621876451149092e-06,1.0007397925877553,1.228309071866351,1.4465264345215942,0.3178742170333897,60.0,3.36086773872376,3.34603881835938,0,0,0
JPN,2003,5373061.0,1822.58,3.39072346687317,1.3147098407370938,1.393240149984054,2.0588859600345177,3.55283567827831,16.964224004082062,1.237198579667087,1.153285125796682,1.1086473313217695,0.9609524511204086,1574494.8109375,80.0,5303337.5,5299230.0,0.19681143485430486,-0.4826855663911167,-1.3071824640443652,-1.7302269406417436,-4.3792135568321955,0.8749737351458897,-0.2742607046017277,-0.8021695401753071,-1.1144113879712787,38.115555555555375,66.66666666666666,1819.0,1831.42,0.4431817981173536,0.8883339205947749,1.3354491964830073,2.385361561868571,5.0579798737167225,-6.195839397094005e-06,1.000733873209927,1.246994946648007,1.4389833588412544,0.3158177614212039,60.0,3.37576270103455,3.36086773872376,0,0,0
JPN,2004,5475032.0,1831.02,3.40575051307678,1.8978195110757268,3.237480171684348,3.3175008444623177,6.694791054332283,17.13423097922362,0.5831096703386329,1.0564134987134266,1.5783998330381643,1.5801109861520333,1483758.875,80.0,5373061.0,5303337.5,0.4630798099397593,0.660802638812541,-0.02184097585480327,-0.4431346748805187,-3.478123352662099,0.2662683750854544,1.1050654731642133,0.0814418089147554,-0.6939050945123046,46.29555555555544,66.66666666666666,1822.58,1819.0,0.44318111902730273,0.8883270151968992,1.3354519678320687,2.310473285618131,4.98113026175091,-6.79090050859088e-07,1.0007359330162207,1.267704746378842,1.4402157183332085,0.31362333297729306,60.0,3.39072346687317,3.37576270103455,0,0,0
JPN,2005,5544842.0,1818.7,3.42084431648254,1.2750610407391116,3.1970789090241203,4.553821060794272,5.3217890778477495,12.090389678333867,-0.6227584703366151,0.9321631873260721,1.3469647895781116,1.880668697912022,1345907.2828125004,80.0,5475032.0,5373061.0,-0.6728490131183706,-0.2128850311097441,-0.016492578339744046,-1.5172846993588673,-4.252742855939518,-1.13592882305813,-0.8572681410635519,-0.9299547167281575,-0.9378407346743153,-28.236999999999853,60.0,1831.02,1822.58,0.44318582197391265,0.8883310568864156,1.335449776554909,2.2356434633307165,4.904345015967926,4.702946609924652e-06,1.0007379514047074,1.26770647752873,1.4481628027008482,0.3112882375717132,60.0,3.40575051307678,3.39072346687317,0,0,0
JPN,2006,5619079.0,1827.1,3.43600463867188,1.3388478878207932,2.6309800563722785,4.578730820290344,6.035763686422357,6.85544386507384,0.06378684708168159,1.0100853466255888,1.2258653175453094,1.7460508847471323,1230718.1828124998,80.0,5544842.0,5475032.0,0.4618683675152502,-0.2140883223558543,0.2480000877876476,-0.23588253923185754,-3.971282310029123,1.1347173806336208,0.237251930345963,0.642077207251113,-0.5269392376828252,-16.261000000000195,60.0,1818.7,1831.02,0.44317486523117733,0.8883247753743495,1.3354427820817527,2.235639893899899,4.8276142988591175,-1.0956742735324099e-05,1.0007320831131206,1.2677021508097341,1.4605099132613282,0.30942158699036115,60.0,3.42084431648254,3.40575051307678,0,0,0
JPN,2007,5721867.5,1818.5,3.45123267173767,1.8292766483617662,3.1926157679515565,4.508384608528315,7.891822837977025,8.648389946240398,0.49042876054097295,1.0492225162707456,1.3122479192112684,1.7145669116372535,1126372.5593750002,80.0,5619079.0,5544842.0,-0.47069125937276857,-0.010996865893220242,-0.6837718867079512,-0.02748763056624748,-3.0205744637733734,-0.9325596268880187,-0.5976032805123884,-0.9338613975973445,-0.9890782217200054,-11.04300000000012,60.0,1827.1,1818.7,0.44319011954756515,0.888329091993767,1.3354518625558809,2.235642057422793,4.750949165155949,1.5254316387824929e-05,1.0007419002378386,1.2677097358210032,1.4745651559443447,0.30742630958557005,60.0,3.43600463867188,3.42084431648254,0,0,1
JPN,2008,5611646.0,1798.4,3.46652793884277,-1.9263203840354515,-0.1322814646314785,1.2047953755941032,4.440392543468241,8.150988072286491,-3.7555970323972176,-0.6366285709015175,0.18643382208519033,0.9372475845704441,932845.3343749996,80.0,5721867.5,5619079.0,-1.1053065713500065,-1.5707952493021593,-1.1161818881618712,-1.3266907351117574,-3.0339629152355885,-0.634615311977238,-1.104397494953794,-1.6153375488722654,-2.024028231294051,-22.429000000000087,60.0,1818.5,1827.1,0.4431827280250822,0.888336989634797,1.3354487411225913,2.235643003925203,4.674332734669995,-7.391522482969037e-06,1.0007334280770381,1.2677072862190906,1.4871951120765903,0.3052989721298167,70.0,3.45123267173767,3.43600463867188,1,0,1
JPN,2009,5372873.0,1754.0,3.48189091682434,-4.254954785102272,-6.099311107780803,-4.381607733224612,-1.8659069024619446,4.703965583482139,-2.3286344010668203,-1.0982228057936219,-1.558987558006615,-0.5384066818339753,653035.4187500002,80.0,5611646.0,5721867.5,-2.4688612099644125,-3.546879296123173,-4.000875704668594,-4.206398619348772,-4.630893283383264,-1.363554638614406,-1.0998636617155546,-1.670592167394071,-2.483547073803306,-54.06699999999978,60.0,1798.4,1818.5,0.4431805614322659,0.8883273891595822,1.3354544879251584,2.2356424363795924,4.597769643252225,-2.1665928162661885e-06,1.000735376392716,1.2677048146067271,1.4950676235746194,0.3030371427536007,70.0,3.46652793884277,3.45123267173767,1,1,0
JPN,2010,5568566.5,1773.4,3.49732208251953,3.642250617127929,-0.7676802848932351,-2.6792126871165722,0.42786611412912734,5.772425324106423,7.897205402230201,0.39975628908628397,-0.0799113392599828,0.5433151039113084,578700.46875,80.0,5372873.0,5611646.0,1.1060433295325023,-1.3901245551601438,-2.480065988452018,-2.4907901248144237,-3.9702824467163333,3.574904539496915,-0.08386203464661232,-0.6829231570675682,-1.373507527223589,-50.608999999999924,70.0,1754.0,1798.4,0.4431834903450671,0.8883281548580202,1.3354477998336334,2.2356400631417195,4.52126446740766,2.928912801181127e-06,1.0007372848121554,1.2677042800162537,1.4950679367888422,0.30063815116882076,70.0,3.48189091682434,3.46652793884277,0,1,1
JPN,2011,5527307.5,1769.3,3.50793290138245,-0.7409267717284118,2.874337435483776,-1.5029191078695936,-1.6332124890929611,4.303974350990614,-4.383177388856341,0.3657061294161074,-0.25995550124505135,0.11903305275776718,324725.4656250002,80.0,5568566.5,5372873.0,-0.2311943160031693,0.8722919042189359,-1.6181049822064142,-3.1634831153193543,-3.39190355025063,-1.3372376455356716,0.36513090728131,-0.5245762682290926,-1.2220542050199203,-45.59199999999987,60.0,1773.4,1754.0,0.3033983891834069,0.7479264910993155,1.1944217173539329,2.0933691969162282,4.375809287708998,-0.1397851011616602,0.9329878197323304,1.1796061365677186,1.424136184291805,0.28758032321930216,70.0,3.49732208251953,3.48189091682434,1,0,0
JPN,2012,5578679.0,1781.3,3.51857590675354,0.929412738480706,0.18159969895303885,3.8304646322367963,-2.5024784303376513,5.191853243358535,1.6703395102091179,0.753093789991336,0.4995586396881921,0.36124016460109015,183098.3312499998,80.0,5527307.5,5568566.5,0.6782343299609916,0.44547197473778777,1.5564424173318159,-2.045642012647786,-2.0725673446948867,0.909428645964161,1.0875291210182974,0.3692994399412277,-0.6494589802175523,-34.78800000000024,60.0,1769.3,1773.4,0.30339820259663863,0.6077170970395285,1.0535938892266783,1.951280641474784,4.230546349576736,-1.865867682582234e-07,1.000504413128016,1.1670351788422784,1.3802785552302133,0.27706904411315714,70.0,3.50793290138245,3.49732208251953,0,1,0
JPN,2013,5612847.0,1762.9,3.52925133705139,0.6124747453653434,1.5475799021494652,0.7951866966121379,0.021401920220909254,4.462744792958806,-0.31693799311536264,0.9267342435485801,0.8588659033635526,0.529114728486449,75674.70000000019,80.0,5578679.0,5527307.5,-1.032953460955477,-0.36172497597919406,-0.592083004398336,-1.9739768683273984,-3.2744790352138065,-1.7111877909164686,-0.8849921377896819,-0.5094925611862252,-1.0618289520100204,-54.72600000000011,60.0,1781.3,1769.3,0.3034020177697272,0.6077207366349091,0.912962940744011,1.80940120244808,4.085495957768748,3.8151730885616075e-06,1.0005066077602578,1.2096564399449985,1.358839993682586,0.26630179882049454,70.0,3.51857590675354,3.50793290138245,0,0,1
JPN,2014,5506011.5,1759.6,3.53995895385742,-1.9034101588730312,-1.3025933200314976,-0.38528704979775563,2.4779759357796083,0.5658323092906148,-2.5158849042383746,-1.09663716988491,-1.2423281589501693,-0.6638863910467752,-184757.38124999963,80.0,5612847.0,5578679.0,-0.1871915593624207,-1.2182114186268467,-0.5482394167184768,0.31927023945268473,-3.900558158840428,0.8457619015930562,-0.7126846992482899,-1.127868853094196,-0.9806433834553094,-58.52999999999997,60.0,1762.9,1781.3,0.30339626689710464,0.6077187950624507,0.9129608055601368,1.6677155723775927,3.940642165811359,-5.750872622556358e-06,1.0005013671369003,1.2668244471619308,1.356806136667985,0.25598664283752326,70.0,3.52925133705139,3.51857590675354,1,0,0
JPN,2015,5667116.5,1752.2,3.55069923400879,2.9259837179780757,0.9668800877700834,1.5852767294909809,1.769755286212349,2.2051935835141867,4.829393876851107,0.8758337094880521,1.3646716251636624,0.9240361118911063,-216380.05625000037,80.0,5506011.5,5612847.0,-0.42055012502840716,-0.606954450053887,-1.6336383540111132,-1.1954437803090134,-3.6564579094957916,-0.23335856566598645,-1.101102797801219,-1.172034377402822,-1.033742889395859,-63.33100000000013,60.0,1759.6,1762.9,0.3034012623131188,0.6077180373138091,0.9129638838710985,1.526229218522701,3.795990273529104,4.995416014175191e-06,1.0005072519141103,1.2668271125805555,1.371550453006143,0.24589416980743417,70.0,3.53995895385742,3.52925133705139,0,1,1
JPN,2016,5581832.5,1745.5,3.56147217750549,-1.504892302813965,1.377058511410656,-0.5525627190621774,0.9864658335003051,-0.6628577387860157,-4.430876020792041,-0.039136228780707154,-0.12748049429440522,0.07342255184219809,-443280.4937500004,80.0,5667116.5,5506011.5,-0.3823764410455399,-0.8013184814730567,-0.9870100402745496,-1.3451647544226453,-4.466093809862615,0.038173683982867246,-0.9830478056731887,-1.0933755303994936,-1.1495641823262441,-52.94399999999996,60.0,1752.2,1759.6,0.3034034365264171,0.6077252286958768,0.912965311249847,1.5262343273994894,3.651553243598271,2.1742132982893736e-06,1.000505712772643,1.2668297363394463,1.3995904700849573,0.23695964813232173,70.0,3.55069923400879,3.53995895385742,1,0,1
JPN,2017,5567545.0,1745.3,3.57227778434753,-0.25596432712733375,-1.7570046424844055,1.1175694057304453,-0.19958129872681418,-2.69706525011284,1.2489279756866312,-0.7049320565011801,-0.32944128812488443,0.10191470456145482,-651842.7093749996,80.0,5581832.5,5667116.5,-0.011458034947009477,-0.3937906631663157,-0.8126847010684224,-2.020995901869427,-4.025295573274679,0.37091840609853044,-0.6026261477169516,-0.9717787298893023,-1.1221256383193423,-52.01299999999969,60.0,1745.5,1752.2,0.30340281500131905,0.6077267860949753,0.9129718991485181,1.5262389960357226,3.5073008435827946,-6.215250980545761e-07,1.0005041829436403,1.2668295236064284,1.4352890628071437,0.22781963348388334,70.0,3.56147217750549,3.55069923400879,1,1,1
JPN,2018,5523070.5,1724.6,3.58311605453491,-0.7988170728750243,-1.0527367132568077,-2.541786462304063,-1.5994824017116493,-1.578422801438295,-0.5428527457476906,-1.1228903543380888,-0.730991629558732,-0.3529290967433847,-947549.765625,80.0,5567545.0,5581832.5,-1.1860425141809405,-1.197364651962196,-1.5751626526652296,-2.1725565829031845,-4.103647686832746,-1.174584479233931,-1.154660506004876,-1.5977301644990192,-1.9712655167744981,-74.96800000000007,50.0,1745.3,1745.5,0.3033994230479342,0.6077227604394553,0.912970048705608,1.526236369680678,3.363253311353964,-3.3919533848347783e-06,1.0005026623421924,1.2668237218601255,1.4699181791032705,0.21846539974212487,70.0,3.57227778434753,3.56147217750549,1,1,1
JPN,2019,5515624.0,1687.8,3.59398722648621,-0.13482536570916803,-0.9325654305443409,-1.1861427228423649,0.17458190924592998,2.6568839427248747,0.6639917071658563,-0.7048688073373128,-0.9131144984953271,-0.9890593115842906,-1225674.0406250004,80.0,5523070.5,5567545.0,-2.1338281340600673,-3.29456253939151,-3.305643082211407,-4.08047283473516,-3.7742303306727454,-0.9477856198791268,-1.0793211593102716,-1.6442646342084857,-2.2833881914718206,-109.52000000000021,50.0,1724.6,1745.3,0.3033999397686671,0.6077198764833813,0.9129665306972568,1.5262400873297333,3.2194090033155875,5.167207328682366e-07,1.0005048006046062,1.266823511697988,1.4923071218913624,0.20889253616333425,60.0,3.58311605453491,3.57227778434753,1,1,1
JPN,2020,5335586.5,1646.4,3.60489130020142,-3.2641365691352453,-3.3945610507778223,-4.16626179043007,-5.850065019838569,-4.183841568561675,-3.1293112034260773,-1.153990145513126,-1.7139870306009837,-2.3451500343947,-1382758.0999999996,80.0,5515624.0,5523070.5,-2.452897262708842,-4.534384784877643,-5.666647567753391,-6.038123501883341,-7.161384910341717,-0.31906912864877457,-1.019020342170662,-1.4912618388420311,-2.2063827237621676,-57.22000000000003,60.0,1687.8,1724.6,0.3033976758417989,0.6077181239762197,0.9129613603060527,1.526236457134278,3.0757595424095285,-2.2639268681956537e-06,1.000503276280762,1.2668232860089241,1.4923042117235303,0.1990963459014945,60.0,3.59398722648621,3.58311605453491,1,1,0
JPN,2021,5337506.5,1650.9,3.62192320823669,0.03598479754756134,-3.2293263645237547,-3.3597977791520184,-4.377164667696498,-3.433878068119056,3.3001213666828066,-0.5680405920623621,-1.0690016019343032,-1.6953124020758912,-1846147.1968750004,80.0,5335586.5,5515624.0,0.273323615160348,-2.1862779950231004,-4.273454714136604,-5.419650529934106,-6.691912055615212,2.72622087786919,-0.4754573110504018,-0.9148636836908107,-1.5691418674578823,-107.46799999999985,50.0,1646.4,1687.8,0.47246661873876494,0.7772977473209375,1.0830560079867935,1.697360746295118,3.2495007760643624,0.16906894289696606,1.0646141129880355,1.386788376363642,1.608322926257793,0.19591732025146102,60.0,3.60489130020142,3.59398722648621,0,1,1
JPN,2022,5243242.5,1652.13,3.63912701606751,-1.7660681068959794,-1.730718825381239,-4.938362368428306,-5.824874338689678,-6.01283027756212,-1.8020529044435407,-1.154517222900027,-1.1991293603267608,-1.783750553526801,-2149549.065625,80.0,5337506.5,5335586.5,0.0745048155551542,0.34803206997084946,-2.1134020618556626,-5.338337248610547,-7.251445573457582,-0.19881879960519377,0.7691020926310039,-0.6025770890645368,-1.25270089540673,-129.60500000000002,50.0,1650.9,1646.4,0.47499096037422195,0.9497017528427909,1.2559808017301277,1.8713335231904438,3.4261335412029803,0.002524341635457006,1.0016694798700352,1.3695677735096947,1.662037984836345,0.1813412904739442,60.0,3.62192320823669,3.60489130020142,1,0,0
JPN,2023,5393180.5,1653.9,3.6565043926239,2.859642673402951,1.0430713292808091,1.0794314739345001,-2.351771537227343,-3.9136377670725753,4.625710780298931,0.9042801071872748,0.28177990996981783,-0.554309255736725,-2255246.546875,80.0,5243242.5,5337506.5,0.1071344264676588,0.18171906232964385,0.45553935860058736,-4.099501333642575,-6.182993930455494,0.0326296109125046,1.0543219511325748,-0.25806505362754495,-0.9965814803969288,-127.74299999999994,50.0,1652.13,1650.9,0.47751497762142936,0.9547740909737756,1.4317516985767664,2.0481708371155705,3.605667135025503,0.0025240172472074107,1.001668849857926,1.3148360556279473,1.6702162566066407,0.1766680717468243,60.0,3.63912701606751,3.62192320823669,0,1,0
NLD,1960,159270.234375,2103.61,2.48171925544739,6.250746589765566,12.037352323919158,14.227520785434077,21.35999024671571,69.43891212495397,0.8045676970226401,1.0301544347590994,1.5048243213464336,1.499154174123476,-493185.10566406255,30.0,149900.34375,142158.15625,-0.11633096872832871,0.4838832948010019,0.6762448073204919,2.2793463410365034,6.658250054505177,-0.7172442805345125,0.3838495125088247,0.8027471434992729,1.0519880765850385,18.246666666666897,55.55555555555556,2106.06,2093.48,0.11760283731894194,0.23534747697191438,0.3532339430833531,0.589422725408939,2.3674932511176694,-3.493951594712996e-06,1.0001908891091977,1.2656465475830976,1.126687119709595,0.2794180989265449,40.0,2.47880411148071,2.47589230537415,0,0,0
NLD,1961,164755.71875,2055.75,2.50298833847046,3.444136562318656,9.91016740080024,15.89607173876104,20.625418339117484,70.06747060434033,-2.8066100274469097,0.9026117834405143,1.258455386625073,1.4970369997157265,-506186.7681640625,30.0,159270.234375,149900.34375,-2.275136550976664,-2.3888208313153414,-1.802262261879739,-0.8789862968784701,3.680186404946584,-2.1588055822483354,-1.1536232620397064,-1.6816111063354449,-0.14205393719998194,-16.134444444444398,55.55555555555556,2103.61,2106.06,0.857030180846774,0.975640909975084,1.0943946567262053,1.3323215185099935,2.8836404696726436,0.739427343527832,1.1476413817491697,1.7208352622377754,1.9047940102635688,0.28111122846603465,40.0,2.48171925544739,2.47880411148071,0,0,0
NLD,1962,174086.0,2005.8,2.52443933486938,5.663100085865769,9.302281548802416,16.13449018525015,24.85328637511197,63.36734111848119,2.218963523547113,1.0745090302052382,1.2866510095976569,1.6137970474420336,-535638.507421875,30.0,164755.71875,159270.234375,-2.4297701568770536,-4.649626118909877,-4.760548132531839,-4.004824166778342,0.838054827990109,-0.15463360590038944,-1.0070460212142023,-1.57565367641113,-1.559397441681357,-57.10222222222205,55.55555555555556,2055.75,2103.61,0.8570154350790338,1.7213904968589544,1.8410177382435444,2.0807049754702156,3.4023579793840186,-1.4745767740187432e-05,1.0014163949186503,1.5320309058034571,2.1455246765834532,0.28312062025069595,40.0,2.50298833847046,2.48171925544739,0,0,0
NLD,1963,181981.765625,1974.85,2.5460741519928,4.535554625300131,10.455507709045753,14.25974623514772,28.013594453888402,58.199337827053995,-1.1275454605656376,0.971119560031244,1.276761161825521,1.6114600168427928,-563219.935546875,30.0,174086.0,164755.71875,-1.5430252268421651,-3.935303417244318,-6.120906441783425,-5.6666411907446035,-1.7653730214789554,0.8867449300348884,-0.9133557826275673,-1.2730924827156032,-1.9472574363414648,-90.5633333333335,55.55555555555556,2005.8,2055.75,0.8570147368797576,1.7213749205347684,2.593157803976043,2.8346082124135252,3.923697745882504,-6.981992761723177e-07,1.0014190907905698,1.3711389420063216,2.0805813382959912,0.28512473106384517,40.0,2.52443933486938,2.50298833847046,0,0,0
NLD,1964,195753.546875,1957.16,2.5653064250946,7.567670971155849,12.44646144721575,18.814417101986038,30.589124733077867,64.77108603918491,3.0321163458557177,1.0772720597914571,1.426806519487873,1.7827711953742305,-600835.5390625,30.0,181981.765625,174086.0,-0.8957642352583672,-2.424967593977456,-4.795816611942105,-7.070073976999702,-3.8519923166484005,0.6472609915837979,-0.8980723678022483,-1.0358833959243068,-1.7483186470681102,-108.15555555555534,33.33333333333333,1974.85,2005.8,0.7553697164219164,1.6188580830893473,2.4897473818124904,3.489679285799574,4.342414436150777,-0.10164502045784118,0.9798393430875102,1.2390516229799755,1.9061375822369233,0.284793937206262,40.0,2.5460741519928,2.52443933486938,0,0,0
NLD,1965,210785.015625,1951.68,2.58008766174316,7.678772103985665,15.827547282596054,21.08096896074354,32.344261595489975,60.61298296437456,0.11110113282981615,1.0142547984644557,1.3947630917973193,1.8078282035570268,-636647.838671875,30.0,195753.546875,181981.765625,-0.2799975474667371,-1.1732536648352943,-2.6981752916541923,-7.2223463474693546,-5.107622293640879,0.6157666877916301,-0.7886480195335371,-0.8720599132280455,-1.4315101021511214,-109.96777777777811,33.33333333333333,1957.16,1974.85,0.5761977011387698,1.3359198405018091,2.2043836072875855,3.9637201540766887,4.576505946845355,-0.17917201528314664,0.9536617536247921,1.1741593097452108,1.6966242270207708,0.2802826404571501,40.0,2.5653064250946,2.5460741519928,0,0,0
NLD,1966,218724.359375,1947.26,2.59495425224304,3.766559841295636,11.734557491654641,20.19026116370004,32.756763185192916,60.13840096561047,-3.912212262690029,0.8831636553094739,1.1955701515187798,1.6171308649627352,-683120.17578125,30.0,210785.015625,195753.546875,-0.22647155271355857,-0.5058349853869992,-1.39706813175684,-5.2773926790709025,-6.109991417467864,0.05352599475317854,-0.9624725317792191,-0.8400701629499973,-1.1990989998866226,-108.20777777777789,33.33333333333333,1951.68,1957.16,0.5762048600254088,1.1557226403214882,1.9198223355742394,3.6742445963124037,5.055518866221753,7.1588866390470685e-06,1.0009582587574215,1.1797759525255824,1.558937897588302,0.2764642596244813,40.0,2.58008766174316,2.5653064250946,0,0,0
NLD,1967,232628.46875,1929.91,2.60990619659424,6.356909406309708,10.362906044450938,18.837422086940148,33.628476011856215,66.83954383378064,2.5903495650140718,1.0777115988802555,1.2498985403487872,1.6229812065819589,-703105.172265625,30.0,218724.359375,210785.015625,-0.8909955527253599,-1.115449253976064,-1.3923235708884318,-3.783527769468531,-7.636828301778431,-0.6645240000118013,-1.133205065024882,-1.368099996089548,-1.1716040400413363,-116.89666666666676,33.33333333333333,1947.26,1951.68,0.5761929844534164,1.1557178964583636,1.7385748175481774,3.385577959601971,5.536726824126026,-1.187557199244793e-05,1.0009527807133798,1.230008337552244,1.4649469357127625,0.2725679993629493,40.0,2.59495425224304,2.58008766174316,0,0,0
NLD,1968,252191.25,1906.87,2.62494468688965,8.40945278757934,15.300943489161845,19.6438225232596,38.580505103833794,77.40188579577192,2.0525433812696328,1.051363212058797,1.4031504662701464,1.718094413830962,-737174.506640625,30.0,232628.46875,218724.359375,-1.1938380546243188,-2.0741965633762405,-2.2959706509263933,-3.4422867559561476,-8.913865907484197,-0.3028425018989589,-1.043512884546753,-1.5503916805748386,-1.218292909032085,-128.76888888888902,33.33333333333333,1929.91,1947.26,0.576208076559781,1.1557211315261773,1.7385853128797812,3.09773125952042,6.02014801661479,1.509210636463365e-05,1.000960539016728,1.2685446353081493,1.4053911207331777,0.2685934782028223,40.0,2.60990619659424,2.59495425224304,0,0,0
NLD,1972,309700.71875,1814.69,2.69264006614685,4.684787594019513,10.320652046260559,16.8305151581418,33.1310481533658,77.90099074595315,-0.698864206562666,0.9852666723910777,1.2572750393517433,1.5078806311103083,-875684.0824218751,30.0,295841.1875,280727.78125,-0.0941422594142316,-1.918191743506037,-4.834099859979957,-5.970226590877292,-9.527869179379788,1.731626044210277,-0.6195416313126973,-0.7503300478735992,-1.4532822854725613,-158.99333333333334,44.44444444444444,1816.4,1850.18,0.7010262029952585,1.4069514588143095,1.9912574930549987,3.169993989077935,6.662894566494826,1.5217867832539866e-05,1.0011658404714459,1.316376915240145,1.553387869827791,0.26017899513244513,40.0,2.67389535903931,2.65528154373169,0,0,0
NLD,1973,333263.71875,1788.07,2.7115159034729,7.608312985227772,12.649533882093422,18.71419254128415,32.14721714175255,83.13028099570073,2.9235253912082593,1.0744583338308835,1.383187020152221,1.621560458628247,-929998.7085937499,30.0,309700.71875,295841.1875,-1.466917214510477,-1.5596784849152279,-3.356970673123705,-6.230104831477757,-9.457933513937766,-1.3727749550962454,-1.1530268583908942,-1.1499026558523682,-1.4347487946250252,-173.69888888888886,44.44444444444444,1814.69,1816.4,0.7010159866283505,1.4069564953770763,2.117830400093057,3.29802060270572,6.4979156773815605,-1.021636690801131e-05,1.001159839849385,1.291428066494784,1.5744613961735758,0.25995693206786985,40.0,2.69264006614685,2.67389535903931,0,0,0
NLD,1974,347475.28125,1734.14,2.73052382469177,4.264359334794832,12.197118125028572,17.453314795797326,31.08047109805976,77.50650590861741,-3.3439536504329403,0.9082500979830755,1.2557195748671748,1.5441810490908603,-900135.015625,40.0,333263.71875,309700.71875,-3.0161011593505704,-4.438774666747491,-4.528738163400137,-9.058299726777374,-11.395082670808721,-1.5491839448400935,-1.0922848813240231,-1.539074725160897,-1.620851966521186,-206.48777777777786,33.33333333333333,1788.07,1814.69,0.7010071817954211,1.4069373408355679,2.1178265432498122,3.426210579112565,6.4404547535126255,-8.804832929421025e-06,1.0011601573855076,1.2693203781062727,1.5683401743597714,0.2596597909927336,40.0,2.7115159034729,2.69264006614685,0,0,0
NLD,1975,353447.28125,1680.6,2.74966526031494,1.7186834063466216,6.056333577415551,14.125431376642549,25.903920045319694,67.68140761903365,-2.54567592844821,0.8408826337384155,1.0360198929631965,1.365019685296662,-908457.0406249999,40.0,347475.28125,333263.71875,-3.0874093210467524,-6.010391092071343,-7.389140844992815,-9.165594698894175,-13.889572060993615,-0.07130816169618193,-0.9987881679197189,-1.4724022085881283,-1.6714748906340295,-230.5722222222223,33.33333333333333,1734.14,1788.07,0.7010169788696397,1.4069383400325375,2.117817189346538,3.5545653080013784,6.572551820088535,9.797074218553803e-06,1.001164549966967,1.2693230517609857,1.5549384442729788,0.25928686857223315,40.0,2.73052382469177,2.7115159034729,0,0,0
NLD,1976,371716.53125,1664.57,2.76894092559814,5.1688755209515325,6.976395533171464,11.538253442117297,25.64732260277316,69.94747741503129,3.450192114604911,1.1219643990299293,1.2313161022340005,1.4425871661598908,-959553.5046875,40.0,353447.28125,347475.28125,-0.9538260145186217,-4.011786822286556,-6.906888432779478,-8.358841664831541,-14.517321775212356,2.1335833065281307,-0.7832073585821688,-1.099536159148237,-1.4476166352036568,-245.14222222222224,22.22222222222222,1680.6,1734.14,0.7010186134799534,1.4069498518551438,2.117819853156333,3.5545731525177704,6.704806961614396,1.6346103137721002e-06,1.00116263230525,1.2693270271375552,1.5383559458975742,0.25859409570693614,40.0,2.74966526031494,2.73052382469177,0,0,0
NLD,1977,380424.4375,1644.21,2.7883517742157,2.3426201198847085,7.632582758761841,9.482446098458986,22.836149375258753,63.53305317451608,-2.826255401066824,0.8639564286641904,1.2241267179006612,1.3658057437225934,-1013807.57890625,40.0,371716.53125,353447.28125,-1.223138708495286,-2.165298107818625,-5.185855813256146,-9.394442025910765,-14.803799140892583,-0.26931269397666435,-1.0372182476171985,-0.995112051824691,-1.3503921174454672,-258.0033333333331,22.22222222222222,1664.57,1680.6,0.7010206840496913,1.4069535830091962,2.117833545380554,3.554567477182813,6.837241041625175,2.070569737888661e-06,1.0011627382848431,1.2693275888021391,1.5218996997002754,0.2578539848327641,40.0,2.76894092559814,2.74966526031494,0,0,0
NLD,1978,391804.25,1615.48,2.80789852142334,2.9913463432537757,5.40404234443097,10.852246087265671,17.56582788836807,55.3599698641408,0.6487262233690672,1.041271431192729,1.236746673002585,1.3501584872726358,-1090303.00546875,40.0,380424.4375,371716.53125,-1.747343709136917,-2.94910998035528,-3.874806616684512,-9.652306677031653,-15.281062683874612,-0.524205000641631,-1.0517507071665113,-1.1795982582448674,-1.3772725458465758,-279.78999999999996,22.22222222222222,1644.21,1664.57,0.7010143909528033,1.4069493308812353,2.11783092105291,3.554565836290813,6.969816752614144,-6.293096888043692e-06,1.0011607602210628,1.2693232810551862,1.5083182073003432,0.2570653319358831,40.0,2.7883517742157,2.76894092559814,0,0,0
NLD,1979,396087.53125,1593.8,2.82758235931397,1.0932197009093203,4.117268031709975,6.556340100895097,13.99013185200495,49.41880183690755,-1.8981266423444554,0.8213402722415377,1.0197327335779334,1.2353234656454721,-1144351.07421875,40.0,391804.25,380424.4375,-1.3420159952460042,-3.0659100723143706,-4.251548447947517,-8.092772209856191,-16.418004373659446,0.4053277138909128,-0.9502895255433329,-1.2984936432912115,-1.3644020155297127,-298.0711111111111,22.22222222222222,1615.48,1644.21,0.7010167119804844,1.4069453309672353,2.117828992800286,3.5545756365321868,7.102573462146156,2.321027681162491e-06,1.0011627906608151,1.2693234620444092,1.5001540794967192,0.2563747048378042,40.0,2.80789852142334,2.7883517742157,0,0,0
NLD,1980,408260.84375,1590.88,2.84740424156189,3.0733894757006386,4.200208075844003,7.317197189783586,15.50827107967745,45.42944126588826,1.9801697747913183,1.117781695776496,1.3160550198260383,1.3143480443955144,-1132473.6515625,40.0,396087.53125,391804.25,-0.18320993851171918,-1.5227672270780146,-3.2435029588677833,-5.3385695584910025,-14.014852608935346,1.158806056734285,-0.682568905486352,-0.9640562732116452,-1.1693937881216991,-294.5855555555554,22.22222222222222,1593.8,1615.48,0.7010187407141988,1.406949711221217,2.117827022123131,3.554577448302032,7.235492533126786,2.0287337143543027e-06,1.0011627252383533,1.2693249531721311,1.5001545978034718,0.25627287626266515,40.0,2.82758235931397,2.80789852142334,0,0,1
NLD,1981,398746.3125,1590.37,2.86219620704651,-2.330503009450069,0.6712610320272594,1.771819090783211,7.27161128914684,34.78390749766713,-5.403892485150708,-0.3570521815021603,0.3620135752085321,0.9216627907545203,-1173829.265625,30.0,408260.84375,396087.53125,-0.03205772905563453,-0.2152089346216579,-1.5543367915418438,-4.457607670449426,-12.443844968068717,0.15115220945608465,-0.7096265996818419,-0.7122286186044138,-0.9864586440030083,-279.94444444444434,22.22222222222222,1590.88,1593.8,0.5194894798817185,1.224149939205943,1.933748146839953,3.367904334334093,7.04219211012258,-0.18152926083248033,0.9482302492505725,1.1981336292072169,1.4417348210401588,0.25094903707504423,40.0,2.84740424156189,2.82758235931397,1,0,1
NLD,1982,388588.09375,1575.75,2.87706518173218,-2.5475392327295787,-4.818671763693971,-1.8933788388472483,2.1459337112117005,25.472131714256797,-0.21703622327950978,-1.010726255816087,-1.0741353534299378,0.46752504370341,-1170447.77890625,30.0,398746.3125,408260.84375,-0.9192829341599706,-0.95104596198331,-1.1325134897728684,-4.163701716933965,-13.166987198915525,-0.8872252051043361,-1.1541918638576893,-1.2266904438029669,-1.028050292669354,-286.0244444444445,22.22222222222222,1590.37,1590.88,0.5194952969703293,1.0416835002682978,1.750004637538316,3.181571577045106,6.849230162768882,5.817088610804433e-06,1.0008643145259444,1.1901216759142648,1.4064066557579713,0.24546004533767896,40.0,2.86219620704651,2.84740424156189,1,1,1
NLD,1983,388089.625,1560.73,2.8920111656189,-0.12827689731551573,-2.6725482257594524,-4.940767418379199,-0.9480818546506287,16.45120760688865,2.419262335414063,-0.618297216975318,-0.9478857580360025,0.28697955159503885,-1225220.58828125,30.0,388588.09375,398746.3125,-0.9531968903696675,-1.8637172481875242,-1.8951775118173697,-3.389085596850472,-12.714267338527009,-0.03391395620969684,-1.004467936647888,-1.5459235642853695,-1.1760859662526773,-294.26333333333355,22.22222222222222,1575.75,1590.37,0.5194871489745623,1.0416811572521834,1.566582061159738,2.995572794166468,6.656618237599954,-8.147995766982774e-06,1.0008598554250945,1.2248787423550744,1.3900865850166824,0.23980166912079204,40.0,2.87706518173218,2.86219620704651,1,1,0
NLD,1984,397383.15625,1552.57,2.90703511238098,2.394686858737849,2.2633381314195233,-0.34186052817729573,0.32710572734040433,14.363000101895729,2.5229637560533646,1.1533874752261797,0.14052618504271572,0.6339079344775266,-1316710.18125,30.0,388089.625,388588.09375,-0.5228322643891059,-1.4710455338727613,-2.3768053974861147,-2.5868992345338238,-10.470319582040677,0.4303646259805616,-0.8884757655028421,-1.2452513087481407,-1.2507789600630164,-308.89222222222224,22.22222222222222,1560.73,1575.75,0.5194982281081506,1.041684103616869,1.566590900514786,2.809918261276989,6.4643745677309905,1.1079133588332013e-05,1.000865994465451,1.2681883867212456,1.3898364229769535,0.23397027254104508,40.0,2.8920111656189,2.87706518173218,0,1,0
NLD,1985,398548.375,1535.93,2.92213678359985,0.29322298433478444,2.6949316153452862,2.563197743368839,-2.3789861062324835,12.760345359142589,-2.1014638744030645,0.6760071199446275,0.7857959697377725,0.6338634807051643,-1394656.09765625,30.0,397383.15625,388089.625,-1.0717713210998459,-1.5890000192217757,-2.527050610820236,-3.4540631600120664,-8.608235154111622,-0.54893905671074,-1.0928853770552518,-1.2944454928617903,-1.408112915526316,-321.07444444444445,22.22222222222222,1552.57,1560.73,0.5194870593255629,1.0416840135021754,1.566582577059794,2.6245849095513973,6.2724552611598705,-1.1168782587667181e-05,1.0008588936443807,1.2681835042125453,1.4028734190967505,0.22796109914779406,40.0,2.90703511238098,2.8920111656189,0,0,0
NLD,1986,411790.625,1520.91,2.93731689453125,3.3226204974490248,3.6255861687645385,6.10709446303801,3.2713311925611777,10.780820970011673,3.0293975131142403,1.1516367205396256,1.5474320827354533,1.6848175516137904,-1462304.178125,30.0,398548.375,397383.15625,-0.977909149505507,-2.0391995207945435,-2.551370192153668,-4.367537114004905,-8.630457115050728,0.09386217159433885,-0.9825151289711148,-1.3231847742811738,-1.5437250376417215,-329.97222222222194,11.11111111111111,1535.93,1552.57,0.5194866652579844,1.0416723905845027,1.5665820883044246,2.6245820359833694,6.080879782465476,-3.9406757856852437e-07,1.000862323008532,1.2681825934987216,1.4257643899063228,0.22293227910995617,40.0,2.92213678359985,2.90703511238098,0,0,0
NLD,1987,414104.46875,1499.44,2.95257616043091,0.5618981126634504,3.9031883519786037,4.2078563816832615,6.566432531104804,8.853277531625459,-2.7607223847855744,0.7096752870604703,1.1192917269012104,1.5993713749427187,-1547350.59765625,30.0,411790.625,398548.375,-1.4116548645219051,-2.3757593119478115,-3.4220679260838383,-4.842773282563851,-8.8048363651845,-0.43374571501639814,-1.0534487385731446,-1.3991160912507883,-1.753317181997373,-347.3322222222223,22.22222222222222,1520.91,1535.93,0.5194967532468064,1.0416821348643746,1.5665805980798808,2.6245835227572956,5.889658103178275,1.0087988822071736e-05,1.0008656765167183,1.2681875542307275,1.4536565498733025,0.21775001287460505,40.0,2.93731689453125,2.92213678359985,0,0,0
NLD,1988,432289.84375,1496.21,2.96791434288025,4.391494507386917,4.9780683448050755,8.466091161455624,11.389178144094947,10.333117558066295,3.829596394723467,1.1485533887373809,1.5142980010277756,2.1462765000064636,-1641330.52734375,30.0,414104.46875,411790.625,-0.215413754468341,-1.6240277202464348,-2.5860553540851483,-4.133962953233416,-7.38294500705673,1.1962411100535641,-0.6934502307400223,-1.0345499759526735,-1.4896116098293624,-348.99888888888904,22.22222222222222,1499.44,1520.91,0.5194847352252951,1.0416801948052168,1.5665782497698677,2.624581058458886,5.698775088773411,-1.2018021511295274e-05,1.0008586194387292,1.2681844662761939,1.479884088130272,0.2124099612236039,40.0,2.95257616043091,2.93731689453125,0,0,0
NLD,1989,455962.21875,1491.47,2.98333263397217,5.476042368853373,10.10801697609065,10.72671184537044,14.74120419516398,15.116529245705701,1.084547861466456,1.0407192897125506,1.5043825010837728,2.214178958688758,-1706833.4656250002,30.0,432289.84375,414104.46875,-0.3168004491348131,-0.5315317718614931,-1.935683242269437,-3.9354103196635237,-6.420504454762199,-0.1013866946664721,-1.0568496418131064,-0.9164132497275812,-1.300978260122381,-345.65999999999985,22.22222222222222,1496.21,1499.44,0.519499194068973,1.0416826483070851,1.5665909090909924,2.6245820446489043,5.50824891608066,1.445884367790029e-05,1.0008670719445762,1.2681891829874017,1.4965764241805146,0.2069087982177762,40.0,2.96791434288025,2.95257616043091,0,0,0
NLD,1990,479320.96875,1485.52,2.99883055686951,5.122957350290336,10.879535034183885,15.748803725026207,20.26669754957602,17.40556952444696,-0.3530850185630374,0.9977697864176656,1.4105798648937873,2.060545875211626,-1743595.38125,30.0,455962.21875,432289.84375,-0.39893527861774025,-0.7144718989981369,-0.9283465827242265,-3.282050614285814,-6.622749673136886,-0.08213482948292716,-1.0355211467974978,-0.9790424346541259,-1.201182248753555,-340.7033333333336,22.22222222222222,1491.47,1496.21,0.5194835708516088,1.0416814778844596,1.5665775893770384,2.6245784831187446,5.3180476834774115,-1.562321736425787e-05,1.0008574698297092,1.268182034174813,1.496572489215357,0.20148884057998995,40.0,2.98333263397217,2.96791434288025,0,0,0
NLD,1991,495853.90625,1476.45,3.01290345191956,3.449241443184836,8.748901961518051,14.70403790859358,20.414083309934504,24.353226777489013,-1.6737159071054997,0.9383958188672737,1.2098916772673252,1.8044983268346888,-1783662.428125,30.0,479320.96875,455962.21875,-0.6105606117723039,-1.0070601487123465,-1.3206702267729797,-2.9232498964435805,-7.163112986286202,-0.21162533315456367,-1.0616335558677932,-1.464363470702068,-1.233135539796542,-336.09333333333325,22.22222222222222,1485.52,1491.47,0.4692794335382722,0.9912008339485023,1.5158493083614388,2.5733198051949513,5.265440730513871,-0.050204137313336616,0.9835559392924879,1.2429379174229411,1.4751798930959918,0.1931129693985021,40.0,2.99883055686951,2.98333263397217,0,0,0
NLD,1992,506700.4375,1482.9,3.02704238891602,2.1874449537020224,5.712136654776789,11.127724329681655,22.360533570069087,30.395255451647497,-1.2617964894828138,0.9241503364002979,1.0831168538852873,1.5767049835406546,-1873711.4500000002,30.0,495853.90625,479320.96875,0.4368586812963482,-0.17636921751305046,-0.5746008971015182,-1.1030784826335127,-5.892432175154683,1.0474192930686521,0.27350327056487717,-0.4720795816826504,-0.9004286469988897,-324.8988888888889,22.22222222222222,1476.45,1485.52,0.4692794582399129,0.9407611237615354,1.465131794092045,2.522076466073009,5.212853992190203,2.470164073287151e-08,1.0007793962230338,1.2419770560961758,1.4629398752970288,0.1851522803306609,40.0,3.01290345191956,2.99883055686951,0,0,0
NLD,1993,515483.8125,1472.42,3.04124760627747,1.7334453160009256,3.958808431793015,7.544598736063546,19.24495103292605,32.825970933904756,-0.45399963770109686,0.9631940612106116,1.050458948243936,1.410012378470616,-1971795.75625,30.0,506700.4375,495853.90625,-0.7067233124283478,-0.2729520132750851,-0.8818460875652856,-1.5900174440753645,-5.65824966522076,-1.143581993724696,-0.914932762719298,-1.243844715566957,-1.0879911642212512,-327.66111111111104,22.22222222222222,1482.9,1476.45,0.4692771205802915,0.9407587999493039,1.4144530210549622,2.470868594073128,5.160299601631468,-2.3376596214319534e-06,1.0007785592286256,1.2545072125897365,1.4581636451732065,0.17702648639679275,40.0,3.02704238891602,3.01290345191956,0,0,0
NLD,1994,536427.8125,1480.18,3.05551958084106,4.062979184239657,5.866854022599899,8.182633178560339,17.647425694741294,34.99007294675691,2.329533868238731,1.1059313829373028,1.3878742754152331,1.467426380917191,-2084815.734375,30.0,515483.8125,506700.4375,0.5270235394792211,-0.18342437116460886,0.2526330048427061,-0.7569713101839071,-4.662591702789564,1.233746851907569,0.30892375883234946,0.13220971163531464,-0.6902610284448895,-318.6488888888887,22.22222222222222,1472.42,1482.9,0.4692802563701637,0.9407596018249809,1.414453851627684,2.419674763949353,5.1077631579917515,3.135789872210637e-06,1.000780494716056,1.2678704407608612,1.4593176886683221,0.16873286962508782,40.0,3.04124760627747,3.02704238891602,0,0,0
NLD,1995,559896.6875,1490.97,3.06985831260681,4.375029491969151,8.615765213771876,10.498560108308563,16.81038886325583,40.48399708065551,0.3120503077294945,1.0184016034321548,1.4520199020724887,1.5438428227154057,-2217829.0453125,30.0,536427.8125,515483.8125,0.7289653961004783,1.259830754811797,0.5442039247420594,0.36687489902527126,-2.927216735137672,0.2019418566212572,1.049789583600704,1.4794296910877158,0.09502578768431541,-310.87222222222226,22.22222222222222,1480.18,1472.42,0.46927311006801364,0.9407555724921801,1.4144474437347565,2.3685151391629855,5.05525716099362,-7.14630215004064e-06,1.0007768567290345,1.2678671984389585,1.4648605707755584,0.16026848554610984,40.0,3.05551958084106,3.04124760627747,0,0,0
NLD,1996,585529.3125,1506.06,3.08426427841187,4.578099062248864,9.153421738362976,13.588302542478004,18.085045841060165,42.19102547562854,0.2030695702797125,1.0143607175627167,1.3820844712588984,1.6003176174148346,-2376709.0828125,30.0,559896.6875,536427.8125,1.0120927986478456,1.7484360010268984,2.2846742098042494,2.005486132276735,-0.9763891354518162,0.28312740254736735,1.0505612054639302,1.5295676300066392,1.6857818282366048,-305.19888888888886,22.22222222222222,1490.97,1480.18,0.4692713584174113,0.9407466327837399,1.414441627364016,2.368506911392898,5.002775974026141,-1.751650602344057e-06,1.0007787563499717,1.2678660354054967,1.473148057434266,0.15219241380691928,40.0,3.06985831260681,3.05551958084106,0,0,0
NLD,1997,634095.25,1491.81,3.09873819351196,8.294364852997859,13.252188154801336,18.207004786874293,25.142037202207867,53.1244644410759,3.716265790748995,1.0858732236429907,1.4725717100610936,1.8702817090238941,-2454327.1984375,30.0,585529.3125,559896.6875,-0.9461774431297587,0.05633916175376008,0.7857152508478515,0.6008496864252422,-0.5088566398122052,-1.9582702417776043,-0.5271142119039344,0.27565836548883266,0.44238347381003706,-317.558888888889,22.22222222222222,1506.06,1490.97,0.46928258390175337,0.9407561510754503,1.4144439767917794,2.3685100961408745,4.950322197945223,1.1225484342070047e-05,1.000783351518239,1.2678731783103416,1.4823673785473372,0.14394220113754086,40.0,3.08426427841187,3.06985831260681,0,0,0
NLD,1998,687138.4375,1488.56,3.11327981948853,8.365176603988122,17.353379725118366,22.72593370183138,33.299712005990486,58.9531763085748,0.07081175099026282,1.0143596294657524,1.4314780575904023,1.9565806351420132,-2518756.175,30.0,634095.25,585529.3125,-0.21785616130740593,-1.1619722985804048,-0.1616397378887635,1.0961546297931113,-0.5112918641099862,0.7283212818223528,-0.7430584971024078,-0.31639170842135617,0.20268728491519952,-320.8166666666666,22.22222222222222,1491.81,1506.06,0.4692757202598319,0.9407605333872526,1.414446611539133,2.3685086693493007,4.8979000002812745,-6.863641921484032e-06,1.0007769607471804,1.2678718422055948,1.4905287866343737,0.13551419973373902,40.0,3.09873819351196,3.08426427841187,0,0,0
NLD,1999,730731.375,1486.86,3.12788987159729,6.344127343334649,15.24000140357462,24.798427576586946,36.22175397551744,60.26138678842017,-2.0210492606534727,0.9658643824330209,1.2946864596859606,1.8442152892711265,-2601709.8421875,30.0,687138.4375,634095.25,-0.11420433170312716,-0.33181169183743586,-1.27484960758536,0.4512964639435735,-0.309091030996278,0.10365182960427877,-0.8813360157780353,-0.7844177141488188,0.07345802590646315,-319.5799999999999,22.22222222222222,1488.56,1491.81,0.4692816886328055,0.940759633917021,1.4144570389371225,2.3685101286868404,4.845495134501587,5.968372973619296e-06,1.0007814960360206,1.2678725292803605,1.4955850772481525,0.12690596580505176,40.0,3.11327981948853,3.09873819351196,0,0,0
NLD,2000,779944.3125,1473.5,3.14256834983826,6.734750851501348,13.506139365111558,23.001128379372027,39.30146934473513,62.71858803381425,0.39062350816669866,1.0195625558921317,1.2561667487297683,1.7610170520830273,-2706118.8,30.0,730731.375,687138.4375,-0.8985378583054149,-1.0117160208523601,-1.2273680964734024,-1.17172042361684,-0.8091442727125808,-0.7843335266022877,-1.1485525782206165,-1.3606603573611555,-1.1266813438628258,-334.87555555555537,22.22222222222222,1486.86,1488.56,0.46927733531341165,0.9407612565497603,1.414451740972189,2.368514433804836,4.79312819590576,-4.353319393857191e-06,1.0007778487302081,1.267869023617608,1.495584813713512,0.11811388731003003,40.0,3.12788987159729,3.11327981948853,0,0,0
NLD,2001,797695.1875,1463.56,3.15517377853394,2.2759156923783497,9.163943795351614,16.089443402734993,36.234885337187976,60.87302680193416,-4.458835159122998,0.8139723093638743,1.0690795189557696,1.5009300752186718,-2775024.9421875,30.0,779944.3125,730731.375,-0.6745843230403836,-1.567060785817087,-1.679475466222391,-2.8219327251238324,-0.8730400623116363,0.22395353526503126,-0.9476761499818482,-1.4507833823705985,-1.6728849245455897,-338.3655555555556,11.11111111111111,1473.5,1486.86,0.4011186804044886,0.8722783747727281,1.3456535060922592,2.2990734165809545,4.7220340407435835,-0.06815865490892303,0.9737366530398693,1.2293726671825942,1.463354430643343,0.11410138607025377,40.0,3.14256834983826,3.12788987159729,0,0,0
NLD,2002,809985.9375,1445.91,3.1678295135498,1.5407827692328846,3.851765378441674,10.845923031565462,27.738843257381273,59.85499075082208,-0.7351329231454651,0.934286252244348,0.9552340175457201,1.3007727210880848,-2864415.271875,30.0,797695.1875,779944.3125,-1.205963540954924,-1.8724126230064364,-2.7541261450304555,-3.0767993243107306,-2.4944365769775434,-0.5313792179145405,-1.0791938980613236,-1.4584129928814888,-2.007998780213062,-343.55555555555543,11.11111111111111,1463.56,1473.5,0.40111055378193594,0.8038381635466996,1.2768877291742475,2.229659807417783,4.65097962120693,-8.126622552673268e-06,1.0006631549228313,1.2270967084812026,1.444578883660522,0.1099410295486396,40.0,3.15517377853394,3.14256834983826,0,0,1
NLD,2003,775791.375,1437.17,3.18053650856018,-4.2216242180130426,-2.7458875073130606,-0.5324658996087028,12.901757879030008,50.4977181024477,-5.762406987245927,-1.0795814505932682,-0.10057191262431656,0.8262255942424966,-3022774.8140625,30.0,809985.9375,797695.1875,-0.6044636249835755,-1.803137555002865,-2.465558194774342,-3.4523297683667353,-2.3940180111652887,0.6014999159713486,-0.8710625460867031,-1.2016566153404924,-1.809461341507436,-347.2944444444445,11.11111111111111,1445.91,1463.56,0.40112622715422486,0.8038457405672661,1.2081887963987903,2.16031622505104,4.579992171476044,1.5673372288915743e-05,1.0006730106069004,1.2462098408535347,1.4368533677456996,0.10563080310821427,40.0,3.1678295135498,3.15517377853394,1,0,0
NLD,2004,792244.9375,1458.19,3.19329428672791,2.1208746359161257,-2.190284939360443,-0.6832497030703211,8.41808147351002,47.689012209820866,6.342498853929168,-0.02509431024379209,0.08070049616722987,0.8257816770806816,-3199028.1875,30.0,775791.375,809985.9375,1.462596630878732,0.849292141281266,-0.36691355325370045,-1.9282245806598985,-1.4856301260657512,2.0670602558623075,1.0511797263013276,0.17585339392029326,-0.7174789100820606,-326.5344444444445,22.22222222222222,1437.17,1445.91,0.4011203183297285,0.8038555442832163,1.2081904474904315,2.091007606262707,4.50904346189549,-5.908824496358989e-06,1.0006640871509325,1.2674449344563503,1.4380794795153076,0.10116710662842321,40.0,3.18053650856018,3.1678295135498,0,1,0
NLD,2005,805744.5,1444.28,3.20610308647156,1.703963239272821,3.8609767993360355,-0.5236433502896487,3.3079525148790756,43.909495803187795,-0.4169113966433047,0.9655624937434073,0.7067323687342129,0.8340211608152834,-3393190.2171874996,30.0,792244.9375,775791.375,-0.953922328365997,0.49472226667686137,-0.11273177445346727,-1.9830335934849064,-3.1315184074796942,-2.416518959244729,-0.21200154387274478,-0.514092952527349,-1.0829578925466583,-402.6569999999999,10.0,1458.19,1437.17,0.4011155438095937,0.8038448180855307,1.2081954776307136,2.0217455775168647,4.438145347139999,-4.774520134809279e-06,1.0006645476956977,1.2674395415343909,1.446174466912029,0.09654700756073309,40.0,3.19329428672791,3.18053650856018,0,0,0
NLD,2006,854109.8125,1440.5,3.2189633846283,6.002561916339477,7.80880660408132,10.095296238631168,7.072203253075293,45.86969332982795,4.298598677066656,1.129567955272922,1.5914784861996643,1.342390653865057,-3534251.0046875,30.0,805744.5,792244.9375,-0.2617221037471973,-1.2131478065272705,0.23170536540562114,-1.5756101560578273,-4.353080222567495,0.6922002246187997,-0.7682231169268942,-0.5879913833238293,-1.0685792616612593,-402.8610000000001,10.0,1444.28,1458.19,0.40111929684998326,0.8038437925084629,1.20818849161759,2.021746203912733,4.3673010500185905,3.7530403895758013e-06,1.000668075924174,1.267438872186171,1.458802161093632,0.09238033294678116,40.0,3.20610308647156,3.19329428672791,0,0,0
NLD,2007,916467.6875,1439.51,3.23187518119812,7.300920102706354,13.741724268673261,15.679841437926513,13.146123293035572,44.53154908509407,1.298358186366877,1.0393619161224144,1.5363038788829995,1.9490687546281285,-3679027.253125,30.0,854109.8125,805744.5,-0.06872613675806827,-0.33026836901431933,-1.2810401936647509,-0.4426278260749372,-3.5058083804237805,0.19299596698912902,-0.7627159032023243,-0.5278491566285848,-0.9338246912029052,-390.03300000000013,20.0,1440.5,1444.28,0.40111660267645455,0.8038448556226374,1.2081847460962525,2.021752350446171,4.296490357427363,-2.6941735287167035e-06,1.0006654086673157,1.2674405109230589,1.4731938333014685,0.08806881904602015,40.0,3.2189633846283,3.20610308647156,0,0,0
NLD,2008,955031.5625,1439.02,3.24483895301819,4.207881579021855,11.816015753829067,18.52784133183658,23.10417378641261,38.9867762273159,-3.0930385236844993,0.9129916237625597,1.2876321149981025,1.9560298719957163,-3723769.1031250004,30.0,916467.6875,854109.8125,-0.0340393606157674,-0.10274210343630408,-0.3641953083889593,0.12872520300311052,-3.328048583866283,0.03468677614230087,-0.8709740245969817,-0.6571885742946937,-0.8112649912331586,-381.8090000000002,20.0,1439.51,1440.5,0.4011222925776492,0.803847863366669,1.2081915491139128,2.0217483523595536,4.225740735096317,5.689901194649849e-06,1.000668880823115,1.2674444208193876,1.4861539298551738,0.08360998630523664,40.0,3.23187518119812,3.2189633846283,0,0,1
NLD,2009,919864.1875,1430.6,3.25785446166992,-3.6823259440705636,0.37060771987118546,7.698585596099794,16.108559860630223,25.882673027417226,-7.8902075230924185,-0.49598543486465463,0.49699632387322434,1.1947409506912836,-3799973.39375,30.0,955031.5625,916467.6875,-0.5851204291809742,-0.6189606185438179,-0.6872613675807049,-1.892071677902063,-3.7838128673849614,-0.5510810685652068,-1.153318324293093,-1.6306111699630204,-1.2324771681857214,-377.46699999999987,20.0,1439.02,1439.51,0.4011141643755156,0.8038454152851537,1.2081863753821809,2.021742099071089,4.155024486404391,-8.128202133583784e-06,1.0006631602820222,1.2674389570518954,1.4942356999193729,0.07900068759918089,40.0,3.24483895301819,3.23187518119812,1,0,1
NLD,2010,919182.875,1430.15,3.27092242240906,-0.07406664040826572,-3.7536652093631773,0.29626658277572826,14.078702988354252,17.852372312798927,3.608259303662298,-0.5938851973882897,0.1712290460226138,0.9678513477030737,-4070683.15625,30.0,919864.1875,955031.5625,-0.03145533342652218,-0.6163917110255546,-0.6502212558439968,-0.978342149721656,-2.941974889718346,0.553665095754452,-0.6217981976318148,-1.1328736278652494,-1.179079487838282,-393.8589999999999,20.0,1430.6,1439.02,0.4011216858484712,0.8038448061223002,1.2081914994150234,2.0217483402517944,4.0843685254262185,7.521472955573927e-06,1.0006696362864773,1.2674427678130227,1.494237765190911,0.07423849105835068,40.0,3.25785446166992,3.24483895301819,1,1,0
NLD,2011,948109.75,1430.72,3.28468346595764,3.147020662237643,3.0706231293519126,-0.7247731668554191,11.005603275398501,18.85614516133709,3.2210873026459086,1.154454648199372,0.8940464660254518,1.1311264408885078,-4254472.284375,20.0,919182.875,919864.1875,0.03985595916511375,0.00838808891374665,-0.5767814206890765,-0.678930926761534,-2.2438437781846954,0.07131129259163593,0.7653920777248361,-0.6813349902424938,-1.0347866343762295,-384.1719999999998,10.0,1430.15,1430.6,0.4207083437474113,0.8235175819968132,1.2279349920398586,2.0416535846035755,4.104676842360067,0.019586657898940096,1.008498947582738,1.279640126406379,1.5048786507362442,0.06433088779449214,40.0,3.27092242240906,3.25785446166992,0,1,0
NLD,2012,952645.875,1421.71,3.29850268363953,0.47843880943108097,3.6405160398576886,3.563752991525182,3.947568255100098,17.612643738027867,-2.668581852806562,0.6977699018329615,0.763161681833717,0.9763840131146356,-4442934.79375,20.0,948109.75,919182.875,-0.6297528517110296,-0.5901478865853238,-0.6214175870264182,-1.236531875429836,-1.6736864673458252,-0.6696088108761433,-1.152856888796424,-1.4255203525582696,-1.5601744636135397,-394.37800000000016,10.0,1430.72,1430.15,0.4207168765304692,0.8431952112810226,1.2476991359759548,2.0615741235622043,4.1250063973076845,8.532783057901838e-06,1.0007023469529062,1.2794296381226278,1.5106689650717782,0.05699582099914702,40.0,3.28468346595764,3.27092242240906,0,0,1
NLD,2013,945753.8125,1426.68,3.31237983703613,-0.7234653170570815,-0.24848784647557576,2.8907128518903313,-0.9714600400968387,21.90826593038624,-1.2019041264881625,-0.8799995864596746,0.5319417977950944,0.731291091714001,-4591418.4875,20.0,952645.875,948109.75,0.3495790280718225,-0.28237530753746354,-0.24263189175960376,-0.8575280399160445,-0.7299066916231167,0.9793318797828521,0.0686905661681589,-0.33336113795526634,-0.9039771810289202,-390.94600000000014,20.0,1421.71,1430.72,0.42071068989668614,0.8431975673009129,1.2674533135682342,2.0814864773216923,4.145317248241076,-6.186633783045181e-06,1.0006965422338774,1.2733931915059395,1.5125633382449297,0.04943029880523486,40.0,3.29850268363953,3.28468346595764,1,0,1
NLD,2014,924002.875,1438.52,3.3263156414032,-2.2998519501077896,-3.006678635962179,-2.5426249440004156,0.4499237557283431,16.630959853877258,-1.5763866330507081,-1.1236063497068538,-0.9155384122952588,0.20606304507708195,-4766766.00625,20.0,945753.8125,952645.875,0.8298987859926443,1.1823789661745243,0.5451800492059844,0.5536138683070124,-1.3489325808022312,0.4803197579208218,1.1058612130192567,1.4546691268209468,0.6050574879494166,-379.6099999999999,20.0,1426.68,1421.71,0.42071878989395906,0.8431994887141192,1.267463847796435,2.1014192174253266,4.165646593493055,8.09999727291455e-06,1.000702179735561,1.2675683321863975,1.5115549469724647,0.04234333038330318,40.0,3.31237983703613,3.29850268363953,1,1,0
NLD,2015,976814.875,1438.41,3.34031009674072,5.715566631759672,3.2842651110116527,2.5370392749561876,6.269916636556139,21.231342565788538,8.015418581867461,1.0533209827864012,1.4505041237985483,1.3623126813787971,-4906681.68125,20.0,924002.875,945753.8125,-0.0076467480465969295,0.8221885776768412,1.1746418045874396,0.5775617942173961,-0.4064308859777821,-0.8375455340392413,0.5692482781288487,0.9794174196262698,0.7452633382979735,-377.1210000000001,20.0,1438.52,1426.68,0.4207194038752249,0.8432082393540208,1.267466396451744,2.1213488236922373,4.18598549857796,6.139812658290111e-07,1.0006992338138958,1.267568011861043,1.5085952078655704,0.03550503253936421,40.0,3.3263156414032,3.31237983703613,0,1,0
NLD,2016,985759.9375,1451.09,3.35436320304871,0.9157377440633274,6.683643976757114,4.230078110311619,3.9710790338354895,15.41372351345045,-4.799828887696345,0.7061537650838968,1.161310148384313,1.6912399979435826,-5039353.05625,20.0,976814.875,924002.875,0.8815289103941026,0.8738147540527708,1.7109653180811257,1.4237586669648694,0.7351614022908626,0.8891756584406996,1.1546676680102042,1.3754468555831465,1.9736184102687522,-347.35400000000004,20.0,1438.41,1438.52,0.4207126255045157,0.8432020490297898,1.2674683483807847,2.12135317796156,4.206317445765073,-6.778370709170645e-06,1.0006963125079285,1.2675633480771291,1.5045873463008541,0.029850673675541728,40.0,3.34031009674072,3.3263156414032,0,0,0
NLD,2017,1026291.5625,1451.1,3.36847543716431,4.111713558048713,5.065103815090866,11.070169830369835,7.730646763153204,11.983387575789472,3.1959758139853855,1.1379649927255513,1.391364534026138,2.1157103230937353,-5193096.146875,20.0,985759.9375,976814.875,0.0006891371314043937,0.8822241224685445,0.8745099129660927,2.0672289004086464,0.8051350806871804,-0.8808397732626982,0.5780328506071252,0.968189600359101,1.5661567097854516,-346.21299999999974,20.0,1451.09,1438.41,0.42071276308939254,0.8431953803053283,1.2674622707580685,2.1213489948588737,4.226656300369558,1.3758487682480336e-07,1.000699035279822,1.2675608377263023,1.5003896582149916,0.024017286300663354,40.0,3.35436320304871,3.34031009674072,0,0,0
NLD,2018,1054962.375,1451.04,3.38264727592468,2.7936322919930534,7.020212007753668,8.00023648288526,11.54725056950272,10.463613604393318,-1.3180812660556596,0.9382864140050806,1.2266312335699217,1.9482954324766824,-5415657.890625,20.0,1026291.5625,985759.9375,-0.004134794293975119,-0.003445685656988662,0.8780528500218931,1.707460677937589,0.8352906839376839,-0.004823931425379513,-1.1406472786895219,0.7249732380127499,1.2896546773899027,-348.528,20.0,1451.1,1451.09,0.42071967050767434,0.8432024549477335,1.267462539638764,2.1213581275577376,4.247000387440103,6.9074182817985275e-06,1.0007017117171217,1.267566842343741,1.496810939885266,0.01799662113189493,40.0,3.36847543716431,3.35436320304871,0,0,0
NLD,2019,1113163.75,1456.55,3.39687848091126,5.516914762007508,8.464669366313737,12.92442588234115,20.471892471113783,21.01392413431684,2.7232824700144542,1.0924694521689249,1.4727611136232612,2.0577822594707325,-5628134.290625,20.0,1054962.375,1026291.5625,0.37972764362113054,0.3755771483701986,0.37626887374317963,1.2533715207296403,1.8139242275968082,0.38386243791510566,1.1546486329994299,1.0302225120680348,1.389276985494859,-340.7700000000002,20.0,1451.04,1451.1,0.42071205850719995,0.843201747401201,1.267461967860517,2.1213512821739666,4.267348983111985,-7.612000474388481e-06,1.0006959833986837,1.2675642311443085,1.494623988357973,0.011783790588384413,40.0,3.38264727592468,3.36847543716431,0,0,1
NLD,2020,1104162.5,1402.14,3.41116952896118,-0.8086186780696059,4.663685280719143,7.587603790711284,13.037027614879438,20.12435501477332,-6.3255334400771135,0.4277053989163115,0.8858721954409671,1.4844252622807814,-5614182.1,20.0,1113163.75,1054962.375,-3.7355394596821134,-3.369996692027777,-3.373992143890825,-2.521534194005881,-1.958535817921192,-4.115267103303244,-1.1498048891196029,-1.7790088153225954,-2.04865975794013,-301.48,30.0,1456.55,1451.04,0.42071119500530774,0.8431932362413797,1.2674603865542977,2.121342934286252,4.287692841361457,-8.635018922120707e-07,1.0006986385911882,1.2675616062223085,1.4946213390515302,0.00537457466125435,40.0,3.39687848091126,3.38264727592468,1,0,0
NLD,2021,1179366.625,1442.16,3.42599987983704,6.810965324397444,5.947271908557927,11.792292592425401,19.640348540741947,24.391361337651052,7.61958400246705,1.147745701687743,1.4235505205896637,1.8105974519098034,-6004287.071875,20.0,1104162.5,1113163.75,2.854208566904881,-0.9879509800556074,-0.6119748594111685,-0.6153994583382061,0.7995974055021282,6.589748026586994,0.30302874292685333,0.0706496046272226,0.2504963837142055,-316.20799999999986,20.0,1402.14,1456.55,0.4347585410208854,0.8572988138794813,1.2816176318741102,2.135626718156858,4.302284081373431,0.014047346015577666,1.006115534066389,1.2759414102792854,1.5019093622154547,-6.008148188740847e-06,40.0,3.41116952896118,3.39687848091126,0,1,0
NLD,2022,1228416.75,1442.64,3.44097256660461,4.1590226448878775,11.253257559462494,10.353642938875796,19.69471394733404,28.947889476769117,-2.651942679509567,0.9230464465622967,1.3578403758892226,1.7249537571480822,-6164374.815625,20.0,1179366.625,1104162.5,0.03328340822099651,2.8884419530146754,-0.9549963955923113,-0.583005995451713,1.4721708365278419,-2.8209251586838846,0.587644136883335,0.17434447996770833,0.16418477540474283,-339.095,20.0,1442.16,1402.14,0.43703115273552307,0.8736897240198438,1.2980766295036972,2.1522237817275025,4.3192289541471585,0.0022726117146376623,1.001588154243126,1.2771686616715874,1.5070622784930552,-0.01681315898895619,40.0,3.42599987983704,3.41116952896118,0,0,0
NLD,2023,1239305.125,1438.74,3.45608949661255,0.8863746769978587,5.082261845420621,12.239378261804767,17.473869624971215,31.03887170425761,-3.272647967890019,0.7394006520427764,1.0559567422053537,1.4366074052287017,-6409121.921875,20.0,1228416.75,1179366.625,-0.27033771419066044,-0.2371442835746418,2.6102956908725217,-0.8476678795898085,0.8453192026242728,-0.30362112241165695,-1.1473241486547052,0.1126980109248513,-0.1644635902502327,-342.903,20.0,1442.64,1442.16,0.439321433557871,0.8782725578186934,1.316849463798131,2.1711462856497166,4.338562201399254,0.0022902808223479454,1.0015940931240028,1.274332634118725,1.5101944706529753,-0.023746824264525568,40.0,3.44097256660461,3.42599987983704,0,0,0
USA,1960,3846675.5,1968.41,2.72125053405762,2.6463758196292098,9.9376657724487,9.230128136868633,14.180062633656032,42.4387990548331,-4.456933863346624,0.8316139328989726,1.3426195677391293,1.5508246382466215,3194220.1599609377,100.0,3747502.5,3498960.5,-0.9290995384700462,0.3804278538463546,-1.3516222473914707,-3.436417687862403,-2.6493832777772286,-2.250907845668082,-0.2747936044665152,-0.7560645095992611,-1.3117614401773103,-116.95333333333315,44.44444444444444,1986.87,1960.95,0.5488638982447558,1.1007411853369842,1.6556497241060342,2.774623967177803,5.343643341166127,-8.682937480131159e-07,1.0009107586104864,1.268367813529237,1.5268605986044905,0.5189493775367748,90.0,2.70639610290527,2.69162273406982,0,0,0
USA,1961,3945269.5,1953.61,2.75555515289307,2.5630963672397034,5.277301349365349,12.75547409009048,14.517995984887278,36.47314862346222,-0.0832794523895064,0.9990226769605681,1.183294404020868,1.5191757937666321,3274327.0130859376,100.0,3846675.5,3747502.5,-0.7518758795169833,-1.6739897426605643,-0.37430837094266645,-3.4477134681249577,-5.33918015311563,0.1772236589530629,-0.9613809873931289,-1.1057968097746227,-1.365927217366198,-118.2744444444445,44.44444444444444,1968.41,1986.87,1.2606196454943541,1.8164026298673974,2.375236990459717,3.502132436752281,6.1461941239739915,0.7117557472495983,1.1034618681821324,1.4973611521345858,1.7761843771625896,0.5336780428886447,90.0,2.72125053405762,2.70639610290527,0,0,0
USA,1962,4187084.75,1973.51,2.79029202461243,6.1292454165678745,8.849440250418827,11.730005517007669,18.89638306179675,39.57284141486062,3.566149049328171,1.1080230620485008,1.3509544848162933,1.7557966250844927,3477360.242578125,100.0,3945269.5,3846675.5,1.0186270545298193,0.25909236388759194,-0.6724144005395338,-1.0960318335354713,-4.204124031609801,1.7705029340468026,0.8062041688474838,0.38229669771054053,-0.7019289906411843,-89.39222222222202,44.44444444444444,1953.61,1968.41,1.260612464348232,2.5371236382216944,3.0999128921704866,4.234779242844167,6.954856245632213,-7.181146122192672e-06,1.0020803768477384,1.4374562741604526,1.8489504922161717,0.5489733099937459,100.0,2.75555515289307,2.72125053405762,0,0,0
USA,1963,4368180.0,1961.96,2.8254668712616,4.325091580723317,10.719432474765034,13.557278226354153,24.842220996778906,38.80073858777975,-1.8041538358445575,0.9488866645684183,1.372406110436658,1.717958130181193,3622978.298828125,100.0,4187084.75,3945269.5,-0.5852516582130263,0.42741386458915454,-0.32767563668137933,0.051505647772764895,-4.476827124849669,-1.6038787127428455,-0.10674363879164067,-0.5523607352880723,-0.8728294034832426,-103.45333333333338,44.44444444444444,1973.51,1953.61,1.26061524524681,2.5371191825040773,3.829722250842682,4.9726187662787025,7.769670231657155,2.780898578080837e-06,1.0020816738647869,1.3407225294587601,1.8260836233075763,0.5645174503326449,100.0,2.79029202461243,2.75555515289307,0,0,0
USA,1964,4624444.0,1971.53,2.8610851764679,5.866608061023126,10.445435813067782,17.21490762544866,23.400691527223792,47.643985158798216,1.5415164802998094,1.0521227454358302,1.3632610026553167,1.8084608662829287,3827854.9140625,100.0,4368180.0,4187084.75,0.4877775285938579,-0.10032885569366545,0.9172762219685549,-0.7720686305596192,-2.912817381369792,1.0730291868068842,0.4096055670805402,0.7069260789739333,-0.4228119624398944,-93.78555555555545,55.55555555555556,1961.96,1973.51,1.2606166283024356,2.5371233989497366,3.829719157101019,5.715684906454532,8.59069446853753,1.3830556255811643e-06,1.0020814947714358,1.2728188529445368,1.766064227979598,0.5805726885795619,100.0,2.8254668712616,2.79029202461243,0,0,0
USA,1965,4934000.5,1991.91,2.89715242385864,6.693918231034912,12.953232238598233,17.838562976304708,28.26661619884494,46.454902713912375,0.8273101700117858,1.0298738577343332,1.3620607683724615,1.8203277611271704,4086567.645703125,100.0,4624444.0,4368180.0,1.0337149320578387,1.5265346897999965,0.9323489620017167,1.1938569708546565,-2.283586629121981,0.5459374034639808,1.0967516470085137,1.4889777457388025,0.630258802691893,-69.73777777777809,55.55555555555556,1971.53,1961.96,1.2606142483065241,2.537122389441837,3.8297209863205284,6.4640093809640975,9.417985301666754,-2.379995911461208e-06,1.0020810026636453,1.2728187968113627,1.6981926064860542,0.59734740257263,100.0,2.8610851764679,2.8254668712616,0,0,0
USA,1966,5258107.0,2000.82,2.92837071418762,6.568838004779276,13.702468880583263,20.37294708551387,33.27624386623018,52.625283599538044,-0.12508022625563608,1.0075653762454706,1.3554845261282262,1.782418596296707,4356262.46484375,100.0,4934000.5,4624444.0,0.44730936638703866,1.4856482021577078,1.980672388835658,2.4165519218267706,-1.1144773323712442,-0.5864055656708,0.8480611454316933,1.3106490659643968,1.4992545084187094,-54.64777777777795,55.55555555555556,1991.91,1971.53,1.0775508417123936,2.3517488494622985,3.6420120148169532,6.271533382778061,9.993303224410344,-0.18306340659413056,0.9751345287600507,1.2341566201951462,1.5972808976783621,0.6098807215690609,100.0,2.89715242385864,2.8610851764679,0,0,0
USA,1967,5398569.0,1977.72,2.95992541313171,2.6713416063994133,9.41565571385734,16.73985023929363,28.933836364310505,53.29766797998084,-3.8974963983798627,0.8464674860360691,1.1239572790650023,1.553512129366657,4462835.358984375,100.0,5258107.0,4934000.5,-1.154526644075926,-0.7123815835052838,0.3139693537506538,0.21332549619712537,-0.8850444526857126,-1.6018360104629648,-1.0669402118712341,-0.1965499271271755,0.20150837435732563,-69.08666666666682,55.55555555555556,2000.82,1991.91,1.077551376648156,2.166713382289509,3.4546415282131315,6.079413445724979,10.57164242725539,5.349357623529727e-07,1.001781581465179,1.2319037856541042,1.5246409059739507,0.6225872159004191,100.0,2.92837071418762,2.89715242385864,0,0,0
USA,1968,5665766.5,1974.18,2.99181985855103,4.949413446415152,7.752970793481384,14.831088890242317,29.705426516306566,61.92713521630211,2.2780718400157385,1.0862692946252144,1.206265658055213,1.551563595160217,4676400.743359375,100.0,5398569.0,5258107.0,-0.17899399308294317,-1.331454103817431,-0.8901004563459214,0.622846541213895,0.6746729901323301,0.9755326509929829,-0.6953572252782864,-0.7190566547928269,-0.13326988860090494,-61.45888888888885,55.55555555555556,1977.72,2000.82,1.0775422001453316,2.166704647605111,3.2676028334851948,5.887628306013437,11.153016382325687,-9.17650282428184e-06,1.0017800883628774,1.250814735689239,1.4761602064640305,0.6354686498642019,100.0,2.95992541313171,2.92837071418762,0,0,0
USA,1969,5848988.5,1975.34,3.02405834197998,3.2338431172551863,8.343312829751737,11.237532823124363,26.47982114174159,56.076973931304906,-1.7155703291599655,0.9324674338909043,1.2015618438427422,1.4458840216395064,4811171.415234375,100.0,5665766.5,5398569.0,0.0587585731797402,-0.12034059421961452,-1.2734778740716268,0.19325092694506552,-0.5803097333997642,0.23775256626268337,-0.2253378474817519,-0.7337939395084193,0.032609879294108406,-66.05625000000009,62.5,1974.18,1977.72,1.077554296486416,2.166707598905848,3.267606363113962,5.69620110762572,11.737462921030106,1.209634108434443e-05,1.001783345855628,1.2716792154880556,1.452551389002364,0.648527705669403,100.0,2.99181985855103,2.95992541313171,0,0,0
USA,1970,5857693.0,1930.72,3.05664396286011,0.14882060376764095,3.387476345874818,8.504550002046841,18.720964864109767,52.27936434981324,-3.0850225134875453,0.6170406242707746,0.9353798263372822,1.2082801103094136,4785694.478515625,100.0,5848988.5,5665766.5,-2.2588516407301973,-2.2014203365447904,-2.376473919462818,-3.0719259404290433,-1.9147433715536955,-2.3176102139099375,-1.1544002403026647,-1.6148649811048583,-2.0749343613120264,-74.0033333333331,55.55555555555556,1975.34,1974.18,1.0775460389694347,2.1667114790953734,3.2676009097833525,5.505113838264952,12.324974294167234,-8.257516981302615e-06,1.001780234529918,1.2716782653853322,1.460605970204756,0.6617660045623799,100.0,3.02405834197998,2.99181985855103,0,0,0
USA,1971,6051745.5,1914.99,3.08988523483276,3.31278030446458,3.4665310078828115,6.812476299543935,15.093616390841792,53.39244885552179,3.163959700696939,1.1538679808226786,1.1676369307466075,1.2554950707869144,4933133.25234375,100.0,5857693.0,5848988.5,-0.8147219690063823,-3.05517024917229,-2.998206850439178,-4.289741206105491,-1.9768531078362517,1.444129671723815,-0.810061057556525,-1.3411666435159348,-2.006542725166957,-69.28888888888878,55.55555555555556,1930.72,1975.34,1.0875087964627106,2.176773243391872,3.2777834534872152,5.515507987517454,12.132948294962475,0.009962757493275909,1.003303488318548,1.274022501425663,1.4750742641519914,0.6763171076774581,100.0,3.05664396286011,3.02405834197998,0,0,0
USA,1972,6377442.5,1911.75,3.12348771095276,5.38186875175104,8.872938544235765,9.034963908716875,18.132092041428006,52.31223824643148,2.06908844728646,1.0730159855703583,1.54371103694102,1.4545193172772808,5192057.698828125,100.0,6051745.5,5857693.0,-0.16919148402864126,-0.9825350128449539,-3.2191926453167485,-3.3356592439779176,-3.1294495594144434,0.645530484977741,-0.7295952532828004,-0.9473542091798933,-1.58056483465942,-61.933333333333394,55.55555555555556,1914.99,1930.72,1.0874991647325194,2.1868346102731584,3.287944798964415,5.525892547677258,11.941247847942037,-9.631730191195231e-06,1.0017963608465281,1.2740118375953127,1.4903310470545574,0.6910266399383551,100.0,3.08988523483276,3.05664396286011,0,0,0
USA,1973,6744057.5,1910.32,3.1574559211731,5.74862101853526,11.439873008539436,15.131631172886673,19.03168794548804,54.39055853925434,0.36675226678422046,1.0191079824036366,1.482954840537395,1.6556208372414845,5480795.07265625,100.0,6377442.5,6051745.5,-0.07480057538904461,-0.2438655032141246,-1.0566006463909927,-3.2347607614300666,-2.632061815735287,0.09439090863959665,-0.8497907211250509,-0.6692121987752013,-1.2997642499206021,-51.44888888888886,55.55555555555556,1911.75,1914.99,1.0875090079985883,2.186834824109485,3.298125641648486,5.536297987616456,11.749882941054057,9.843266068898515e-06,1.0017993134438694,1.272868356932694,1.5033403291510963,0.70589694976807,100.0,3.12348771095276,3.08988523483276,0,0,1
USA,1974,6622978.5,1882.34,3.19179344177246,-1.7953435302116016,3.8500699927910054,9.439144458404613,13.232886335816874,43.21675211117271,-7.543964548746862,0.22209175434509462,0.7809052842602995,1.2655114091265085,5375368.203125,100.0,6744057.5,6377442.5,-1.4646760752125343,-1.5383810644697293,-1.7049697387453766,-4.708050259702123,-4.5238976835249805,-1.3898754998234897,-1.1536266625171907,-1.5835879801532935,-1.5604321563795533,-58.28777777777805,55.55555555555556,1910.32,1911.75,1.0875059369507278,2.1868416699761806,3.2981227196037244,5.546688615890161,11.558840261890758,-3.0710478604589753e-06,1.0017973611812585,1.2717409914605786,1.5109643794884895,0.7209294080734239,100.0,3.1574559211731,3.12348771095276,1,0,1
USA,1975,6599970.5,1850.8,3.2265043258667,-0.3473965678735036,-2.1365031362796105,3.48929841390182,12.671840262028077,33.76509588922823,1.447946962338098,-0.719556697990015,0.44197114669081794,1.0585907712202722,5338066.178125,100.0,6622978.5,6744057.5,-1.6755740195713797,-3.115708362996772,-3.1881783706028566,-4.139388414684686,-7.084155408627901,-0.21089794435884546,-1.0193296894239408,-1.5725787174570798,-1.7115898807784897,-60.37222222222226,55.55555555555556,1882.34,1910.32,1.0875040859462448,2.1868366943962325,3.2981277484365856,5.557086957803592,11.368124759187005,-1.8510044830222228e-06,1.0017975421043146,1.271740522538319,1.5104139469856903,0.7361259341239932,100.0,3.19179344177246,3.1574559211731,1,1,0
USA,1976,6981721.5,1846.91,3.24999570846558,5.784131913922952,5.4166414702992105,3.524050617895824,15.367070541879201,32.780133610822304,6.1315284817964555,1.153032011688924,1.4325013340350923,1.4651574484853167,5650451.4640625,100.0,6599970.5,6622978.5,-0.2101793818889086,-1.8822316903428615,-3.3193391683068785,-3.5551099483548176,-7.6923461380833835,1.4653946376824711,-0.6745524064902066,-1.0761349079280382,-1.4573980970337579,-62.8022222222221,55.55555555555556,1850.8,1882.34,0.7280753480028324,1.8234972831073781,2.930833861272042,5.181761180896616,10.983069620240492,-0.35942873794341246,0.9300022126574505,1.1785768378056236,1.4336395601140866,0.7396488785743762,100.0,3.2265043258667,3.19179344177246,0,1,0
USA,1977,7293794.0,1847.02,3.27365803718567,4.469850308408896,10.512524260525113,10.128607544173661,14.368636016710457,35.106062365786194,-1.314281605514056,0.9649038174270587,1.5282978853188574,1.6535131664195064,5899561.98359375,100.0,6981721.5,6599970.5,0.005955893898446085,-0.2042360060514392,-1.8763879001668093,-3.3859029684843778,-6.608620027101919,0.2161352757873547,-0.5523395230587728,-0.7260222145387264,-1.1957019078440796,-55.19333333333316,55.55555555555556,1846.91,1850.8,0.7280726143254368,1.4614488795487102,2.564846281774069,4.807777079010922,10.59934222200618,-2.733677395561074e-06,1.0012062386195062,1.1646239339598616,1.3860220465985038,0.7431602478027339,100.0,3.24999570846558,3.2265043258667,0,0,0
USA,1978,7705705.5,1853.67,3.29749250411987,5.647424372007226,10.36970609612544,16.753635489734386,14.259190405775746,36.004642972844,1.17757406359833,1.0426678872516193,1.4187196415599321,1.8024898121829656,6223598.24453125,100.0,7293794.0,6981721.5,0.3600394148412178,0.36601675230520936,0.15506807866869643,-2.9654717534234987,-6.104306598182541,0.35408352094277173,1.154584012412948,-0.16617932958765044,-0.890453619331715,-41.59999999999991,55.55555555555556,1847.02,1846.91,0.7280683157331325,1.4614417960789883,2.2001575415244723,4.435108088373307,10.216946875834987,-4.298592304330384e-06,1.0012058771819816,1.2090370316502894,1.3622954290773812,0.7466593146324132,100.0,3.27365803718567,3.24999570846558,0,0,0
USA,1979,7920382.5,1856.07,3.32150077819824,2.785948671409777,8.5907073876778,13.44454945674931,19.58943396841768,35.414567835105174,-2.861475700597449,0.8806501129871281,1.161059471020231,1.6468141696482301,6379943.89453125,100.0,7705705.5,7293794.0,0.12947288352294084,0.4899784517763628,0.495963528271548,-1.3956033447729999,-6.037947897577123,-0.23056653131827698,0.8140707588480833,1.2802107796719773,-0.7306210518188749,-35.80111111111114,55.55555555555556,1853.67,1847.02,0.7280766839765196,1.4614458953599252,2.2001588970226527,4.06377601784127,9.835869635488304,8.368243387124608e-06,1.001208759147532,1.2694949915144216,1.359255668560458,0.750293123722074,100.0,3.29749250411987,3.27365803718567,0,0,1
USA,1980,7786389.0,1840.47,3.34568381309509,-1.6917554171152704,1.0470618167278678,6.753618212962964,17.976118226589044,32.9258634756038,-4.477704088525048,-0.16387534612510238,0.6396508548576351,1.212701586142636,6245654.5046875,100.0,7920382.5,7705705.5,-0.8404855420323543,-0.7121008593762634,-0.35462528830223494,-0.5581370218283976,-4.674421977293441,-0.9699584255552951,-1.1428571428562975,-1.3527562717838673,-1.020410505637918,-44.995555555555484,55.55555555555556,1856.07,1853.67,0.7280755451145371,1.4614531773767592,2.2001618706436465,3.6937649911991333,9.456117681580567,-1.1388619824970192e-06,1.0012066045683488,1.2694957993965776,1.3743385665107144,0.7545524477958652,100.0,3.32150077819824,3.29749250411987,1,0,0
USA,1981,8000724.5,1828.64,3.35476899147034,2.7526944775042805,1.0143702024491885,3.828578707037278,14.595297162741305,32.20523731541587,4.4444498946195505,0.9071372388150375,0.942327004895566,1.2986059844931943,6428148.921875,100.0,7786389.0,7920382.5,-0.6427705966410735,-1.4778537447402207,-1.3502942810748375,-0.9892198320437862,-4.509161927738525,0.19771494539128076,-0.9511964358027053,-1.4941446130788782,-1.1852201842320749,-41.674444444444134,55.55555555555556,1840.47,1856.07,0.2715492223051674,1.0016018509002578,1.7369709644194486,3.2237975801582275,8.572608252614167,-0.45652632280936967,0.8210117964804784,1.0758850353766662,1.2700962600817158,0.7435218214988741,100.0,3.34568381309509,3.32150077819824,0,1,1
USA,1982,7862921.0,1809.88,3.36387896537781,-1.7223877662579157,0.9828946383233506,-0.7254889520802776,7.8028938025943795,23.29269922857007,-4.475082243762197,-0.18803434343307632,0.06713625894012808,0.8963218799977546,6303885.12734375,100.0,8000724.5,7786389.0,-1.0258990287864145,-1.6620754481192268,-2.4885914863124636,-2.010806596571768,-5.328625604812343,-0.383128432145341,-1.0664315744825184,-1.4604769048018171,-1.549801100763563,-51.89444444444439,55.55555555555556,1828.64,1840.47,0.27155294241218986,0.5438395646206517,1.2758746726098336,2.7559667860025394,7.6962446044560595,3.720107022431307e-06,1.000453941976835,1.0082473442295652,1.2034664002536757,0.7322738289833088,100.0,3.35476899147034,3.34568381309509,1,0,0
USA,1983,8263719.5,1819.48,3.37301373481751,5.09732324666623,3.287139808401096,6.130319201879075,7.2415692502133755,22.533348803743138,6.819711012924145,1.0865907595313382,1.6172411706630336,1.2830287906090665,6650409.28671875,100.0,7862921.0,8000724.5,0.5304219064247384,-0.5009187155481709,-1.1404695539726228,-1.8444491198541302,-4.7552242556220925,1.556320935211153,0.01563467182168486,-0.6333081094642159,-1.172717377184936,-35.51333333333355,66.66666666666666,1809.88,1828.64,0.2715546407501046,0.5438449977795301,0.8168710269467194,2.290262391901865,6.826946092863362,1.698337914746162e-06,1.0004527089567188,1.0756922876488066,1.169047929958273,0.7208042383194022,100.0,3.36387896537781,3.35476899147034,0,1,0
USA,1984,8914456.0,1835.54,3.38217329978943,7.874619897250867,13.373337974526267,11.420609471054789,12.550826932916426,34.59889685584816,2.7772966505846375,1.0692088709160548,1.6408854471186327,1.8073864608812096,7200362.6625,100.0,8263719.5,7862921.0,0.8826697737815081,1.4177735540477743,0.3773296001399862,-1.106100524225917,-2.4862670930862585,0.3522478673567697,1.0726464132825326,0.7096149198280916,-0.21538528939638282,-25.922222222222217,66.66666666666666,1819.48,1809.88,0.27155433366223836,0.5438463928075787,0.8168761661016433,1.82665986380115,5.964667247115107,-3.0708786624700224e-07,1.0004514826163706,1.2666285047610741,1.1610783310107229,0.709108459949495,100.0,3.37301373481751,3.36387896537781,0,0,0
USA,1985,9297721.0,1840.8,3.39135766029358,4.299364986489351,12.512543534421749,18.24767157141729,19.40992159523496,40.87519027547168,-3.575254910761516,0.9037513712836278,1.3488175177150838,1.8772314705200701,7504516.52734375,100.0,8914456.0,8263719.5,0.2865641718513334,1.1717633609602762,1.7084005569429905,0.017930202611293744,-0.5403068943159672,-0.5961056019301747,0.7977269914927773,1.1230200142022448,0.19933016974350146,-16.20444444444456,66.66666666666666,1835.54,1819.48,0.27155203740512057,0.5438437823930942,0.8168752561727111,1.3651573116300275,5.109348005680947,-2.2962571177842506e-06,1.0004502629025598,1.2666238536703343,1.166050237913685,0.6971819758415241,100.0,3.38217329978943,3.37301373481751,0,0,0
USA,1986,9602186.0,1821.1,3.40006065368652,3.2746196621731283,7.7147724998586575,16.196901407411033,20.016456009702633,37.53321440850943,-1.024745324316223,0.9597090790384071,1.1316964500421471,1.7745681361752441,7728091.196875,100.0,9297721.0,8914456.0,-1.0701868752716281,-0.786689475576674,0.08903642799040767,-0.41232828768922314,-1.3974692865380667,-1.3567510471229616,-1.1156583941209186,-0.3382714937174233,-0.926196524789766,-29.782222222222117,55.55555555555556,1840.8,1835.54,0.2566226940565963,0.5288715956158541,0.801862103015516,1.3500679877313848,4.617389027008589,-0.014929343348524249,0.9909100605883447,1.2524625478451445,1.2010841590114625,0.685676038265226,100.0,3.39135766029358,3.38217329978943,0,0,0
USA,1987,9902263.0,1828.61,3.4087860584259,3.12509047418994,6.502044963491582,11.080956594547109,25.936188345272715,35.76285538088957,-0.14952918798318837,0.9975717782150929,1.1088024216971784,1.662643344108721,7940807.93359375,100.0,9602186.0,9297721.0,0.41238811707209333,-0.6622120817036059,-0.37754557242011266,1.0348752403474215,-0.9967406958235503,1.4825749923437215,-0.15690663695068074,-0.05418678795052393,-0.3248613898212368,-18.162222222222454,55.55555555555556,1821.1,1840.8,0.2566249731433379,0.5139062251196425,0.7868537853494173,1.3349794540852944,4.1277378304423795,2.2790867415523053e-06,1.0004283608756694,1.2521657258176568,1.2780000224367465,0.6739599108695953,100.0,3.40006065368652,3.39135766029358,0,0,0
USA,1988,10312941.0,1839.12,3.41753363609314,4.147314608791941,7.402012416755932,10.919019832924647,24.79781047747325,33.835130345949516,1.0222241346020011,1.0476506091460827,1.3124529829699372,1.6179460799799255,8239320.62890625,100.0,9902263.0,9602186.0,0.5747535012933236,0.9895118335072173,-0.09126466753586193,1.0794292874887201,-0.7849293563579329,0.16236538422123026,1.0506517167060472,0.7468435951550606,0.5396603368006123,-6.088888888889187,55.55555555555556,1828.61,1821.1,0.2566185591382997,0.5139020795901228,0.7718435630081677,1.3198849686284708,3.6403761895831943,-6.4140050382022196e-06,1.0004227260451877,1.2592177260951976,1.3844550537364435,0.6620292544364941,100.0,3.4087860584259,3.40006065368652,0,0,0
USA,1989,10684975.0,1852.08,3.42630386352539,3.6074481566412464,7.904374989838181,11.2764843338798,19.861211946079482,34.90478521712808,-0.5398664521506946,0.9831433557064315,1.3126198251057888,1.531067753158172,8522179.315625,100.0,10312941.0,9902263.0,0.7046848492757496,1.283488551413381,1.701169622755483,0.9010972247948779,-0.2149703405582737,0.129931347982426,1.0329219399103249,1.3214272547156358,1.6434660007119073,14.950000000000045,55.55555555555556,1839.12,1828.61,0.2566244656563521,0.5139015708008232,0.7718453437122186,1.3047990101130447,3.1552931137351914,5.906518052434251e-06,1.0004307068700249,1.2665320121808976,1.471106518438052,0.6498800277709962,100.0,3.41753363609314,3.4087860584259,0,0,0
USA,1990,10845544.0,1836.18,3.43509650230408,1.502755036862502,5.164414302379883,9.525913419992982,16.647337557235797,39.28849432002435,-2.1046931197787444,0.845717622721048,1.1051170123864402,1.3534300121223866,8622627.65,100.0,10684975.0,10312941.0,-0.8584942335104206,-0.1598590630301322,0.41397564270129195,-0.250977835723587,-0.23309263394676316,-1.5631790827861702,-0.7423292311825267,0.06538534669310175,0.4125491749432021,9.956666666666479,55.55555555555556,1852.08,1839.12,0.2566216870690141,0.5139047067585611,0.7718420407506921,1.2897148101658429,2.6724787578260134,-2.778587337992633e-06,1.0004250832757515,1.266531302672158,1.4743300205407508,0.6377547860145598,100.0,3.42630386352539,3.41753363609314,0,0,1
USA,1991,10831007.0,1827.74,3.4523024559021,-0.1340366144842564,1.3667041804028557,5.023455481806782,12.797304697076273,35.37532757189676,-1.6367916513467584,0.49356629560240695,0.7804900982176111,1.1087188873376441,8551490.665625,100.0,10845544.0,10684975.0,-0.4596499253885833,-1.3141980907952044,-0.6187741963547766,0.36461479325682333,-0.0492169043660895,0.39884430812183735,-0.8841012676572628,-0.9139611588354702,-0.27081932775233014,15.196666666666715,66.66666666666666,1836.18,1852.08,0.5008870518333097,0.7587941237050533,1.0173658407268027,1.5364961845294456,2.9073079153808745,0.2442653647642956,1.0890245630353736,1.450419327688206,1.6689567399388592,0.632511973381042,100.0,3.43509650230408,3.42630386352539,1,0,0
USA,1992,11224901.0,1815.51,3.46959495544434,3.6367255602364645,3.4978144019331747,5.053133020900846,13.35692659344636,42.757392577135136,3.770762174720721,1.1540888587286482,1.3541620727366233,1.28604756181832,8844489.1125,100.0,10831007.0,10845544.0,-0.6691323711249919,-1.1257066300689567,-1.9745367370739841,-0.7163911386244171,0.31107034720532223,-0.20948244573640862,-1.0552228854606116,-1.3697481400577443,-1.4329483704892485,7.711111111110995,55.55555555555556,1827.74,1836.18,0.5008975825011142,1.0042935654681173,1.2634924876279596,1.7838871661696398,3.142681147407367,1.053066780443146e-05,1.00083518039912,1.4096043455219573,1.7493182799987297,0.6277048468589808,100.0,3.4523024559021,3.43509650230408,0,1,0
USA,1993,11571857.0,1831.55,3.48697352409363,3.0909493099315455,6.840084213776243,6.696879381983978,12.207148280980174,40.03206425387502,-0.545776250304919,0.9782267831938365,1.4921658817674046,1.4451119044371108,9084577.43125,100.0,11224901.0,10831007.0,0.8834983007529607,0.20845415649928256,-0.25215392826412053,-0.4116099003871332,0.6633763492866152,1.5526306718779526,0.7895556874651785,-0.07976420364296065,-0.12229686497182053,31.46888888888884,66.66666666666666,1815.51,1827.74,0.5008817707098823,1.00428825789165,1.5102056595718283,2.0318713842966796,3.3785747179083225,-1.5811791231890027e-05,1.0008264545701313,1.3280427265787473,1.7516191568919302,0.6227524042129531,100.0,3.46959495544434,3.4523024559021,0,0,0
USA,1994,12075679.0,1850.24,3.50443959236145,4.3538560837729,7.57938087828125,11.491747720225831,13.015510097122363,35.4617600894547,1.2629067738413546,1.0554962667069232,1.4557032316887506,1.6476119796498034,9454435.453125,100.0,11571857.0,11224901.0,1.020447162239635,1.9129610963310562,1.2310284832634855,-0.09934776035591675,0.8008542445274935,0.1369488614866743,1.0244407127348667,1.4225503360372234,1.3534160348339412,51.41111111111127,66.66666666666666,1831.55,1815.51,0.5008947772942918,1.0042854386340894,1.5102134626187258,2.28046699733353,3.615021518253725,1.3006584409502864e-05,1.0008359934578634,1.268069920168844,1.7132532558715505,0.617652881145478,100.0,3.48697352409363,3.46959495544434,0,0,0
USA,1995,12409187.0,1860.37,3.5219931602478,2.761815712391824,7.235917277581283,10.55052512267145,14.41737731182502,33.46482433706066,-1.592040371381076,0.9258374594214434,1.2394283331288791,1.6274892938538639,9631461.2671875,100.0,12075679.0,11571857.0,0.5474965409892674,1.5735306161448026,2.470931033153212,1.3174089686196266,1.0631247283789724,-0.4729506212503676,0.8880324687985616,1.2924366331992216,1.6828475823423061,58.5277777777776,66.66666666666666,1850.24,1831.55,0.5008951481033197,1.0042988830341715,1.5102110037726213,2.529671521176624,3.852011879599604,3.7080902792752113e-07,1.000831821086936,1.268071444692221,1.6589555361936108,0.6124033331870997,100.0,3.50443959236145,3.48697352409363,0,0,0
USA,1996,12916877.0,1865.89,3.53323888778687,4.091243044367054,6.966051349990332,11.623199284263542,19.258320117418435,34.520170719459095,1.3294273319752303,1.0614631702826753,1.3112547857944978,1.711891033037573,9954638.6046875,100.0,12409187.0,12075679.0,0.29671516956304433,0.8458362158422661,1.8749146897436786,2.087277183844538,2.4595024984899405,-0.25078137142622303,0.8890449080408245,1.01243423450272,1.5748650686463581,54.631111111111295,66.66666666666666,1860.37,1850.24,0.3193000959229142,0.8217946027146095,1.3268057062539862,2.3444189180585884,3.9169370098133927,-0.1815950521804055,0.9196667572884447,1.1652671784707929,1.514974153983935,0.6011670231819193,100.0,3.5219931602478,3.50443959236145,0,0,0
USA,1997,13552125.0,1872.51,3.54452061653137,4.91796894868628,9.210418055590598,12.226608541018692,20.7326906491202,36.85886751341587,0.8267259043192254,1.0350552778665394,1.371691126187876,1.7934395214392507,10463702.5515625,100.0,12916877.0,12409187.0,0.35479047532276375,0.6525583620462738,1.2036276374956856,3.139613662276708,2.4007306095887193,0.05807530575971942,1.0287963948065784,1.0266780422653632,1.5084069441544168,63.14111111111106,66.66666666666666,1865.89,1860.37,0.3193027446713792,0.6396223745643193,1.1437213601080076,2.1594930258201916,3.9819031109317837,2.6487484650061788e-06,1.0005322752767531,1.1478892327989587,1.418779671139844,0.5897246241569509,100.0,3.53323888778687,3.5219931602478,0,0,0
USA,1998,14253092.0,1883.08,3.5558385848999,5.172377025743202,10.344721870464513,14.859192628816054,23.17030879313493,38.20589102565408,0.25440807705692237,1.0159847953946064,1.3815661082725563,1.796646904792671,11047197.3875,100.0,13552125.0,12916877.0,0.5644829667131201,0.9212761738365938,1.2207249095609995,2.8134640058966376,2.3902736091174104,0.2096924913903564,1.06724395416967,1.3455930843256094,1.5575615932413533,73.70333333333338,77.77777777777779,1872.51,1865.89,0.3193088598707483,0.63963116649568,0.960973605346771,1.974923535565698,4.046922826043287,6.1151993691055395e-06,1.0005340861163292,1.196758645171391,1.3585933879474204,0.5780729651451093,100.0,3.54452061653137,3.53323888778687,0,0,0
USA,1999,14942582.0,1886.01,3.56719255447388,4.837476668220475,10.260066225776399,15.682622045561011,23.741132900270046,39.846672547198295,-0.3349003575227272,0.9972373027608489,1.3091321886668392,1.7297638190572047,11610140.7828125,100.0,14253092.0,13552125.0,0.155596150986681,0.7209574314689826,1.0783057950897401,1.933262711864403,1.8319942983024529,-0.40888681572643915,0.7712342742304972,1.1359736917473204,1.352675266503417,79.57000000000016,77.77777777777779,1883.08,1872.51,0.3193049769524281,0.6396334059046049,0.9609785175968666,1.7906703899023046,4.111973034508587,-3.882918320208262e-06,1.0005288859400652,1.2669291355642154,1.332301634771904,0.5662086486816418,100.0,3.5558385848999,3.54452061653137,0,0,0
USA,2000,15530929.0,1887.58,3.5785825252533,3.9373851185825925,8.965331873252481,14.601429665089416,25.15670043492777,43.201014167661846,-0.9000915496378825,0.9726010652163449,1.2339202369478843,1.6225364176528796,12044865.8875,100.0,14942582.0,14253092.0,0.08324452150305639,0.2389701977611125,0.8048021105361292,1.4626122760526217,2.799289829973084,-0.07235162948362461,0.8858746624767684,0.9113357478508611,1.139238891013758,79.20444444444456,77.77777777777779,1886.01,1883.08,0.3192978961882753,0.6396224072145351,0.9609736381012368,1.6067426150685238,4.17705944659712,-7.080764152789243e-06,1.000527212928787,1.2669200647923498,1.3479200227017123,0.55412806272507,100.0,3.56719255447388,3.5558385848999,0,0,0
USA,2001,15688271.0,1866.69,3.58833718299866,1.013088141733176,4.990362442046492,10.069246729060621,21.455604168097288,44.845913219334086,-2.9242969768494165,0.7658193750071046,1.000544137665883,1.392681480109116,12115550.8703125,100.0,15530929.0,14942582.0,-1.1067080600557277,-1.0243848123816957,-0.8703825647343622,0.04287498191211103,2.131047085471671,-1.1899525815587841,-1.1520690273021217,-1.3684275921717557,0.20035470226778038,64.7644444444445,77.77777777777779,1887.58,1886.01,0.2725844011287615,0.5927526535751682,0.9139503192514775,1.5594273968353667,3.940405825798754,-0.04671349505951383,0.973250450004601,1.2281629996163588,1.3507297961440736,0.5472647905349737,100.0,3.5785825252533,3.56719255447388,0,0,0
USA,2002,15948216.0,1847.99,3.59811854362488,1.656938486083015,2.6868128751345033,6.729988164026812,17.68055563241926,42.078901185854555,0.6438503443498389,1.0712203278400512,0.9949579480115365,1.279281296408061,12273814.790625,100.0,15688271.0,15530929.0,-1.001773192120814,-2.097394547515863,-2.0158959920679065,-1.3094723125644192,1.7890289780832846,0.1049348679349138,-0.9810607916073226,-1.5562188222467548,-0.9444411192540024,58.5244444444445,77.77777777777779,1866.69,1887.58,0.27258755594552486,0.5459149882311998,0.866955979491868,1.5121347254557937,3.7042821952132154,3.1548167633843605e-06,1.0004553064247557,1.2258609294324507,1.3728137109055925,0.54023005962372,100.0,3.58833718299866,3.5785825252533,0,0,0
USA,2003,16383841.0,1832.54,3.6079261302948,2.731496739196415,4.4336944459972605,5.491699820403539,14.949380808038004,41.583507297057,1.0745582531134001,1.0728435574665125,1.2879871869024142,1.2920464873242115,12585274.8109375,100.0,15948216.0,15688271.0,-0.8360434850837928,-1.8294414176965645,-2.915902902128653,-2.6839008432992695,0.05405257841719635,0.16572970703702117,-0.9668188919612914,-1.3205633855261028,-1.818304806779265,48.07555555555541,77.77777777777779,1847.99,1866.69,0.27257541826399834,0.545905980880268,0.8199784365577223,1.4648456095867957,3.4686987258559343,-1.2137681526525057e-05,1.0004459739544904,1.2451352959799566,1.4056299909866126,0.5330204248428339,100.0,3.59811854362488,3.58833718299866,0,0,0
USA,2004,17027680.0,1831.55,3.61776089668274,3.929719532800635,6.768556432895068,8.53764573546696,13.954067643731193,41.00805428829302,1.19822279360422,1.0577566939987462,1.5112860573380384,1.408632586482975,13036406.875,100.0,16383841.0,15948216.0,-0.05402337738875662,-0.8896152035454796,-1.8824764690441476,-2.8875774783802877,-1.0101392251816055,0.7820201076950362,-0.6302100425043448,-0.9084284135914477,-1.5517400084794712,46.82555555555541,77.77777777777779,1832.54,1847.99,0.2725877978864588,0.5459062234806522,0.81998185185852,1.4175949696194179,3.233649812891448,1.2379622460478856e-05,1.0004609241661777,1.2666336850065538,1.4348670598119695,0.5256337165832532,100.0,3.6079261302948,3.59811854362488,0,0,0
USA,2005,17580320.0,1829.11,3.62762236595154,3.245539028217581,7.30279914215477,10.233771601789199,13.195546769932442,41.671811376522896,-0.684180504583054,0.9736500458579085,1.3561654785688704,1.4790829357772248,13381385.2828125,100.0,17027680.0,16383841.0,-0.13322049630094535,-0.18717190347823376,-1.021650550057096,-3.0976170546413995,-1.680310905895066,-0.07919711891218872,-1.1083780742674185,-0.7847302754810008,-1.3410471192993572,-17.826999999999998,70.0,1831.55,1832.54,0.2725848819318699,0.5459157129453329,0.8199791632472531,1.3703705406310052,2.999131483160178,-2.9159545889001492e-06,1.0004516052898058,1.2666351304544066,1.4430271099759167,0.5180662870407131,100.0,3.61776089668274,3.6079261302948,0,0,0
USA,2006,18070692.0,1831.26,3.64232897758484,2.7893235162954833,6.1253911278577045,10.295821352270206,15.186001057732867,39.89985350174039,-0.45621551192209786,0.9795182620649504,1.2401044761924171,1.521100572579692,13682331.1828125,100.0,17580320.0,17027680.0,0.11754350476462783,-0.01583358357675202,-0.06984840712890295,-1.8980119891358505,-1.8559507795207653,0.25076400106557317,0.46514101722472506,-0.4222371935183364,-1.0289683992326522,-12.101000000000113,70.0,1829.11,1831.55,0.4054063557258569,0.6790963140938189,0.953535245668391,1.504646632484552,3.0875379011324533,0.132821473793987,1.0588958091506036,1.3736264921171584,1.5551296649187445,0.5157459259033215,100.0,3.62762236595154,3.61776089668274,0,0,0
USA,2007,18420674.0,1828.84,3.65709471702576,1.9367382278442813,4.780083638978128,8.180762147280184,15.503038082754838,35.924616988110714,-0.852585288451202,0.9399510544509592,1.1355527164241894,1.48763940997704,13825179.059375,100.0,18070692.0,17580320.0,-0.13214944901325243,-0.014761277342534296,-0.14796210859654435,-1.036261018728457,-2.3321637801667294,-0.24969295377788026,-0.6761505022662562,-1.1286401211226729,-0.9222703660134682,-0.7030000000002019,70.0,1831.26,1829.11,0.4053928003700191,0.812442644274225,1.0872421220287531,1.6390836679178733,3.176003546695516,-1.3555355837802097e-05,1.0006680663406275,1.3586133013737005,1.6189218427956624,0.51328835487366,100.0,3.64232897758484,3.62762236595154,0,0,1
USA,2008,18213936.0,1808.99,3.67192077636719,-1.1223150683845717,0.7926868544934518,3.604120971631919,11.170121829185241,27.789366686189922,-3.059053296228853,-0.1202891166996194,0.6271380761753019,1.145348984008433,13535135.334375,100.0,18420674.0,18070692.0,-1.085387458716991,-1.2161025741838971,-1.0999885190065006,-1.2851015530356724,-3.9345115449157753,-0.9532380097037385,-1.1490250464911944,-1.7741532145299095,-1.362135636484232,-11.83900000000017,70.0,1828.84,1831.26,0.4054053965954596,0.8124416812556046,1.2211417271938307,1.773723844705244,3.264551770157409,1.259622544047545e-05,1.0006787734431652,1.3082294795213119,1.640175587266279,0.510691809654237,100.0,3.65709471702576,3.64232897758484,1,0,1
USA,2009,17828036.0,1764.89,3.68680667877197,-2.1187073458477035,-3.2172438424348693,-1.3428152059699716,4.700323238397708,19.310277166288927,-0.9963922774631317,-1.0843774080809072,-0.5932286785036187,0.6870186230064436,13108198.41875,100.0,18213936.0,18420674.0,-2.437824421362189,-3.496752039544182,-3.624280550003811,-3.639540280090625,-6.42202321302644,-1.3524369626451982,-1.1003390177480052,-1.6943935245062098,-2.0846000909010773,-43.17699999999968,70.0,1808.99,1828.84,0.40539824553369463,0.8124471484942664,1.2211335511110866,1.9085225381406667,3.353172627254808,-7.15106176496505e-06,1.0006706923737974,1.2674674603880907,1.6300270877453986,0.5079529047012308,100.0,3.67192077636719,3.65709471702576,1,1,0
USA,2010,18299994.0,1773.37,3.70175337791443,2.6472798237562545,0.47248436581746045,-0.6551334658004393,4.093634245565503,17.829358436961495,4.765987169603958,0.7400171852014991,0.5841017828337012,0.9353189170604583,13310127.96875,100.0,17828036.0,18213936.0,0.48048320291915747,-1.9690545553043504,-3.033070142822769,-3.0473837002695348,-6.050604477691013,2.9183076242813466,-0.38660116711213804,-0.9091973293875735,-1.5354543805804104,-50.639000000000124,60.0,1764.89,1808.99,0.40541043902628804,0.8124522113670096,1.2211513330721235,2.0435151315273403,3.441889401514131,1.2193492593404187e-05,1.0006786171666981,1.2674753651812183,1.60003393420177,0.5050694465637209,90.0,3.68680667877197,3.67192077636719,0,1,0
USA,2011,18568118.0,1782.51,3.70701098442078,1.4651589503253293,4.151225631359501,1.9445659631174728,2.752667136377518,18.35668825455654,-1.1821208734309252,0.8969242369348348,1.0831626298891015,1.038815974723544,13365535.965625,100.0,18299994.0,17828036.0,0.5154028770081975,0.9983625041787292,-1.4638002421240581,-2.6621015038825746,-4.5095864873117675,0.034919674089040065,1.0122491316323556,-0.34701988768711217,-1.0511326545744075,-32.381999999999834,70.0,1773.37,1764.89,0.14203016704781302,0.5480164111978825,0.9556363056478112,1.7758419745717013,3.3072087535248818,-0.263380271978475,0.809686604452274,1.0660221174400348,1.406972198746053,0.48665840625763224,90.0,3.70175337791443,3.68680667877197,0,0,0
USA,2012,19069654.0,1784.7,3.71227598190308,2.7010599566418048,4.205793728675533,6.964412681239818,3.523106700656009,19.572333356909645,1.2359010063164755,1.0845892584304289,1.462867466135047,1.4345458257516535,13674073.33125,100.0,18568118.0,18299994.0,0.12286046081089186,0.6388965641688005,1.1224495577627946,-2.4135517595853084,-3.424802082262346,-0.3925424161973057,0.7498890240343307,0.10906314960872637,-0.8023001106417769,-31.388000000000147,70.0,1782.51,1773.37,0.1420281057819217,0.28425999558561177,0.6908228543079931,1.508882573383219,3.1726980891294776,-2.0612658913066184e-06,1.0002340479487908,0.9917150240300895,1.2750340920735663,0.47076911926269727,90.0,3.70701098442078,3.70175337791443,0,0,0
USA,2013,19578584.0,1791.31,3.71754860877991,2.6687951443691738,5.441940857980332,6.986832891857775,7.492328950755067,19.49935305158297,-0.032264812272631005,1.0024301928983106,1.340768720744387,1.8125568113489048,14041411.7,100.0,19069654.0,18568118.0,0.37037037037035425,0.49368586992499797,1.0116332181101528,-0.9773409471583672,-2.249882676503656,0.2475099095594624,1.1212320705139198,1.1576651390781625,-0.4314893577378606,-26.31600000000026,70.0,1784.7,1782.51,0.14203219002393297,0.2842620214349445,0.42669592630666386,1.2426148381627478,3.0383792385503483,4.0842420112596756e-06,1.0002412508956158,1.0576878909644143,1.187210749843964,0.4545990705490146,90.0,3.71227598190308,3.70701098442078,0,0,0
USA,2014,20143926.0,1797.12,3.72282862663269,2.887553052866343,5.633411072901473,8.48663284022646,12.990157749288823,18.30106039108088,0.21875790849716914,1.0170366422451278,1.3529197680885534,1.9607435754172624,14453157.11875,100.0,19578584.0,19069654.0,0.32434363677977807,0.6959152798789559,0.8196307454095608,1.8261761356231698,-1.8798285605088672,-0.046026733590576185,0.9778533123024266,1.2555392440101887,-0.08615292337221322,-21.00999999999999,70.0,1791.31,1784.7,0.1420295578734354,0.2842634755888973,0.426695315400627,0.9770500869527243,2.9042198462117863,-2.6321504975612697e-06,1.0002333819065732,1.265809258646476,1.1395985925680139,0.43885631561279315,90.0,3.71754860877991,3.71227598190308,0,0,0
USA,2015,20899968.0,1808.72,3.72811627388001,3.753200840789428,6.749129559114175,9.598045145444178,14.207512854922255,18.882750712159968,0.865647787923085,1.0444866726006976,1.3700295536385174,1.9858653301221825,15016471.44375,100.0,20143926.0,19578584.0,0.6454772079772075,0.9719144090079457,1.3458844623746247,1.993379836131215,-1.114749796349035,0.32113357119742947,1.0909281866471499,1.5011906418824,0.5192971224031053,-6.811000000000149,70.0,1797.12,1791.31,0.14203305544320255,0.2842643422372948,0.42670027913198627,0.7121732129122371,2.77024171180813,3.4975697671413286e-06,1.0002405653391644,1.2658136924351153,1.1417180210950524,0.42331120967865443,90.0,3.72282862663269,3.71754860877991,0,0,0
USA,2016,21343028.0,1802.6,3.73341131210327,2.1199075520115684,5.952672780867041,9.012112418344454,14.94448710418579,18.108526225780388,-1.6332932887778595,0.9028019593388734,1.2208651208184225,1.7398844911407512,15317915.00625,100.0,20899968.0,20143926.0,-0.3383608297580665,0.3049323361823397,0.6302650015910016,1.1270624007719388,-1.565042648231274,-0.983838037735274,-0.03676296287665113,0.6083956707099836,0.4374074640703411,4.155999999999949,70.0,1808.72,1797.12,0.14202985728632989,0.2842646420754491,0.4266979397632209,0.7121729013871647,2.500661941273208,-3.19815687266356e-06,1.0002327196441385,1.2658067066161565,1.1848693922812377,0.40889878273010183,90.0,3.72811627388001,3.72282862663269,0,0,0
USA,2017,21892416.0,1795.58,3.73871397972107,2.574086488571359,4.748562294449443,8.679986215199564,14.802376592674404,18.846986814923273,0.45417893655979036,1.0337366545707463,1.2127736058411673,1.6157621297684768,15673028.290625,90.0,21343028.0,20899968.0,-0.3894374791967192,-0.72648060506878,-0.08569266381766028,0.6096262677200537,-1.8186391373766986,-0.051076649438652755,-1.0220322504140043,-0.5171066514745117,0.3137823450814175,-1.7329999999997199,70.0,1802.6,1808.72,0.14203277309974283,0.28426435933099903,0.42670116412928394,0.7121775952777076,2.231806092287636,2.915813412940338e-06,1.0002398836676172,1.2658111314485625,1.2731670916034301,0.39425582885742294,90.0,3.73341131210327,3.72811627388001,0,0,0
USA,2018,22571668.0,1804.19,3.74402379989624,3.1026817688828867,5.7566339696504265,7.998576839926264,15.287540712852365,23.92526250229494,0.5285952803115279,1.0333102282698503,1.2952287529609727,1.5785139962248973,16101047.734375,90.0,21892416.0,21343028.0,0.4795107987391356,0.08820592477534195,-0.2504533592816993,0.719026857439542,-0.2653414336176496,0.8689482779358548,0.7421157747086822,0.4758162053038569,0.9727394445792793,4.622000000000071,70.0,1795.58,1802.6,0.14202263676683646,0.28425712855599805,0.426690715836342,0.7121679876304077,1.9636323308801051,-1.0136332906363066e-05,1.0002245828574414,1.2657928022003677,1.393552913025925,0.37937314510345477,90.0,3.73871397972107,3.73341131210327,0,0,0
USA,2019,23200364.0,1796.65,3.74934148788452,2.7853324796377477,5.974434251569138,8.702307844978696,15.173000536241045,30.134154990488014,-0.31734928924513905,0.9868699878514215,1.318334476533926,1.5567033659365768,16459065.959375,90.0,22571668.0,21892416.0,-0.417916073140856,0.05959077289789949,-0.33007877510261574,-0.02615295584044164,1.7995455807443994,-0.8974268718799916,-0.45957906206044197,-0.8975006644399968,0.27361154660052794,-0.6700000000000728,70.0,1804.19,1795.58,0.14203136177788345,0.284255715229742,0.42669222460451905,0.7121698018050182,1.6961781444255086,8.725011046983866e-06,1.0002466837912318,1.2658086010193073,1.4891093805643971,0.36424679756164435,90.0,3.74402379989624,3.73871397972107,0,0,1
USA,2020,22676858.0,1777.88,3.75466680526733,-2.2564559762941694,0.4660267021471265,3.583167796555675,8.50187904593922,23.91729745922322,-5.041788455931917,-0.41407822952102774,0.46905321204174244,1.042468389588774,15958513.4,90.0,23200364.0,22571668.0,-1.044722121726549,-1.458272133201044,-0.9857539068156118,-1.705073200937679,0.25431804981477235,-0.626806048585693,-1.1090970920816308,-1.6730382415589826,-1.625349965020344,74.25999999999999,70.0,1796.65,1804.19,0.1420334050663996,0.28426649882367094,0.4266928583675833,0.7121701534187341,1.4294152513939506,2.0432885161625336e-06,1.0002388630234502,1.2658186636154833,1.4891159370431661,0.3488718509674045,90.0,3.74934148788452,3.74402379989624,1,0,0
USA,2021,24167636.0,1788.7,3.72817277908325,6.574005975607378,4.169210448594685,7.0706693010015975,13.23433582151512,30.156626535871855,8.830461951901547,1.083341994809449,1.4944323839863232,1.5842611685242933,16983982.303125,90.0,22676858.0,23200364.0,0.6085900060746496,-0.44249019007597257,-0.858557025590434,-0.7711083989792478,0.3472631289586081,1.6533121278011986,0.10154081860536128,-0.3942112847382861,-0.6452764045075919,30.332000000000107,70.0,1777.88,1796.65,-0.705629222462878,-0.5645980466082889,-0.42336859112457326,-0.14031491796892004,0.5708586985958553,-0.8476626275292776,-1.1336676020712804,-1.4530497151382913,-0.3437121675844035,0.3021668910980213,80.0,3.75466680526733,3.74934148788452,0,1,0
USA,2022,24861132.0,1789.59,3.81364345550537,2.86952352311165,9.63217214659986,7.158370446256801,13.560476833621294,30.370126274970687,-3.7044824524957276,0.8594528023567547,1.3781534419329473,1.6080549547052712,17468340.434375,90.0,24167636.0,22676858.0,0.049756806619316585,0.6586496276463905,-0.3929535524448413,-0.3335969436059627,0.27399562951755385,-0.558833199455333,0.644264992007761,-0.18481545145898867,-0.6340510989888708,7.854999999999791,70.0,1788.7,1777.88,2.2925621071439917,1.57075589650999,1.7150202996615072,2.0041510581103816,2.730601768199481,2.9981913296068696,1.1005012211292775,1.704534838983745,2.573220851577458,0.3558577299118042,90.0,3.72817277908325,3.75466680526733,0,0,0
USA,2023,25641846.0,1788.88,3.82982563972473,3.1402994843517273,6.099934639863003,13.074950683203124,13.601910146826546,30.968848411100613,0.2707759612400773,1.0191264927915367,1.2729925237478956,1.6453293683751367,17993418.953125,90.0,24861132.0,24167636.0,-0.03967389178526348,0.010063174372443306,0.6187144239206299,-0.8485802493085504,-0.135654911768468,-0.08943069840458007,-0.37543358085116607,0.08039770052940233,-0.6750694217319515,7.23700000000008,70.0,1789.59,1788.7,0.4243234693583897,2.726613455572635,2.001744451783627,2.291701239475774,3.020189989705857,-1.868238637785602,0.7191134791550933,1.2415062634607352,2.035901772564104,0.3499893188476544,90.0,3.81364345550537,3.72817277908325,0,0,0
